Season,Away,Home,Away Score,Home Score,Away Rosters,Home Rosters
2026,Sacramento Kings,Milwaukee Bucks,135,133,Zach LaVine;DeMar DeRozan;Domantas Sabonis;Russell Westbrook;Maxime Raynaud;Daeqwon Plowden;Dennis Schröder;De'Andre Hunter;Nique Clifford;Precious Achiuwa;Malik Monk;Dylan Cardwell;DaQuan Jeffries;Devin Carter;Killian Hayes;Keon Ellis;Doug McDermott;Patrick Baldwin Jr.;Isaiah Stevens;Drew Eubanks;Dario Šarić;Isaac Jones,Ryan Rollins;A.J. Green;Giannis Antetokounmpo;Myles Turner;Ousmane Dieng;Kyle Kuzma;Cormac Ryan;Bobby Portis;Taurean Prince;Gary Trent Jr.;Jericho Sims;Cam Thomas;Pete Nance;Cole Anthony;Gary Harris;Amir Coffey;Andre Jackson Jr.;Thanasis Antetokounmpo;Mark Sears;Alex Antetokounmpo
2026,Minnesota Timberwolves,Charlotte Hornets,122,105,Julius Randle;Jaden McDaniels;Rudy Gobert;Donte DiVincenzo;Ayo Dosunmu;Naz Reid;Kyle Anderson;Mike Conley;Bones Hyland;Jaylen Clark;Terrence Shannon Jr.;Rob Dillingham;Enrique Freeman;Zyon Pullin;Joan Beringer;Julian Phillips;Rocco Zikarsky;Joe Ingles;Leonard Miller;Johnny Juzang,Miles Bridges;Brandon Miller;LaMelo Ball;Moussa Diabaté;Sion James;Collin Sexton;Ryan Kalkbrenner;Grant Williams;Coby White;KJ Simpson;Josh Green;PJ Hall;Tidjane Salaün;Tre Mann;Liam McNeeley;Drew Peterson;Mason Plumlee;Pat Connaughton;Antonio Reeves;Xavier Tillman Sr.
2026,Golden State Warriors,Indiana Pacers,109,114,Stephen Curry;Brandin Podziemski;Draymond Green;Moses Moody;Jonathan Kuminga;Kristaps Porziņģis;De'Anthony Melton;Al Horford;Gui Santos;Charles Bassey;Will Richard;Pat Spencer;Buddy Hield;Quinten Post;Nate Williams;LJ Cryer;Gary Payton II;Seth Curry;Omer Yurtseven;Trayce Jackson-Davis;Malevy Leons,Bennedict Mathurin;Andrew Nembhard;Aaron Nesmith;Jarace Walker;Kobe Brown;Jalen Slawson;Ivica Zubac;Ben Sheppard;Jay Huff;Ethan Thompson;Micah Potter;Johnny Furphy;Quenton Jackson;Obi Toppin;Jeremiah Robinson-Earl;T.J. McConnell;Isaiah Jackson;Kam Jones;James Wiseman;Cody Martin;Garrison Mathews;Taelon Peter;RayJ Dennis;Mac McClung;Tony Bradley;Monte Morris
2026,Orlando Magic,Washington Wizards,125,94,Desmond Bane;Franz Wagner;Anthony Black;Wendell Carter Jr.;Jalen Suggs;Tristan Da Silva;Jevon Carter;Tyus Jones;Goga Bitadze;Noah Penda;Jett Howard;Jamal Cain;Moritz Wagner;Jase Richardson;Jonathan Isaac;Orlando Robinson;Alex Morales;Colin Castleton,CJ McCollum;Kyshawn George;Leaky Black;Bub Carrington;Alex Sarr;Bilal Coulibaly;Alondes Williams;Khris Middleton;Tre Johnson;Kadary Richmond;Will Riley;Trae Young;Jamir Watkins;Jaden Hardy;Justin Champagnie;Corey Kispert;Marvin Bagley III;Anthony Gill;Sharife Cooper;Cam Whitmore;Keshon Gilbert;Tristan Vukcevic;Skal Labissière;Malaki Branham;AJ Johnson
2026,Houston Rockets,Boston Celtics,128,101,Kevin Durant;Jabari Smith Jr.;Alperen Şengün;Reed Sheppard;Tari Eason;Steven Adams;Josh Okogie;Dorian Finney-Smith;Aaron Holiday;Clint Capela;Tristen Newton;Jae'Sean Tate;JD Davison;Isaiah Crawford;Jeff Green,Derrick White;Jayson Tatum;Payton Pritchard;Neemias Queta;Sam Hauser;Anfernee Simons;Nikola Vučević;Baylor Scheierman;Jordan Walsh;Luka Garza;Josh Minott;Hugo González;Dalano Banton;Ron Harper Jr.;Chris Boucher;Xavier Tillman Sr.;John Tonje;Amari Williams;Charles Bassey;Max Shulga
2026,Dallas Mavericks,Detroit Pistons,110,122,Anthony Davis;P.J. Washington;Naji Marshall;Max Christie;Brandon Williams;Klay Thompson;Daniel Gafford;Marvin Bagley III;Khris Middleton;Ryan Nembhard;John Poulakidas;D'Angelo Russell;Tyus Jones;Dereck Lively II;Caleb Martin;Dwight Powell;Moussa Cisse;Tyler Smith;Jaden Hardy;Jeremiah Robinson-Earl;AJ Johnson;Miles Kelly,Jalen Duren;Tobias Harris;Duncan Robinson;Ausar Thompson;Isaiah Stewart;Kevin Huerter;Daniss Jenkins;Ron Holland;Caris LeVert;Javonte Green;Jaden Ivey;Paul Reed;Marcus Sasser;Wendell Moore Jr.;Tolu Smith;Chaz Lanier;Colby Jones;Bobi Klintman;Isaac Jones
2026,New Orleans Pelicans,Oklahoma City Thunder,106,137,Saddiq Bey;Zion Williamson;Herbert Jones;Dejounte Murray;Josh Oduro;Jeremiah Fears;Derik Queen;Jordan Poole;Jose Alvarado;Bryce McGowens;Yves Missi;DeAndre Jordan;Micah Peavy;Karlo Matković;Kevon Looney;Jordan Hawkins;Trey Alexander;Hunter Dickinson,Chet Holmgren;Jalen Williams;Luguentz Dort;Cason Wallace;Ajay Mitchell;Isaiah Hartenstein;Aaron Wiggins;Isaiah Joe;Jaylin Williams;Alex Caruso;Jared McCain;Nikola Topić;Payton Sandfort;Kenrich Williams;Branden Carlson;Ousmane Dieng;Brooks Barnhizer;Chris Youngblood;Buddy Boeheim
2026,Philadelphia 76ers,Brooklyn Nets,129,105,VJ Edgecombe;Joel Embiid;Kelly Oubre Jr.;Paul George;Quentin Grimes;Dominick Barlow;Andre Drummond;Adem Bona;Cameron Payne;Jared McCain;Trendon Watford;Justin Edwards;MarJon Beauchamp;Dalen Terry;Eric Gordon;Jabari Walker;Tyrese Martin;Kyle Lowry;Johni Broome;Charles Bassey;Hunter Sallis;Patrick Baldwin Jr.,Tre Scott;Nic Claxton;Noah Clowney;Egor Dёmin;Terance Mann;Cam Thomas;Malachi Smith;Ziaire Williams;Nolan Traoré;Drake Powell;Danny Wolf;Ben Saraf;Chaney Johnson;Josh Minott;Tyrese Martin;Day'Ron Sharpe;Ochai Agbaji;Jalen Wilson;Tyson Etienne;E.J. Liddell;Grant Nelson
2026,Utah Jazz,Charlotte Hornets,103,126,Andersson Garcia;Keyonte George;Bez Mbeng;Kennedy Chandler;Walker Kessler;Ace Bailey;Jusuf Nurkić;John Konchar;Isaiah Collier;Hayden Gray;Cody Williams;Jaren Jackson Jr.;Brice Sensabaugh;Kyle Filipowski;Svi Mykhailiuk;Elijah Harkless;Blake Hinson;Kyle Anderson;Mo Bamba;Walter Clayton;Kevin Love;Oscar Tshiebwe;Taylor Hendricks;Vince Williams Jr.,Miles Bridges;Brandon Miller;LaMelo Ball;Moussa Diabaté;Sion James;Collin Sexton;Ryan Kalkbrenner;Grant Williams;Coby White;KJ Simpson;Josh Green;PJ Hall;Tidjane Salaün;Tre Mann;Liam McNeeley;Drew Peterson;Mason Plumlee;Pat Connaughton;Antonio Reeves;Xavier Tillman Sr.
2026,Atlanta Hawks,Cleveland Cavaliers,109,117,Nickeil Alexander-Walker;Dyson Daniels;Onyeka Okongwu;CJ McCollum;Trae Young;Keshon Gilbert;Kristaps Porziņģis;Zaccharie Risacher;Vít Krejčí;Jonathan Kuminga;Luke Kennard;Jock Landale;Corey Kispert;Mouhamed Gueye;Gabe Vincent;Asa Newell;RayJ Dennis;Tony Bradley;Christian Koloko;Keaton Wallace;Buddy Hield;Caleb Houstan;N'Faly Dante;Jacob Toppin,Donovan Mitchell;Evan Mobley;Darius Garland;Jarrett Allen;Jaylon Tyson;Sam Merrill;De'Andre Hunter;Keon Ellis;Max Strus;Dean Wade;Dennis Schröder;Lonzo Ball;Craig Porter Jr.;Nae'Qwan Tomlin;Larry Nance Jr.;Thomas Bryant;Tyrese Proctor;Olivier Sarr;Tristan Enaruna;Luke Travers;Riley Minix;Chris Livingston;Darius Brown II
2026,Memphis Grizzlies,Toronto Raptors,104,117,Lucas Williamson;Rayan Rupert;Jaren Jackson Jr.;Dariq Whitehead;Adama-Alpha Bal;Ja Morant;Santi Aldama;Jaylen Wells;Zach Edey;Cedric Coward;Tyler Burton;Walter Clayton;Lawson Lovering;Taylor Hendricks;Cam Spencer;Jock Landale;Ty Jerome;Kyle Anderson;Jahmai Mashack;Vince Williams Jr.;GG Jackson II;Kentavious Caldwell-Pope;Scotty Pippen Jr.;DeJon Jarreau;Javon Small;Olivier-Maxence Prosper;Christian Koloko;Charles Bassey;John Konchar;Brandon Clarke;Taj Gibson;PJ Hall,Scottie Barnes;Immanuel Quickley;RJ Barrett;Jakob Poeltl;Jamal Shead;Collin Murray-Boyles;Sandro Mamukelashvili;Ja'Kobe Walter;Ochai Agbaji;Gradey Dick;A.J. Lawson;Jamison Battle;Markelle Fultz;Chucky Hepburn;Alijah Martin;Jonathan Mogbo;Trayce Jackson-Davis;Garrett Temple;Mo Bamba
2026,Chicago Bulls,New York Knicks,116,128,Nikola Vučević;Matas Buzelis;Coby White;Jaden Ivey;Anfernee Simons;Tre Jones;Isaac Okoro;Ayo Dosunmu;Collin Sexton;Guerschon Yabusele;Kevin Huerter;Leonard Miller;Mouhamadou Gueye;Nick Richards;Rob Dillingham;Jalen Smith;Patrick Williams;Zach Collins;Mac McClung;Yuki Kawamura;Dalen Terry;Jevon Carter;Julian Phillips;Lachlan Olbrich;Emanuel Miller;Trentyn Flowers;Noa Essengue,OG Anunoby;Mikal Bridges;Karl-Anthony Towns;Josh Hart;Miles McBride;Landry Shamet;Mitchell Robinson;Jordan Clarkson;Jose Alvarado;Tyler Kolek;Mohamed Diawara;Ariel Hukporti;Guerschon Yabusele;Kevin McCullar Jr.;Jeremy Sochan;Trey Jemison;Dillon Jones;Pacôme Dadiet;Tosan Evbuomwan
2026,San Antonio Spurs,Phoenix Suns,118,130,Devin Vassell;Stephon Castle;Victor Wembanyama;Julian Champagnie;Harrison Barnes;Keldon Johnson;Dylan Harper;Luke Kornet;Jeremy Sochan;Carter Bryant;Kelly Olynyk;Mason Plumlee;Lindy Waters III;Jordan McLaughlin;David Jones García;Bismack Biyombo;Harrison Ingram;Stanley Umude;Riley Minix,Dillon Brooks;Grayson Allen;Collin Gillespie;Royce O'Neale;Jalen Green;Mark Williams;Jordan Goodwin;Oso Ighodaro;Ryan Dunn;Amir Coffey;Jamaree Bouyea;Haywood Highsmith;Rasheer Fleming;CJ Huntley;Isaiah Livers;Nick Richards;Khaman Maluach;Nigel Hayes-Davis;Koby Brea
2026,Miami Heat,Los Angeles Lakers,120,130,Tyler Herro;Andrew Wiggins;Norman Powell;Davion Mitchell;Jaime Jaquez Jr.;Pelle Larsson;Kel'el Ware;Kasparas Jakučionis;Nikola Jović;Simone Fontecchio;Dru Smith;Myron Gardner;Keshad Johnson;Jahmir Young;Vladislav Goldin;Trevor Keels,Austin Reaves;LeBron James;Marcus Smart;Rui Hachimura;Deandre Ayton;Jake LaRavia;Luke Kennard;Gabe Vincent;Jaxson Hayes;Jarred Vanderbilt;Nick Smith Jr.;Maxi Kleber;Dalton Knecht;Bronny James;Drew Timme;Kobe Bufkin;Adou Thiero;Chris Mañon;Christian Koloko
2026,Minnesota Timberwolves,Brooklyn Nets,125,109,Julius Randle;Jaden McDaniels;Rudy Gobert;Donte DiVincenzo;Ayo Dosunmu;Naz Reid;Kyle Anderson;Mike Conley;Bones Hyland;Jaylen Clark;Terrence Shannon Jr.;Rob Dillingham;Enrique Freeman;Zyon Pullin;Joan Beringer;Julian Phillips;Rocco Zikarsky;Joe Ingles;Leonard Miller;Johnny Juzang,Tre Scott;Nic Claxton;Noah Clowney;Egor Dёmin;Terance Mann;Cam Thomas;Malachi Smith;Ziaire Williams;Nolan Traoré;Drake Powell;Danny Wolf;Ben Saraf;Chaney Johnson;Josh Minott;Tyrese Martin;Day'Ron Sharpe;Ochai Agbaji;Jalen Wilson;Tyson Etienne;E.J. Liddell;Grant Nelson
2026,Milwaukee Bucks,Indiana Pacers,117,115,Ryan Rollins;A.J. Green;Giannis Antetokounmpo;Myles Turner;Ousmane Dieng;Kyle Kuzma;Cormac Ryan;Bobby Portis;Taurean Prince;Gary Trent Jr.;Jericho Sims;Cam Thomas;Pete Nance;Cole Anthony;Gary Harris;Amir Coffey;Andre Jackson Jr.;Thanasis Antetokounmpo;Mark Sears;Alex Antetokounmpo,Bennedict Mathurin;Andrew Nembhard;Aaron Nesmith;Jarace Walker;Kobe Brown;Jalen Slawson;Ivica Zubac;Ben Sheppard;Jay Huff;Ethan Thompson;Micah Potter;Johnny Furphy;Quenton Jackson;Obi Toppin;Jeremiah Robinson-Earl;T.J. McConnell;Isaiah Jackson;Kam Jones;James Wiseman;Cody Martin;Garrison Mathews;Taelon Peter;RayJ Dennis;Mac McClung;Tony Bradley;Monte Morris
2026,Utah Jazz,Boston Celtics,105,103,Andersson Garcia;Keyonte George;Bez Mbeng;Kennedy Chandler;Walker Kessler;Ace Bailey;Jusuf Nurkić;John Konchar;Isaiah Collier;Hayden Gray;Cody Williams;Jaren Jackson Jr.;Brice Sensabaugh;Kyle Filipowski;Svi Mykhailiuk;Elijah Harkless;Blake Hinson;Kyle Anderson;Mo Bamba;Walter Clayton;Kevin Love;Oscar Tshiebwe;Taylor Hendricks;Vince Williams Jr.,Derrick White;Jayson Tatum;Payton Pritchard;Neemias Queta;Sam Hauser;Anfernee Simons;Nikola Vučević;Baylor Scheierman;Jordan Walsh;Luka Garza;Josh Minott;Hugo González;Dalano Banton;Ron Harper Jr.;Chris Boucher;Xavier Tillman Sr.;John Tonje;Amari Williams;Charles Bassey;Max Shulga
2026,Washington Wizards,New York Knicks,102,119,CJ McCollum;Kyshawn George;Leaky Black;Bub Carrington;Alex Sarr;Bilal Coulibaly;Alondes Williams;Khris Middleton;Tre Johnson;Kadary Richmond;Will Riley;Trae Young;Jamir Watkins;Jaden Hardy;Justin Champagnie;Corey Kispert;Marvin Bagley III;Anthony Gill;Sharife Cooper;Cam Whitmore;Keshon Gilbert;Tristan Vukcevic;Skal Labissière;Malaki Branham;AJ Johnson,OG Anunoby;Mikal Bridges;Karl-Anthony Towns;Josh Hart;Miles McBride;Landry Shamet;Mitchell Robinson;Jordan Clarkson;Jose Alvarado;Tyler Kolek;Mohamed Diawara;Ariel Hukporti;Guerschon Yabusele;Kevin McCullar Jr.;Jeremy Sochan;Trey Jemison;Dillon Jones;Pacôme Dadiet;Tosan Evbuomwan
2026,Dallas Mavericks,Houston Rockets,102,110,Anthony Davis;P.J. Washington;Naji Marshall;Max Christie;Brandon Williams;Klay Thompson;Daniel Gafford;Marvin Bagley III;Khris Middleton;Ryan Nembhard;John Poulakidas;D'Angelo Russell;Tyus Jones;Dereck Lively II;Caleb Martin;Dwight Powell;Moussa Cisse;Tyler Smith;Jaden Hardy;Jeremiah Robinson-Earl;AJ Johnson;Miles Kelly,Kevin Durant;Jabari Smith Jr.;Alperen Şengün;Reed Sheppard;Tari Eason;Steven Adams;Josh Okogie;Dorian Finney-Smith;Aaron Holiday;Clint Capela;Tristen Newton;Jae'Sean Tate;JD Davison;Isaiah Crawford;Jeff Green
2026,Detroit Pistons,Memphis Grizzlies,114,106,Jalen Duren;Tobias Harris;Duncan Robinson;Ausar Thompson;Isaiah Stewart;Kevin Huerter;Daniss Jenkins;Ron Holland;Caris LeVert;Javonte Green;Jaden Ivey;Paul Reed;Marcus Sasser;Wendell Moore Jr.;Tolu Smith;Chaz Lanier;Colby Jones;Bobi Klintman;Isaac Jones,Lucas Williamson;Rayan Rupert;Jaren Jackson Jr.;Dariq Whitehead;Adama-Alpha Bal;Ja Morant;Santi Aldama;Jaylen Wells;Zach Edey;Cedric Coward;Tyler Burton;Walter Clayton;Lawson Lovering;Taylor Hendricks;Cam Spencer;Jock Landale;Ty Jerome;Kyle Anderson;Jahmai Mashack;Vince Williams Jr.;GG Jackson II;Kentavious Caldwell-Pope;Scotty Pippen Jr.;DeJon Jarreau;Javon Small;Olivier-Maxence Prosper;Christian Koloko;Charles Bassey;John Konchar;Brandon Clarke;Taj Gibson;PJ Hall
2026,Sacramento Kings,Denver Nuggets,124,130,Zach LaVine;DeMar DeRozan;Domantas Sabonis;Russell Westbrook;Maxime Raynaud;Daeqwon Plowden;Dennis Schröder;De'Andre Hunter;Nique Clifford;Precious Achiuwa;Malik Monk;Dylan Cardwell;DaQuan Jeffries;Devin Carter;Killian Hayes;Keon Ellis;Doug McDermott;Patrick Baldwin Jr.;Isaiah Stevens;Drew Eubanks;Dario Šarić;Isaac Jones,Nikola Jokić;Christian Braun;Cameron Johnson;Peyton Watson;Aaron Gordon;Tim Hardaway Jr.;Bruce Brown;Spencer Jones;Jalen Pickett;Julian Strawther;David Roddy;Jonas Valančiūnas;Zeke Nnaji;Curtis Jones;Tyus Jones;DaRon Holmes;Hunter Tyson;KJ Simpson
2026,Los Angeles Lakers,Portland Trail Blazers,123,115,Austin Reaves;LeBron James;Marcus Smart;Rui Hachimura;Deandre Ayton;Jake LaRavia;Luke Kennard;Gabe Vincent;Jaxson Hayes;Jarred Vanderbilt;Nick Smith Jr.;Maxi Kleber;Dalton Knecht;Bronny James;Drew Timme;Kobe Bufkin;Adou Thiero;Chris Mañon;Christian Koloko,Deni Avdija;Jerami Grant;Shaedon Sharpe;Jrue Holiday;Donovan Clingan;Scoot Henderson;Kris Murray;Caleb Love;Vít Krejčí;Sidy Cissoko;Robert Williams;Matisse Thybulle;Rayan Rupert;Blake Wesley;Duop Reath;Yang Hansen;Chris Youngblood;Javonte Cooke;Jayson Kent
2026,Miami Heat,Los Angeles Clippers,120,119,Tyler Herro;Andrew Wiggins;Norman Powell;Davion Mitchell;Jaime Jaquez Jr.;Pelle Larsson;Kel'el Ware;Kasparas Jakučionis;Nikola Jović;Simone Fontecchio;Dru Smith;Myron Gardner;Keshad Johnson;Jahmir Young;Vladislav Goldin;Trevor Keels,Kawhi Leonard;Ivica Zubac;Darius Garland;Bennedict Mathurin;Kris Dunn;John Collins;Derrick Jones Jr.;Jordan Miller;Brook Lopez;Bradley Beal;Kobe Sanders;Bogdan Bogdanović;Nicolas Batum;Isaiah Jackson;Chris Paul;Yanic Konan Niederhäuser;Cam Christie;Kobe Brown;Patrick Baldwin Jr.;TyTy Washington Jr.;Dalano Banton;Sean Pedulla;Norchad Omier;RayJ Dennis;Jahmyl Telfort
2026,Milwaukee Bucks,Toronto Raptors,100,128,Ryan Rollins;A.J. Green;Giannis Antetokounmpo;Myles Turner;Ousmane Dieng;Kyle Kuzma;Cormac Ryan;Bobby Portis;Taurean Prince;Gary Trent Jr.;Jericho Sims;Cam Thomas;Pete Nance;Cole Anthony;Gary Harris;Amir Coffey;Andre Jackson Jr.;Thanasis Antetokounmpo;Mark Sears;Alex Antetokounmpo,Scottie Barnes;Immanuel Quickley;RJ Barrett;Jakob Poeltl;Jamal Shead;Collin Murray-Boyles;Sandro Mamukelashvili;Ja'Kobe Walter;Ochai Agbaji;Gradey Dick;A.J. Lawson;Jamison Battle;Markelle Fultz;Chucky Hepburn;Alijah Martin;Jonathan Mogbo;Trayce Jackson-Davis;Garrett Temple;Mo Bamba
2026,Orlando Magic,Atlanta Hawks,112,127,Desmond Bane;Franz Wagner;Anthony Black;Wendell Carter Jr.;Jalen Suggs;Tristan Da Silva;Jevon Carter;Tyus Jones;Goga Bitadze;Noah Penda;Jett Howard;Jamal Cain;Moritz Wagner;Jase Richardson;Jonathan Isaac;Orlando Robinson;Alex Morales;Colin Castleton,Nickeil Alexander-Walker;Dyson Daniels;Onyeka Okongwu;CJ McCollum;Trae Young;Keshon Gilbert;Kristaps Porziņģis;Zaccharie Risacher;Vít Krejčí;Jonathan Kuminga;Luke Kennard;Jock Landale;Corey Kispert;Mouhamed Gueye;Gabe Vincent;Asa Newell;RayJ Dennis;Tony Bradley;Christian Koloko;Keaton Wallace;Buddy Hield;Caleb Houstan;N'Faly Dante;Jacob Toppin
2026,Philadelphia 76ers,Chicago Bulls,111,113,VJ Edgecombe;Joel Embiid;Kelly Oubre Jr.;Paul George;Quentin Grimes;Dominick Barlow;Andre Drummond;Adem Bona;Cameron Payne;Jared McCain;Trendon Watford;Justin Edwards;MarJon Beauchamp;Dalen Terry;Eric Gordon;Jabari Walker;Tyrese Martin;Kyle Lowry;Johni Broome;Charles Bassey;Hunter Sallis;Patrick Baldwin Jr.,Nikola Vučević;Matas Buzelis;Coby White;Jaden Ivey;Anfernee Simons;Tre Jones;Isaac Okoro;Ayo Dosunmu;Collin Sexton;Guerschon Yabusele;Kevin Huerter;Leonard Miller;Mouhamadou Gueye;Nick Richards;Rob Dillingham;Jalen Smith;Patrick Williams;Zach Collins;Mac McClung;Yuki Kawamura;Dalen Terry;Jevon Carter;Julian Phillips;Lachlan Olbrich;Emanuel Miller;Trentyn Flowers;Noa Essengue
2026,Charlotte Hornets,New Orleans Pelicans,112,116,Miles Bridges;Brandon Miller;LaMelo Ball;Moussa Diabaté;Sion James;Collin Sexton;Ryan Kalkbrenner;Grant Williams;Coby White;KJ Simpson;Josh Green;PJ Hall;Tidjane Salaün;Tre Mann;Liam McNeeley;Drew Peterson;Mason Plumlee;Pat Connaughton;Antonio Reeves;Xavier Tillman Sr.,Saddiq Bey;Zion Williamson;Herbert Jones;Dejounte Murray;Josh Oduro;Jeremiah Fears;Derik Queen;Jordan Poole;Jose Alvarado;Bryce McGowens;Yves Missi;DeAndre Jordan;Micah Peavy;Karlo Matković;Kevon Looney;Jordan Hawkins;Trey Alexander;Hunter Dickinson
2026,Phoenix Suns,Golden State Warriors,107,118,Dillon Brooks;Grayson Allen;Collin Gillespie;Royce O'Neale;Jalen Green;Mark Williams;Jordan Goodwin;Oso Ighodaro;Ryan Dunn;Amir Coffey;Jamaree Bouyea;Haywood Highsmith;Rasheer Fleming;CJ Huntley;Isaiah Livers;Nick Richards;Khaman Maluach;Nigel Hayes-Davis;Koby Brea,Stephen Curry;Brandin Podziemski;Draymond Green;Moses Moody;Jonathan Kuminga;Kristaps Porziņģis;De'Anthony Melton;Al Horford;Gui Santos;Charles Bassey;Will Richard;Pat Spencer;Buddy Hield;Quinten Post;Nate Williams;LJ Cryer;Gary Payton II;Seth Curry;Omer Yurtseven;Trayce Jackson-Davis;Malevy Leons
2026,Oklahoma City Thunder,Los Angeles Clippers,126,107,Chet Holmgren;Jalen Williams;Luguentz Dort;Cason Wallace;Ajay Mitchell;Isaiah Hartenstein;Aaron Wiggins;Isaiah Joe;Jaylin Williams;Alex Caruso;Jared McCain;Nikola Topić;Payton Sandfort;Kenrich Williams;Branden Carlson;Ousmane Dieng;Brooks Barnhizer;Chris Youngblood;Buddy Boeheim,Kawhi Leonard;Ivica Zubac;Darius Garland;Bennedict Mathurin;Kris Dunn;John Collins;Derrick Jones Jr.;Jordan Miller;Brook Lopez;Bradley Beal;Kobe Sanders;Bogdan Bogdanović;Nicolas Batum;Isaiah Jackson;Chris Paul;Yanic Konan Niederhäuser;Cam Christie;Kobe Brown;Patrick Baldwin Jr.;TyTy Washington Jr.;Dalano Banton;Sean Pedulla;Norchad Omier;RayJ Dennis;Jahmyl Telfort
2026,Philadelphia 76ers,Cleveland Cavaliers,121,132,VJ Edgecombe;Joel Embiid;Kelly Oubre Jr.;Paul George;Quentin Grimes;Dominick Barlow;Andre Drummond;Adem Bona;Cameron Payne;Jared McCain;Trendon Watford;Justin Edwards;MarJon Beauchamp;Dalen Terry;Eric Gordon;Jabari Walker;Tyrese Martin;Kyle Lowry;Johni Broome;Charles Bassey;Hunter Sallis;Patrick Baldwin Jr.,Donovan Mitchell;Evan Mobley;Darius Garland;Jarrett Allen;Jaylon Tyson;Sam Merrill;De'Andre Hunter;Keon Ellis;Max Strus;Dean Wade;Dennis Schröder;Lonzo Ball;Craig Porter Jr.;Nae'Qwan Tomlin;Larry Nance Jr.;Thomas Bryant;Tyrese Proctor;Olivier Sarr;Tristan Enaruna;Luke Travers;Riley Minix;Chris Livingston;Darius Brown II
2026,Utah Jazz,Detroit Pistons,103,114,Andersson Garcia;Keyonte George;Bez Mbeng;Kennedy Chandler;Walker Kessler;Ace Bailey;Jusuf Nurkić;John Konchar;Isaiah Collier;Hayden Gray;Cody Williams;Jaren Jackson Jr.;Brice Sensabaugh;Kyle Filipowski;Svi Mykhailiuk;Elijah Harkless;Blake Hinson;Kyle Anderson;Mo Bamba;Walter Clayton;Kevin Love;Oscar Tshiebwe;Taylor Hendricks;Vince Williams Jr.,Jalen Duren;Tobias Harris;Duncan Robinson;Ausar Thompson;Isaiah Stewart;Kevin Huerter;Daniss Jenkins;Ron Holland;Caris LeVert;Javonte Green;Jaden Ivey;Paul Reed;Marcus Sasser;Wendell Moore Jr.;Tolu Smith;Chaz Lanier;Colby Jones;Bobi Klintman;Isaac Jones
2026,Brooklyn Nets,Indiana Pacers,112,103,Tre Scott;Nic Claxton;Noah Clowney;Egor Dёmin;Terance Mann;Cam Thomas;Malachi Smith;Ziaire Williams;Nolan Traoré;Drake Powell;Danny Wolf;Ben Saraf;Chaney Johnson;Josh Minott;Tyrese Martin;Day'Ron Sharpe;Ochai Agbaji;Jalen Wilson;Tyson Etienne;E.J. Liddell;Grant Nelson,Bennedict Mathurin;Andrew Nembhard;Aaron Nesmith;Jarace Walker;Kobe Brown;Jalen Slawson;Ivica Zubac;Ben Sheppard;Jay Huff;Ethan Thompson;Micah Potter;Johnny Furphy;Quenton Jackson;Obi Toppin;Jeremiah Robinson-Earl;T.J. McConnell;Isaiah Jackson;Kam Jones;James Wiseman;Cody Martin;Garrison Mathews;Taelon Peter;RayJ Dennis;Mac McClung;Tony Bradley;Monte Morris
2026,Washington Wizards,Boston Celtics,107,136,CJ McCollum;Kyshawn George;Leaky Black;Bub Carrington;Alex Sarr;Bilal Coulibaly;Alondes Williams;Khris Middleton;Tre Johnson;Kadary Richmond;Will Riley;Trae Young;Jamir Watkins;Jaden Hardy;Justin Champagnie;Corey Kispert;Marvin Bagley III;Anthony Gill;Sharife Cooper;Cam Whitmore;Keshon Gilbert;Tristan Vukcevic;Skal Labissière;Malaki Branham;AJ Johnson,Derrick White;Jayson Tatum;Payton Pritchard;Neemias Queta;Sam Hauser;Anfernee Simons;Nikola Vučević;Baylor Scheierman;Jordan Walsh;Luka Garza;Josh Minott;Hugo González;Dalano Banton;Ron Harper Jr.;Chris Boucher;Xavier Tillman Sr.;John Tonje;Amari Williams;Charles Bassey;Max Shulga
2026,Minnesota Timberwolves,New York Knicks,114,137,Julius Randle;Jaden McDaniels;Rudy Gobert;Donte DiVincenzo;Ayo Dosunmu;Naz Reid;Kyle Anderson;Mike Conley;Bones Hyland;Jaylen Clark;Terrence Shannon Jr.;Rob Dillingham;Enrique Freeman;Zyon Pullin;Joan Beringer;Julian Phillips;Rocco Zikarsky;Joe Ingles;Leonard Miller;Johnny Juzang,OG Anunoby;Mikal Bridges;Karl-Anthony Towns;Josh Hart;Miles McBride;Landry Shamet;Mitchell Robinson;Jordan Clarkson;Jose Alvarado;Tyler Kolek;Mohamed Diawara;Ariel Hukporti;Guerschon Yabusele;Kevin McCullar Jr.;Jeremy Sochan;Trey Jemison;Dillon Jones;Pacôme Dadiet;Tosan Evbuomwan
2026,Houston Rockets,Memphis Grizzlies,124,109,Kevin Durant;Jabari Smith Jr.;Alperen Şengün;Reed Sheppard;Tari Eason;Steven Adams;Josh Okogie;Dorian Finney-Smith;Aaron Holiday;Clint Capela;Tristen Newton;Jae'Sean Tate;JD Davison;Isaiah Crawford;Jeff Green,Lucas Williamson;Rayan Rupert;Jaren Jackson Jr.;Dariq Whitehead;Adama-Alpha Bal;Ja Morant;Santi Aldama;Jaylen Wells;Zach Edey;Cedric Coward;Tyler Burton;Walter Clayton;Lawson Lovering;Taylor Hendricks;Cam Spencer;Jock Landale;Ty Jerome;Kyle Anderson;Jahmai Mashack;Vince Williams Jr.;GG Jackson II;Kentavious Caldwell-Pope;Scotty Pippen Jr.;DeJon Jarreau;Javon Small;Olivier-Maxence Prosper;Christian Koloko;Charles Bassey;John Konchar;Brandon Clarke;Taj Gibson;PJ Hall
2026,New Orleans Pelicans,Dallas Mavericks,101,99,Saddiq Bey;Zion Williamson;Herbert Jones;Dejounte Murray;Josh Oduro;Jeremiah Fears;Derik Queen;Jordan Poole;Jose Alvarado;Bryce McGowens;Yves Missi;DeAndre Jordan;Micah Peavy;Karlo Matković;Kevon Looney;Jordan Hawkins;Trey Alexander;Hunter Dickinson,Anthony Davis;P.J. Washington;Naji Marshall;Max Christie;Brandon Williams;Klay Thompson;Daniel Gafford;Marvin Bagley III;Khris Middleton;Ryan Nembhard;John Poulakidas;D'Angelo Russell;Tyus Jones;Dereck Lively II;Caleb Martin;Dwight Powell;Moussa Cisse;Tyler Smith;Jaden Hardy;Jeremiah Robinson-Earl;AJ Johnson;Miles Kelly
2026,Miami Heat,Denver Nuggets,112,122,Tyler Herro;Andrew Wiggins;Norman Powell;Davion Mitchell;Jaime Jaquez Jr.;Pelle Larsson;Kel'el Ware;Kasparas Jakučionis;Nikola Jović;Simone Fontecchio;Dru Smith;Myron Gardner;Keshad Johnson;Jahmir Young;Vladislav Goldin;Trevor Keels,Nikola Jokić;Christian Braun;Cameron Johnson;Peyton Watson;Aaron Gordon;Tim Hardaway Jr.;Bruce Brown;Spencer Jones;Jalen Pickett;Julian Strawther;David Roddy;Jonas Valančiūnas;Zeke Nnaji;Curtis Jones;Tyus Jones;DaRon Holmes;Hunter Tyson;KJ Simpson
2026,San Antonio Spurs,Los Angeles Lakers,116,118,Devin Vassell;Stephon Castle;Victor Wembanyama;Julian Champagnie;Harrison Barnes;Keldon Johnson;Dylan Harper;Luke Kornet;Jeremy Sochan;Carter Bryant;Kelly Olynyk;Mason Plumlee;Lindy Waters III;Jordan McLaughlin;David Jones García;Bismack Biyombo;Harrison Ingram;Stanley Umude;Riley Minix,Austin Reaves;LeBron James;Marcus Smart;Rui Hachimura;Deandre Ayton;Jake LaRavia;Luke Kennard;Gabe Vincent;Jaxson Hayes;Jarred Vanderbilt;Nick Smith Jr.;Maxi Kleber;Dalton Knecht;Bronny James;Drew Timme;Kobe Bufkin;Adou Thiero;Chris Mañon;Christian Koloko
2026,Oklahoma City Thunder,Portland Trail Blazers,119,121,Chet Holmgren;Jalen Williams;Luguentz Dort;Cason Wallace;Ajay Mitchell;Isaiah Hartenstein;Aaron Wiggins;Isaiah Joe;Jaylin Williams;Alex Caruso;Jared McCain;Nikola Topić;Payton Sandfort;Kenrich Williams;Branden Carlson;Ousmane Dieng;Brooks Barnhizer;Chris Youngblood;Buddy Boeheim,Deni Avdija;Jerami Grant;Shaedon Sharpe;Jrue Holiday;Donovan Clingan;Scoot Henderson;Kris Murray;Caleb Love;Vít Krejčí;Sidy Cissoko;Robert Williams;Matisse Thybulle;Rayan Rupert;Blake Wesley;Duop Reath;Yang Hansen;Chris Youngblood;Javonte Cooke;Jayson Kent
2026,Golden State Warriors,Sacramento Kings,116,121,Stephen Curry;Brandin Podziemski;Draymond Green;Moses Moody;Jonathan Kuminga;Kristaps Porziņģis;De'Anthony Melton;Al Horford;Gui Santos;Charles Bassey;Will Richard;Pat Spencer;Buddy Hield;Quinten Post;Nate Williams;LJ Cryer;Gary Payton II;Seth Curry;Omer Yurtseven;Trayce Jackson-Davis;Malevy Leons,Zach LaVine;DeMar DeRozan;Domantas Sabonis;Russell Westbrook;Maxime Raynaud;Daeqwon Plowden;Dennis Schröder;De'Andre Hunter;Nique Clifford;Precious Achiuwa;Malik Monk;Dylan Cardwell;DaQuan Jeffries;Devin Carter;Killian Hayes;Keon Ellis;Doug McDermott;Patrick Baldwin Jr.;Isaiah Stevens;Drew Eubanks;Dario Šarić;Isaac Jones
2026,Los Angeles Clippers,Phoenix Suns,102,115,Kawhi Leonard;Ivica Zubac;Darius Garland;Bennedict Mathurin;Kris Dunn;John Collins;Derrick Jones Jr.;Jordan Miller;Brook Lopez;Bradley Beal;Kobe Sanders;Bogdan Bogdanović;Nicolas Batum;Isaiah Jackson;Chris Paul;Yanic Konan Niederhäuser;Cam Christie;Kobe Brown;Patrick Baldwin Jr.;TyTy Washington Jr.;Dalano Banton;Sean Pedulla;Norchad Omier;RayJ Dennis;Jahmyl Telfort,Dillon Brooks;Grayson Allen;Collin Gillespie;Royce O'Neale;Jalen Green;Mark Williams;Jordan Goodwin;Oso Ighodaro;Ryan Dunn;Amir Coffey;Jamaree Bouyea;Haywood Highsmith;Rasheer Fleming;CJ Huntley;Isaiah Livers;Nick Richards;Khaman Maluach;Nigel Hayes-Davis;Koby Brea
2026,Boston Celtics,Orlando Magic,110,123,Derrick White;Jayson Tatum;Payton Pritchard;Neemias Queta;Sam Hauser;Anfernee Simons;Nikola Vučević;Baylor Scheierman;Jordan Walsh;Luka Garza;Josh Minott;Hugo González;Dalano Banton;Ron Harper Jr.;Chris Boucher;Xavier Tillman Sr.;John Tonje;Amari Williams;Charles Bassey;Max Shulga,Desmond Bane;Franz Wagner;Anthony Black;Wendell Carter Jr.;Jalen Suggs;Tristan Da Silva;Jevon Carter;Tyus Jones;Goga Bitadze;Noah Penda;Jett Howard;Jamal Cain;Moritz Wagner;Jase Richardson;Jonathan Isaac;Orlando Robinson;Alex Morales;Colin Castleton
2026,Cleveland Cavaliers,Washington Wizards,148,115,Donovan Mitchell;Evan Mobley;Darius Garland;Jarrett Allen;Jaylon Tyson;Sam Merrill;De'Andre Hunter;Keon Ellis;Max Strus;Dean Wade;Dennis Schröder;Lonzo Ball;Craig Porter Jr.;Nae'Qwan Tomlin;Larry Nance Jr.;Thomas Bryant;Tyrese Proctor;Olivier Sarr;Tristan Enaruna;Luke Travers;Riley Minix;Chris Livingston;Darius Brown II,CJ McCollum;Kyshawn George;Leaky Black;Bub Carrington;Alex Sarr;Bilal Coulibaly;Alondes Williams;Khris Middleton;Tre Johnson;Kadary Richmond;Will Riley;Trae Young;Jamir Watkins;Jaden Hardy;Justin Champagnie;Corey Kispert;Marvin Bagley III;Anthony Gill;Sharife Cooper;Cam Whitmore;Keshon Gilbert;Tristan Vukcevic;Skal Labissière;Malaki Branham;AJ Johnson
2026,Toronto Raptors,Atlanta Hawks,109,97,Scottie Barnes;Immanuel Quickley;RJ Barrett;Jakob Poeltl;Jamal Shead;Collin Murray-Boyles;Sandro Mamukelashvili;Ja'Kobe Walter;Ochai Agbaji;Gradey Dick;A.J. Lawson;Jamison Battle;Markelle Fultz;Chucky Hepburn;Alijah Martin;Jonathan Mogbo;Trayce Jackson-Davis;Garrett Temple;Mo Bamba,Nickeil Alexander-Walker;Dyson Daniels;Onyeka Okongwu;CJ McCollum;Trae Young;Keshon Gilbert;Kristaps Porziņģis;Zaccharie Risacher;Vít Krejčí;Jonathan Kuminga;Luke Kennard;Jock Landale;Corey Kispert;Mouhamed Gueye;Gabe Vincent;Asa Newell;RayJ Dennis;Tony Bradley;Christian Koloko;Keaton Wallace;Buddy Hield;Caleb Houstan;N'Faly Dante;Jacob Toppin
2026,Detroit Pistons,Brooklyn Nets,125,107,Jalen Duren;Tobias Harris;Duncan Robinson;Ausar Thompson;Isaiah Stewart;Kevin Huerter;Daniss Jenkins;Ron Holland;Caris LeVert;Javonte Green;Jaden Ivey;Paul Reed;Marcus Sasser;Wendell Moore Jr.;Tolu Smith;Chaz Lanier;Colby Jones;Bobi Klintman;Isaac Jones,Tre Scott;Nic Claxton;Noah Clowney;Egor Dёmin;Terance Mann;Cam Thomas;Malachi Smith;Ziaire Williams;Nolan Traoré;Drake Powell;Danny Wolf;Ben Saraf;Chaney Johnson;Josh Minott;Tyrese Martin;Day'Ron Sharpe;Ochai Agbaji;Jalen Wilson;Tyson Etienne;E.J. Liddell;Grant Nelson
2026,Houston Rockets,San Antonio Spurs,110,121,Kevin Durant;Jabari Smith Jr.;Alperen Şengün;Reed Sheppard;Tari Eason;Steven Adams;Josh Okogie;Dorian Finney-Smith;Aaron Holiday;Clint Capela;Tristen Newton;Jae'Sean Tate;JD Davison;Isaiah Crawford;Jeff Green,Devin Vassell;Stephon Castle;Victor Wembanyama;Julian Champagnie;Harrison Barnes;Keldon Johnson;Dylan Harper;Luke Kornet;Jeremy Sochan;Carter Bryant;Kelly Olynyk;Mason Plumlee;Lindy Waters III;Jordan McLaughlin;David Jones García;Bismack Biyombo;Harrison Ingram;Stanley Umude;Riley Minix
2026,Dallas Mavericks,Memphis Grizzlies,104,118,Anthony Davis;P.J. Washington;Naji Marshall;Max Christie;Brandon Williams;Klay Thompson;Daniel Gafford;Marvin Bagley III;Khris Middleton;Ryan Nembhard;John Poulakidas;D'Angelo Russell;Tyus Jones;Dereck Lively II;Caleb Martin;Dwight Powell;Moussa Cisse;Tyler Smith;Jaden Hardy;Jeremiah Robinson-Earl;AJ Johnson;Miles Kelly,Lucas Williamson;Rayan Rupert;Jaren Jackson Jr.;Dariq Whitehead;Adama-Alpha Bal;Ja Morant;Santi Aldama;Jaylen Wells;Zach Edey;Cedric Coward;Tyler Burton;Walter Clayton;Lawson Lovering;Taylor Hendricks;Cam Spencer;Jock Landale;Ty Jerome;Kyle Anderson;Jahmai Mashack;Vince Williams Jr.;GG Jackson II;Kentavious Caldwell-Pope;Scotty Pippen Jr.;DeJon Jarreau;Javon Small;Olivier-Maxence Prosper;Christian Koloko;Charles Bassey;John Konchar;Brandon Clarke;Taj Gibson;PJ Hall
2026,Charlotte Hornets,Miami Heat,108,126,Miles Bridges;Brandon Miller;LaMelo Ball;Moussa Diabaté;Sion James;Collin Sexton;Ryan Kalkbrenner;Grant Williams;Coby White;KJ Simpson;Josh Green;PJ Hall;Tidjane Salaün;Tre Mann;Liam McNeeley;Drew Peterson;Mason Plumlee;Pat Connaughton;Antonio Reeves;Xavier Tillman Sr.,Tyler Herro;Andrew Wiggins;Norman Powell;Davion Mitchell;Jaime Jaquez Jr.;Pelle Larsson;Kel'el Ware;Kasparas Jakučionis;Nikola Jović;Simone Fontecchio;Dru Smith;Myron Gardner;Keshad Johnson;Jahmir Young;Vladislav Goldin;Trevor Keels
2026,Chicago Bulls,Milwaukee Bucks,110,126,Nikola Vučević;Matas Buzelis;Coby White;Jaden Ivey;Anfernee Simons;Tre Jones;Isaac Okoro;Ayo Dosunmu;Collin Sexton;Guerschon Yabusele;Kevin Huerter;Leonard Miller;Mouhamadou Gueye;Nick Richards;Rob Dillingham;Jalen Smith;Patrick Williams;Zach Collins;Mac McClung;Yuki Kawamura;Dalen Terry;Jevon Carter;Julian Phillips;Lachlan Olbrich;Emanuel Miller;Trentyn Flowers;Noa Essengue,Ryan Rollins;A.J. Green;Giannis Antetokounmpo;Myles Turner;Ousmane Dieng;Kyle Kuzma;Cormac Ryan;Bobby Portis;Taurean Prince;Gary Trent Jr.;Jericho Sims;Cam Thomas;Pete Nance;Cole Anthony;Gary Harris;Amir Coffey;Andre Jackson Jr.;Thanasis Antetokounmpo;Mark Sears;Alex Antetokounmpo
2026,Utah Jazz,Minnesota Timberwolves,97,137,Andersson Garcia;Keyonte George;Bez Mbeng;Kennedy Chandler;Walker Kessler;Ace Bailey;Jusuf Nurkić;John Konchar;Isaiah Collier;Hayden Gray;Cody Williams;Jaren Jackson Jr.;Brice Sensabaugh;Kyle Filipowski;Svi Mykhailiuk;Elijah Harkless;Blake Hinson;Kyle Anderson;Mo Bamba;Walter Clayton;Kevin Love;Oscar Tshiebwe;Taylor Hendricks;Vince Williams Jr.,Julius Randle;Jaden McDaniels;Rudy Gobert;Donte DiVincenzo;Ayo Dosunmu;Naz Reid;Kyle Anderson;Mike Conley;Bones Hyland;Jaylen Clark;Terrence Shannon Jr.;Rob Dillingham;Enrique Freeman;Zyon Pullin;Joan Beringer;Julian Phillips;Rocco Zikarsky;Joe Ingles;Leonard Miller;Johnny Juzang
2026,Golden State Warriors,Denver Nuggets,104,129,Stephen Curry;Brandin Podziemski;Draymond Green;Moses Moody;Jonathan Kuminga;Kristaps Porziņģis;De'Anthony Melton;Al Horford;Gui Santos;Charles Bassey;Will Richard;Pat Spencer;Buddy Hield;Quinten Post;Nate Williams;LJ Cryer;Gary Payton II;Seth Curry;Omer Yurtseven;Trayce Jackson-Davis;Malevy Leons,Nikola Jokić;Christian Braun;Cameron Johnson;Peyton Watson;Aaron Gordon;Tim Hardaway Jr.;Bruce Brown;Spencer Jones;Jalen Pickett;Julian Strawther;David Roddy;Jonas Valančiūnas;Zeke Nnaji;Curtis Jones;Tyus Jones;DaRon Holmes;Hunter Tyson;KJ Simpson
2026,Oklahoma City Thunder,Sacramento Kings,132,101,Chet Holmgren;Jalen Williams;Luguentz Dort;Cason Wallace;Ajay Mitchell;Isaiah Hartenstein;Aaron Wiggins;Isaiah Joe;Jaylin Williams;Alex Caruso;Jared McCain;Nikola Topić;Payton Sandfort;Kenrich Williams;Branden Carlson;Ousmane Dieng;Brooks Barnhizer;Chris Youngblood;Buddy Boeheim,Zach LaVine;DeMar DeRozan;Domantas Sabonis;Russell Westbrook;Maxime Raynaud;Daeqwon Plowden;Dennis Schröder;De'Andre Hunter;Nique Clifford;Precious Achiuwa;Malik Monk;Dylan Cardwell;DaQuan Jeffries;Devin Carter;Killian Hayes;Keon Ellis;Doug McDermott;Patrick Baldwin Jr.;Isaiah Stevens;Drew Eubanks;Dario Šarić;Isaac Jones
2026,Dallas Mavericks,Washington Wizards,111,105,Anthony Davis;P.J. Washington;Naji Marshall;Max Christie;Brandon Williams;Klay Thompson;Daniel Gafford;Marvin Bagley III;Khris Middleton;Ryan Nembhard;John Poulakidas;D'Angelo Russell;Tyus Jones;Dereck Lively II;Caleb Martin;Dwight Powell;Moussa Cisse;Tyler Smith;Jaden Hardy;Jeremiah Robinson-Earl;AJ Johnson;Miles Kelly,CJ McCollum;Kyshawn George;Leaky Black;Bub Carrington;Alex Sarr;Bilal Coulibaly;Alondes Williams;Khris Middleton;Tre Johnson;Kadary Richmond;Will Riley;Trae Young;Jamir Watkins;Jaden Hardy;Justin Champagnie;Corey Kispert;Marvin Bagley III;Anthony Gill;Sharife Cooper;Cam Whitmore;Keshon Gilbert;Tristan Vukcevic;Skal Labissière;Malaki Branham;AJ Johnson
2026,Toronto Raptors,Philadelphia 76ers,120,130,Scottie Barnes;Immanuel Quickley;RJ Barrett;Jakob Poeltl;Jamal Shead;Collin Murray-Boyles;Sandro Mamukelashvili;Ja'Kobe Walter;Ochai Agbaji;Gradey Dick;A.J. Lawson;Jamison Battle;Markelle Fultz;Chucky Hepburn;Alijah Martin;Jonathan Mogbo;Trayce Jackson-Davis;Garrett Temple;Mo Bamba,VJ Edgecombe;Joel Embiid;Kelly Oubre Jr.;Paul George;Quentin Grimes;Dominick Barlow;Andre Drummond;Adem Bona;Cameron Payne;Jared McCain;Trendon Watford;Justin Edwards;MarJon Beauchamp;Dalen Terry;Eric Gordon;Jabari Walker;Tyrese Martin;Kyle Lowry;Johni Broome;Charles Bassey;Hunter Sallis;Patrick Baldwin Jr.
2026,Los Angeles Lakers,Atlanta Hawks,102,122,Austin Reaves;LeBron James;Marcus Smart;Rui Hachimura;Deandre Ayton;Jake LaRavia;Luke Kennard;Gabe Vincent;Jaxson Hayes;Jarred Vanderbilt;Nick Smith Jr.;Maxi Kleber;Dalton Knecht;Bronny James;Drew Timme;Kobe Bufkin;Adou Thiero;Chris Mañon;Christian Koloko,Nickeil Alexander-Walker;Dyson Daniels;Onyeka Okongwu;CJ McCollum;Trae Young;Keshon Gilbert;Kristaps Porziņģis;Zaccharie Risacher;Vít Krejčí;Jonathan Kuminga;Luke Kennard;Jock Landale;Corey Kispert;Mouhamed Gueye;Gabe Vincent;Asa Newell;RayJ Dennis;Tony Bradley;Christian Koloko;Keaton Wallace;Buddy Hield;Caleb Houstan;N'Faly Dante;Jacob Toppin
2026,Chicago Bulls,Cleveland Cavaliers,122,128,Nikola Vučević;Matas Buzelis;Coby White;Jaden Ivey;Anfernee Simons;Tre Jones;Isaac Okoro;Ayo Dosunmu;Collin Sexton;Guerschon Yabusele;Kevin Huerter;Leonard Miller;Mouhamadou Gueye;Nick Richards;Rob Dillingham;Jalen Smith;Patrick Williams;Zach Collins;Mac McClung;Yuki Kawamura;Dalen Terry;Jevon Carter;Julian Phillips;Lachlan Olbrich;Emanuel Miller;Trentyn Flowers;Noa Essengue,Donovan Mitchell;Evan Mobley;Darius Garland;Jarrett Allen;Jaylon Tyson;Sam Merrill;De'Andre Hunter;Keon Ellis;Max Strus;Dean Wade;Dennis Schröder;Lonzo Ball;Craig Porter Jr.;Nae'Qwan Tomlin;Larry Nance Jr.;Thomas Bryant;Tyrese Proctor;Olivier Sarr;Tristan Enaruna;Luke Travers;Riley Minix;Chris Livingston;Darius Brown II
2026,Portland Trail Blazers,Miami Heat,131,136,Deni Avdija;Jerami Grant;Shaedon Sharpe;Jrue Holiday;Donovan Clingan;Scoot Henderson;Kris Murray;Caleb Love;Vít Krejčí;Sidy Cissoko;Robert Williams;Matisse Thybulle;Rayan Rupert;Blake Wesley;Duop Reath;Yang Hansen;Chris Youngblood;Javonte Cooke;Jayson Kent,Tyler Herro;Andrew Wiggins;Norman Powell;Davion Mitchell;Jaime Jaquez Jr.;Pelle Larsson;Kel'el Ware;Kasparas Jakučionis;Nikola Jović;Simone Fontecchio;Dru Smith;Myron Gardner;Keshad Johnson;Jahmir Young;Vladislav Goldin;Trevor Keels
2026,New Orleans Pelicans,San Antonio Spurs,119,126,Saddiq Bey;Zion Williamson;Herbert Jones;Dejounte Murray;Josh Oduro;Jeremiah Fears;Derik Queen;Jordan Poole;Jose Alvarado;Bryce McGowens;Yves Missi;DeAndre Jordan;Micah Peavy;Karlo Matković;Kevon Looney;Jordan Hawkins;Trey Alexander;Hunter Dickinson,Devin Vassell;Stephon Castle;Victor Wembanyama;Julian Champagnie;Harrison Barnes;Keldon Johnson;Dylan Harper;Luke Kornet;Jeremy Sochan;Carter Bryant;Kelly Olynyk;Mason Plumlee;Lindy Waters III;Jordan McLaughlin;David Jones García;Bismack Biyombo;Harrison Ingram;Stanley Umude;Riley Minix
2026,Indiana Pacers,Denver Nuggets,100,117,Bennedict Mathurin;Andrew Nembhard;Aaron Nesmith;Jarace Walker;Kobe Brown;Jalen Slawson;Ivica Zubac;Ben Sheppard;Jay Huff;Ethan Thompson;Micah Potter;Johnny Furphy;Quenton Jackson;Obi Toppin;Jeremiah Robinson-Earl;T.J. McConnell;Isaiah Jackson;Kam Jones;James Wiseman;Cody Martin;Garrison Mathews;Taelon Peter;RayJ Dennis;Mac McClung;Tony Bradley;Monte Morris,Nikola Jokić;Christian Braun;Cameron Johnson;Peyton Watson;Aaron Gordon;Tim Hardaway Jr.;Bruce Brown;Spencer Jones;Jalen Pickett;Julian Strawther;David Roddy;Jonas Valančiūnas;Zeke Nnaji;Curtis Jones;Tyus Jones;DaRon Holmes;Hunter Tyson;KJ Simpson
2026,Phoenix Suns,Los Angeles Clippers,114,103,Dillon Brooks;Grayson Allen;Collin Gillespie;Royce O'Neale;Jalen Green;Mark Williams;Jordan Goodwin;Oso Ighodaro;Ryan Dunn;Amir Coffey;Jamaree Bouyea;Haywood Highsmith;Rasheer Fleming;CJ Huntley;Isaiah Livers;Nick Richards;Khaman Maluach;Nigel Hayes-Davis;Koby Brea,Kawhi Leonard;Ivica Zubac;Darius Garland;Bennedict Mathurin;Kris Dunn;John Collins;Derrick Jones Jr.;Jordan Miller;Brook Lopez;Bradley Beal;Kobe Sanders;Bogdan Bogdanović;Nicolas Batum;Isaiah Jackson;Chris Paul;Yanic Konan Niederhäuser;Cam Christie;Kobe Brown;Patrick Baldwin Jr.;TyTy Washington Jr.;Dalano Banton;Sean Pedulla;Norchad Omier;RayJ Dennis;Jahmyl Telfort
2026,Houston Rockets,Milwaukee Bucks,122,115,Kevin Durant;Jabari Smith Jr.;Alperen Şengün;Reed Sheppard;Tari Eason;Steven Adams;Josh Okogie;Dorian Finney-Smith;Aaron Holiday;Clint Capela;Tristen Newton;Jae'Sean Tate;JD Davison;Isaiah Crawford;Jeff Green,Ryan Rollins;A.J. Green;Giannis Antetokounmpo;Myles Turner;Ousmane Dieng;Kyle Kuzma;Cormac Ryan;Bobby Portis;Taurean Prince;Gary Trent Jr.;Jericho Sims;Cam Thomas;Pete Nance;Cole Anthony;Gary Harris;Amir Coffey;Andre Jackson Jr.;Thanasis Antetokounmpo;Mark Sears;Alex Antetokounmpo
2026,Oklahoma City Thunder,Memphis Grizzlies,114,100,Chet Holmgren;Jalen Williams;Luguentz Dort;Cason Wallace;Ajay Mitchell;Isaiah Hartenstein;Aaron Wiggins;Isaiah Joe;Jaylin Williams;Alex Caruso;Jared McCain;Nikola Topić;Payton Sandfort;Kenrich Williams;Branden Carlson;Ousmane Dieng;Brooks Barnhizer;Chris Youngblood;Buddy Boeheim,Lucas Williamson;Rayan Rupert;Jaren Jackson Jr.;Dariq Whitehead;Adama-Alpha Bal;Ja Morant;Santi Aldama;Jaylen Wells;Zach Edey;Cedric Coward;Tyler Burton;Walter Clayton;Lawson Lovering;Taylor Hendricks;Cam Spencer;Jock Landale;Ty Jerome;Kyle Anderson;Jahmai Mashack;Vince Williams Jr.;GG Jackson II;Kentavious Caldwell-Pope;Scotty Pippen Jr.;DeJon Jarreau;Javon Small;Olivier-Maxence Prosper;Christian Koloko;Charles Bassey;John Konchar;Brandon Clarke;Taj Gibson;PJ Hall
2026,Brooklyn Nets,New York Knicks,98,134,Tre Scott;Nic Claxton;Noah Clowney;Egor Dёmin;Terance Mann;Cam Thomas;Malachi Smith;Ziaire Williams;Nolan Traoré;Drake Powell;Danny Wolf;Ben Saraf;Chaney Johnson;Josh Minott;Tyrese Martin;Day'Ron Sharpe;Ochai Agbaji;Jalen Wilson;Tyson Etienne;E.J. Liddell;Grant Nelson,OG Anunoby;Mikal Bridges;Karl-Anthony Towns;Josh Hart;Miles McBride;Landry Shamet;Mitchell Robinson;Jordan Clarkson;Jose Alvarado;Tyler Kolek;Mohamed Diawara;Ariel Hukporti;Guerschon Yabusele;Kevin McCullar Jr.;Jeremy Sochan;Trey Jemison;Dillon Jones;Pacôme Dadiet;Tosan Evbuomwan
2026,Boston Celtics,Orlando Magic,111,107,Derrick White;Jayson Tatum;Payton Pritchard;Neemias Queta;Sam Hauser;Anfernee Simons;Nikola Vučević;Baylor Scheierman;Jordan Walsh;Luka Garza;Josh Minott;Hugo González;Dalano Banton;Ron Harper Jr.;Chris Boucher;Xavier Tillman Sr.;John Tonje;Amari Williams;Charles Bassey;Max Shulga,Desmond Bane;Franz Wagner;Anthony Black;Wendell Carter Jr.;Jalen Suggs;Tristan Da Silva;Jevon Carter;Tyus Jones;Goga Bitadze;Noah Penda;Jett Howard;Jamal Cain;Moritz Wagner;Jase Richardson;Jonathan Isaac;Orlando Robinson;Alex Morales;Colin Castleton
2026,Detroit Pistons,Philadelphia 76ers,111,108,Jalen Duren;Tobias Harris;Duncan Robinson;Ausar Thompson;Isaiah Stewart;Kevin Huerter;Daniss Jenkins;Ron Holland;Caris LeVert;Javonte Green;Jaden Ivey;Paul Reed;Marcus Sasser;Wendell Moore Jr.;Tolu Smith;Chaz Lanier;Colby Jones;Bobi Klintman;Isaac Jones,VJ Edgecombe;Joel Embiid;Kelly Oubre Jr.;Paul George;Quentin Grimes;Dominick Barlow;Andre Drummond;Adem Bona;Cameron Payne;Jared McCain;Trendon Watford;Justin Edwards;MarJon Beauchamp;Dalen Terry;Eric Gordon;Jabari Walker;Tyrese Martin;Kyle Lowry;Johni Broome;Charles Bassey;Hunter Sallis;Patrick Baldwin Jr.
2026,Indiana Pacers,Golden State Warriors,83,114,Bennedict Mathurin;Andrew Nembhard;Aaron Nesmith;Jarace Walker;Kobe Brown;Jalen Slawson;Ivica Zubac;Ben Sheppard;Jay Huff;Ethan Thompson;Micah Potter;Johnny Furphy;Quenton Jackson;Obi Toppin;Jeremiah Robinson-Earl;T.J. McConnell;Isaiah Jackson;Kam Jones;James Wiseman;Cody Martin;Garrison Mathews;Taelon Peter;RayJ Dennis;Mac McClung;Tony Bradley;Monte Morris,Stephen Curry;Brandin Podziemski;Draymond Green;Moses Moody;Jonathan Kuminga;Kristaps Porziņģis;De'Anthony Melton;Al Horford;Gui Santos;Charles Bassey;Will Richard;Pat Spencer;Buddy Hield;Quinten Post;Nate Williams;LJ Cryer;Gary Payton II;Seth Curry;Omer Yurtseven;Trayce Jackson-Davis;Malevy Leons
2026,Minnesota Timberwolves,Sacramento Kings,144,117,Julius Randle;Jaden McDaniels;Rudy Gobert;Donte DiVincenzo;Ayo Dosunmu;Naz Reid;Kyle Anderson;Mike Conley;Bones Hyland;Jaylen Clark;Terrence Shannon Jr.;Rob Dillingham;Enrique Freeman;Zyon Pullin;Joan Beringer;Julian Phillips;Rocco Zikarsky;Joe Ingles;Leonard Miller;Johnny Juzang,Zach LaVine;DeMar DeRozan;Domantas Sabonis;Russell Westbrook;Maxime Raynaud;Daeqwon Plowden;Dennis Schröder;De'Andre Hunter;Nique Clifford;Precious Achiuwa;Malik Monk;Dylan Cardwell;DaQuan Jeffries;Devin Carter;Killian Hayes;Keon Ellis;Doug McDermott;Patrick Baldwin Jr.;Isaiah Stevens;Drew Eubanks;Dario Šarić;Isaac Jones
2026,Los Angeles Lakers,Charlotte Hornets,121,111,Austin Reaves;LeBron James;Marcus Smart;Rui Hachimura;Deandre Ayton;Jake LaRavia;Luke Kennard;Gabe Vincent;Jaxson Hayes;Jarred Vanderbilt;Nick Smith Jr.;Maxi Kleber;Dalton Knecht;Bronny James;Drew Timme;Kobe Bufkin;Adou Thiero;Chris Mañon;Christian Koloko,Miles Bridges;Brandon Miller;LaMelo Ball;Moussa Diabaté;Sion James;Collin Sexton;Ryan Kalkbrenner;Grant Williams;Coby White;KJ Simpson;Josh Green;PJ Hall;Tidjane Salaün;Tre Mann;Liam McNeeley;Drew Peterson;Mason Plumlee;Pat Connaughton;Antonio Reeves;Xavier Tillman Sr.
2026,Washington Wizards,Detroit Pistons,135,137,CJ McCollum;Kyshawn George;Leaky Black;Bub Carrington;Alex Sarr;Bilal Coulibaly;Alondes Williams;Khris Middleton;Tre Johnson;Kadary Richmond;Will Riley;Trae Young;Jamir Watkins;Jaden Hardy;Justin Champagnie;Corey Kispert;Marvin Bagley III;Anthony Gill;Sharife Cooper;Cam Whitmore;Keshon Gilbert;Tristan Vukcevic;Skal Labissière;Malaki Branham;AJ Johnson,Jalen Duren;Tobias Harris;Duncan Robinson;Ausar Thompson;Isaiah Stewart;Kevin Huerter;Daniss Jenkins;Ron Holland;Caris LeVert;Javonte Green;Jaden Ivey;Paul Reed;Marcus Sasser;Wendell Moore Jr.;Tolu Smith;Chaz Lanier;Colby Jones;Bobi Klintman;Isaac Jones
2026,Portland Trail Blazers,Orlando Magic,112,115,Deni Avdija;Jerami Grant;Shaedon Sharpe;Jrue Holiday;Donovan Clingan;Scoot Henderson;Kris Murray;Caleb Love;Vít Krejčí;Sidy Cissoko;Robert Williams;Matisse Thybulle;Rayan Rupert;Blake Wesley;Duop Reath;Yang Hansen;Chris Youngblood;Javonte Cooke;Jayson Kent,Desmond Bane;Franz Wagner;Anthony Black;Wendell Carter Jr.;Jalen Suggs;Tristan Da Silva;Jevon Carter;Tyus Jones;Goga Bitadze;Noah Penda;Jett Howard;Jamal Cain;Moritz Wagner;Jase Richardson;Jonathan Isaac;Orlando Robinson;Alex Morales;Colin Castleton
2026,Cleveland Cavaliers,Miami Heat,138,140,Donovan Mitchell;Evan Mobley;Darius Garland;Jarrett Allen;Jaylon Tyson;Sam Merrill;De'Andre Hunter;Keon Ellis;Max Strus;Dean Wade;Dennis Schröder;Lonzo Ball;Craig Porter Jr.;Nae'Qwan Tomlin;Larry Nance Jr.;Thomas Bryant;Tyrese Proctor;Olivier Sarr;Tristan Enaruna;Luke Travers;Riley Minix;Chris Livingston;Darius Brown II,Tyler Herro;Andrew Wiggins;Norman Powell;Davion Mitchell;Jaime Jaquez Jr.;Pelle Larsson;Kel'el Ware;Kasparas Jakučionis;Nikola Jović;Simone Fontecchio;Dru Smith;Myron Gardner;Keshad Johnson;Jahmir Young;Vladislav Goldin;Trevor Keels
2026,San Antonio Spurs,Chicago Bulls,121,117,Devin Vassell;Stephon Castle;Victor Wembanyama;Julian Champagnie;Harrison Barnes;Keldon Johnson;Dylan Harper;Luke Kornet;Jeremy Sochan;Carter Bryant;Kelly Olynyk;Mason Plumlee;Lindy Waters III;Jordan McLaughlin;David Jones García;Bismack Biyombo;Harrison Ingram;Stanley Umude;Riley Minix,Nikola Vučević;Matas Buzelis;Coby White;Jaden Ivey;Anfernee Simons;Tre Jones;Isaac Okoro;Ayo Dosunmu;Collin Sexton;Guerschon Yabusele;Kevin Huerter;Leonard Miller;Mouhamadou Gueye;Nick Richards;Rob Dillingham;Jalen Smith;Patrick Williams;Zach Collins;Mac McClung;Yuki Kawamura;Dalen Terry;Jevon Carter;Julian Phillips;Lachlan Olbrich;Emanuel Miller;Trentyn Flowers;Noa Essengue
2026,Milwaukee Bucks,Dallas Mavericks,116,114,Ryan Rollins;A.J. Green;Giannis Antetokounmpo;Myles Turner;Ousmane Dieng;Kyle Kuzma;Cormac Ryan;Bobby Portis;Taurean Prince;Gary Trent Jr.;Jericho Sims;Cam Thomas;Pete Nance;Cole Anthony;Gary Harris;Amir Coffey;Andre Jackson Jr.;Thanasis Antetokounmpo;Mark Sears;Alex Antetokounmpo,Anthony Davis;P.J. Washington;Naji Marshall;Max Christie;Brandon Williams;Klay Thompson;Daniel Gafford;Marvin Bagley III;Khris Middleton;Ryan Nembhard;John Poulakidas;D'Angelo Russell;Tyus Jones;Dereck Lively II;Caleb Martin;Dwight Powell;Moussa Cisse;Tyler Smith;Jaden Hardy;Jeremiah Robinson-Earl;AJ Johnson;Miles Kelly
2026,New Orleans Pelicans,Phoenix Suns,98,121,Saddiq Bey;Zion Williamson;Herbert Jones;Dejounte Murray;Josh Oduro;Jeremiah Fears;Derik Queen;Jordan Poole;Jose Alvarado;Bryce McGowens;Yves Missi;DeAndre Jordan;Micah Peavy;Karlo Matković;Kevon Looney;Jordan Hawkins;Trey Alexander;Hunter Dickinson,Dillon Brooks;Grayson Allen;Collin Gillespie;Royce O'Neale;Jalen Green;Mark Williams;Jordan Goodwin;Oso Ighodaro;Ryan Dunn;Amir Coffey;Jamaree Bouyea;Haywood Highsmith;Rasheer Fleming;CJ Huntley;Isaiah Livers;Nick Richards;Khaman Maluach;Nigel Hayes-Davis;Koby Brea
2026,Minnesota Timberwolves,Utah Jazz,120,113,Julius Randle;Jaden McDaniels;Rudy Gobert;Donte DiVincenzo;Ayo Dosunmu;Naz Reid;Kyle Anderson;Mike Conley;Bones Hyland;Jaylen Clark;Terrence Shannon Jr.;Rob Dillingham;Enrique Freeman;Zyon Pullin;Joan Beringer;Julian Phillips;Rocco Zikarsky;Joe Ingles;Leonard Miller;Johnny Juzang,Andersson Garcia;Keyonte George;Bez Mbeng;Kennedy Chandler;Walker Kessler;Ace Bailey;Jusuf Nurkić;John Konchar;Isaiah Collier;Hayden Gray;Cody Williams;Jaren Jackson Jr.;Brice Sensabaugh;Kyle Filipowski;Svi Mykhailiuk;Elijah Harkless;Blake Hinson;Kyle Anderson;Mo Bamba;Walter Clayton;Kevin Love;Oscar Tshiebwe;Taylor Hendricks;Vince Williams Jr.
2026,Atlanta Hawks,Los Angeles Clippers,105,102,Nickeil Alexander-Walker;Dyson Daniels;Onyeka Okongwu;CJ McCollum;Trae Young;Keshon Gilbert;Kristaps Porziņģis;Zaccharie Risacher;Vít Krejčí;Jonathan Kuminga;Luke Kennard;Jock Landale;Corey Kispert;Mouhamed Gueye;Gabe Vincent;Asa Newell;RayJ Dennis;Tony Bradley;Christian Koloko;Keaton Wallace;Buddy Hield;Caleb Houstan;N'Faly Dante;Jacob Toppin,Kawhi Leonard;Ivica Zubac;Darius Garland;Bennedict Mathurin;Kris Dunn;John Collins;Derrick Jones Jr.;Jordan Miller;Brook Lopez;Bradley Beal;Kobe Sanders;Bogdan Bogdanović;Nicolas Batum;Isaiah Jackson;Chris Paul;Yanic Konan Niederhäuser;Cam Christie;Kobe Brown;Patrick Baldwin Jr.;TyTy Washington Jr.;Dalano Banton;Sean Pedulla;Norchad Omier;RayJ Dennis;Jahmyl Telfort
2026,Toronto Raptors,Brooklyn Nets,119,109,Scottie Barnes;Immanuel Quickley;RJ Barrett;Jakob Poeltl;Jamal Shead;Collin Murray-Boyles;Sandro Mamukelashvili;Ja'Kobe Walter;Ochai Agbaji;Gradey Dick;A.J. Lawson;Jamison Battle;Markelle Fultz;Chucky Hepburn;Alijah Martin;Jonathan Mogbo;Trayce Jackson-Davis;Garrett Temple;Mo Bamba,Tre Scott;Nic Claxton;Noah Clowney;Egor Dёmin;Terance Mann;Cam Thomas;Malachi Smith;Ziaire Williams;Nolan Traoré;Drake Powell;Danny Wolf;Ben Saraf;Chaney Johnson;Josh Minott;Tyrese Martin;Day'Ron Sharpe;Ochai Agbaji;Jalen Wilson;Tyson Etienne;E.J. Liddell;Grant Nelson
2026,Memphis Grizzlies,New York Knicks,120,133,Lucas Williamson;Rayan Rupert;Jaren Jackson Jr.;Dariq Whitehead;Adama-Alpha Bal;Ja Morant;Santi Aldama;Jaylen Wells;Zach Edey;Cedric Coward;Tyler Burton;Walter Clayton;Lawson Lovering;Taylor Hendricks;Cam Spencer;Jock Landale;Ty Jerome;Kyle Anderson;Jahmai Mashack;Vince Williams Jr.;GG Jackson II;Kentavious Caldwell-Pope;Scotty Pippen Jr.;DeJon Jarreau;Javon Small;Olivier-Maxence Prosper;Christian Koloko;Charles Bassey;John Konchar;Brandon Clarke;Taj Gibson;PJ Hall,OG Anunoby;Mikal Bridges;Karl-Anthony Towns;Josh Hart;Miles McBride;Landry Shamet;Mitchell Robinson;Jordan Clarkson;Jose Alvarado;Tyler Kolek;Mohamed Diawara;Ariel Hukporti;Guerschon Yabusele;Kevin McCullar Jr.;Jeremy Sochan;Trey Jemison;Dillon Jones;Pacôme Dadiet;Tosan Evbuomwan
2026,Golden State Warriors,Oklahoma City Thunder,102,126,Stephen Curry;Brandin Podziemski;Draymond Green;Moses Moody;Jonathan Kuminga;Kristaps Porziņģis;De'Anthony Melton;Al Horford;Gui Santos;Charles Bassey;Will Richard;Pat Spencer;Buddy Hield;Quinten Post;Nate Williams;LJ Cryer;Gary Payton II;Seth Curry;Omer Yurtseven;Trayce Jackson-Davis;Malevy Leons,Chet Holmgren;Jalen Williams;Luguentz Dort;Cason Wallace;Ajay Mitchell;Isaiah Hartenstein;Aaron Wiggins;Isaiah Joe;Jaylin Williams;Alex Caruso;Jared McCain;Nikola Topić;Payton Sandfort;Kenrich Williams;Branden Carlson;Ousmane Dieng;Brooks Barnhizer;Chris Youngblood;Buddy Boeheim
2026,Boston Celtics,Philadelphia 76ers,100,102,Derrick White;Jayson Tatum;Payton Pritchard;Neemias Queta;Sam Hauser;Anfernee Simons;Nikola Vučević;Baylor Scheierman;Jordan Walsh;Luka Garza;Josh Minott;Hugo González;Dalano Banton;Ron Harper Jr.;Chris Boucher;Xavier Tillman Sr.;John Tonje;Amari Williams;Charles Bassey;Max Shulga,VJ Edgecombe;Joel Embiid;Kelly Oubre Jr.;Paul George;Quentin Grimes;Dominick Barlow;Andre Drummond;Adem Bona;Cameron Payne;Jared McCain;Trendon Watford;Justin Edwards;MarJon Beauchamp;Dalen Terry;Eric Gordon;Jabari Walker;Tyrese Martin;Kyle Lowry;Johni Broome;Charles Bassey;Hunter Sallis;Patrick Baldwin Jr.
2026,Indiana Pacers,Utah Jazz,128,152,Bennedict Mathurin;Andrew Nembhard;Aaron Nesmith;Jarace Walker;Kobe Brown;Jalen Slawson;Ivica Zubac;Ben Sheppard;Jay Huff;Ethan Thompson;Micah Potter;Johnny Furphy;Quenton Jackson;Obi Toppin;Jeremiah Robinson-Earl;T.J. McConnell;Isaiah Jackson;Kam Jones;James Wiseman;Cody Martin;Garrison Mathews;Taelon Peter;RayJ Dennis;Mac McClung;Tony Bradley;Monte Morris,Andersson Garcia;Keyonte George;Bez Mbeng;Kennedy Chandler;Walker Kessler;Ace Bailey;Jusuf Nurkić;John Konchar;Isaiah Collier;Hayden Gray;Cody Williams;Jaren Jackson Jr.;Brice Sensabaugh;Kyle Filipowski;Svi Mykhailiuk;Elijah Harkless;Blake Hinson;Kyle Anderson;Mo Bamba;Walter Clayton;Kevin Love;Oscar Tshiebwe;Taylor Hendricks;Vince Williams Jr.
2026,Denver Nuggets,Sacramento Kings,122,108,Nikola Jokić;Christian Braun;Cameron Johnson;Peyton Watson;Aaron Gordon;Tim Hardaway Jr.;Bruce Brown;Spencer Jones;Jalen Pickett;Julian Strawther;David Roddy;Jonas Valančiūnas;Zeke Nnaji;Curtis Jones;Tyus Jones;DaRon Holmes;Hunter Tyson;KJ Simpson,Zach LaVine;DeMar DeRozan;Domantas Sabonis;Russell Westbrook;Maxime Raynaud;Daeqwon Plowden;Dennis Schröder;De'Andre Hunter;Nique Clifford;Precious Achiuwa;Malik Monk;Dylan Cardwell;DaQuan Jeffries;Devin Carter;Killian Hayes;Keon Ellis;Doug McDermott;Patrick Baldwin Jr.;Isaiah Stevens;Drew Eubanks;Dario Šarić;Isaac Jones
2026,Milwaukee Bucks,Charlotte Hornets,100,111,Ryan Rollins;A.J. Green;Giannis Antetokounmpo;Myles Turner;Ousmane Dieng;Kyle Kuzma;Cormac Ryan;Bobby Portis;Taurean Prince;Gary Trent Jr.;Jericho Sims;Cam Thomas;Pete Nance;Cole Anthony;Gary Harris;Amir Coffey;Andre Jackson Jr.;Thanasis Antetokounmpo;Mark Sears;Alex Antetokounmpo,Miles Bridges;Brandon Miller;LaMelo Ball;Moussa Diabaté;Sion James;Collin Sexton;Ryan Kalkbrenner;Grant Williams;Coby White;KJ Simpson;Josh Green;PJ Hall;Tidjane Salaün;Tre Mann;Liam McNeeley;Drew Peterson;Mason Plumlee;Pat Connaughton;Antonio Reeves;Xavier Tillman Sr.
2026,Chicago Bulls,Detroit Pistons,113,124,Nikola Vučević;Matas Buzelis;Coby White;Jaden Ivey;Anfernee Simons;Tre Jones;Isaac Okoro;Ayo Dosunmu;Collin Sexton;Guerschon Yabusele;Kevin Huerter;Leonard Miller;Mouhamadou Gueye;Nick Richards;Rob Dillingham;Jalen Smith;Patrick Williams;Zach Collins;Mac McClung;Yuki Kawamura;Dalen Terry;Jevon Carter;Julian Phillips;Lachlan Olbrich;Emanuel Miller;Trentyn Flowers;Noa Essengue,Jalen Duren;Tobias Harris;Duncan Robinson;Ausar Thompson;Isaiah Stewart;Kevin Huerter;Daniss Jenkins;Ron Holland;Caris LeVert;Javonte Green;Jaden Ivey;Paul Reed;Marcus Sasser;Wendell Moore Jr.;Tolu Smith;Chaz Lanier;Colby Jones;Bobi Klintman;Isaac Jones
2026,Orlando Magic,New York Knicks,124,107,Desmond Bane;Franz Wagner;Anthony Black;Wendell Carter Jr.;Jalen Suggs;Tristan Da Silva;Jevon Carter;Tyus Jones;Goga Bitadze;Noah Penda;Jett Howard;Jamal Cain;Moritz Wagner;Jase Richardson;Jonathan Isaac;Orlando Robinson;Alex Morales;Colin Castleton,OG Anunoby;Mikal Bridges;Karl-Anthony Towns;Josh Hart;Miles McBride;Landry Shamet;Mitchell Robinson;Jordan Clarkson;Jose Alvarado;Tyler Kolek;Mohamed Diawara;Ariel Hukporti;Guerschon Yabusele;Kevin McCullar Jr.;Jeremy Sochan;Trey Jemison;Dillon Jones;Pacôme Dadiet;Tosan Evbuomwan
2026,Memphis Grizzlies,Boston Celtics,95,131,Lucas Williamson;Rayan Rupert;Jaren Jackson Jr.;Dariq Whitehead;Adama-Alpha Bal;Ja Morant;Santi Aldama;Jaylen Wells;Zach Edey;Cedric Coward;Tyler Burton;Walter Clayton;Lawson Lovering;Taylor Hendricks;Cam Spencer;Jock Landale;Ty Jerome;Kyle Anderson;Jahmai Mashack;Vince Williams Jr.;GG Jackson II;Kentavious Caldwell-Pope;Scotty Pippen Jr.;DeJon Jarreau;Javon Small;Olivier-Maxence Prosper;Christian Koloko;Charles Bassey;John Konchar;Brandon Clarke;Taj Gibson;PJ Hall,Derrick White;Jayson Tatum;Payton Pritchard;Neemias Queta;Sam Hauser;Anfernee Simons;Nikola Vučević;Baylor Scheierman;Jordan Walsh;Luka Garza;Josh Minott;Hugo González;Dalano Banton;Ron Harper Jr.;Chris Boucher;Xavier Tillman Sr.;John Tonje;Amari Williams;Charles Bassey;Max Shulga
2026,Cleveland Cavaliers,Miami Heat,130,116,Donovan Mitchell;Evan Mobley;Darius Garland;Jarrett Allen;Jaylon Tyson;Sam Merrill;De'Andre Hunter;Keon Ellis;Max Strus;Dean Wade;Dennis Schröder;Lonzo Ball;Craig Porter Jr.;Nae'Qwan Tomlin;Larry Nance Jr.;Thomas Bryant;Tyrese Proctor;Olivier Sarr;Tristan Enaruna;Luke Travers;Riley Minix;Chris Livingston;Darius Brown II,Tyler Herro;Andrew Wiggins;Norman Powell;Davion Mitchell;Jaime Jaquez Jr.;Pelle Larsson;Kel'el Ware;Kasparas Jakučionis;Nikola Jović;Simone Fontecchio;Dru Smith;Myron Gardner;Keshad Johnson;Jahmir Young;Vladislav Goldin;Trevor Keels
2026,Washington Wizards,Houston Rockets,112,135,CJ McCollum;Kyshawn George;Leaky Black;Bub Carrington;Alex Sarr;Bilal Coulibaly;Alondes Williams;Khris Middleton;Tre Johnson;Kadary Richmond;Will Riley;Trae Young;Jamir Watkins;Jaden Hardy;Justin Champagnie;Corey Kispert;Marvin Bagley III;Anthony Gill;Sharife Cooper;Cam Whitmore;Keshon Gilbert;Tristan Vukcevic;Skal Labissière;Malaki Branham;AJ Johnson,Kevin Durant;Jabari Smith Jr.;Alperen Şengün;Reed Sheppard;Tari Eason;Steven Adams;Josh Okogie;Dorian Finney-Smith;Aaron Holiday;Clint Capela;Tristen Newton;Jae'Sean Tate;JD Davison;Isaiah Crawford;Jeff Green
2026,Portland Trail Blazers,New Orleans Pelicans,125,117,Deni Avdija;Jerami Grant;Shaedon Sharpe;Jrue Holiday;Donovan Clingan;Scoot Henderson;Kris Murray;Caleb Love;Vít Krejčí;Sidy Cissoko;Robert Williams;Matisse Thybulle;Rayan Rupert;Blake Wesley;Duop Reath;Yang Hansen;Chris Youngblood;Javonte Cooke;Jayson Kent,Saddiq Bey;Zion Williamson;Herbert Jones;Dejounte Murray;Josh Oduro;Jeremiah Fears;Derik Queen;Jordan Poole;Jose Alvarado;Bryce McGowens;Yves Missi;DeAndre Jordan;Micah Peavy;Karlo Matković;Kevon Looney;Jordan Hawkins;Trey Alexander;Hunter Dickinson
2026,Golden State Warriors,San Antonio Spurs,125,120,Stephen Curry;Brandin Podziemski;Draymond Green;Moses Moody;Jonathan Kuminga;Kristaps Porziņģis;De'Anthony Melton;Al Horford;Gui Santos;Charles Bassey;Will Richard;Pat Spencer;Buddy Hield;Quinten Post;Nate Williams;LJ Cryer;Gary Payton II;Seth Curry;Omer Yurtseven;Trayce Jackson-Davis;Malevy Leons,Devin Vassell;Stephon Castle;Victor Wembanyama;Julian Champagnie;Harrison Barnes;Keldon Johnson;Dylan Harper;Luke Kornet;Jeremy Sochan;Carter Bryant;Kelly Olynyk;Mason Plumlee;Lindy Waters III;Jordan McLaughlin;David Jones García;Bismack Biyombo;Harrison Ingram;Stanley Umude;Riley Minix
2026,Phoenix Suns,Dallas Mavericks,123,114,Dillon Brooks;Grayson Allen;Collin Gillespie;Royce O'Neale;Jalen Green;Mark Williams;Jordan Goodwin;Oso Ighodaro;Ryan Dunn;Amir Coffey;Jamaree Bouyea;Haywood Highsmith;Rasheer Fleming;CJ Huntley;Isaiah Livers;Nick Richards;Khaman Maluach;Nigel Hayes-Davis;Koby Brea,Anthony Davis;P.J. Washington;Naji Marshall;Max Christie;Brandon Williams;Klay Thompson;Daniel Gafford;Marvin Bagley III;Khris Middleton;Ryan Nembhard;John Poulakidas;D'Angelo Russell;Tyus Jones;Dereck Lively II;Caleb Martin;Dwight Powell;Moussa Cisse;Tyler Smith;Jaden Hardy;Jeremiah Robinson-Earl;AJ Johnson;Miles Kelly
2026,Los Angeles Lakers,Oklahoma City Thunder,92,121,Austin Reaves;LeBron James;Marcus Smart;Rui Hachimura;Deandre Ayton;Jake LaRavia;Luke Kennard;Gabe Vincent;Jaxson Hayes;Jarred Vanderbilt;Nick Smith Jr.;Maxi Kleber;Dalton Knecht;Bronny James;Drew Timme;Kobe Bufkin;Adou Thiero;Chris Mañon;Christian Koloko,Chet Holmgren;Jalen Williams;Luguentz Dort;Cason Wallace;Ajay Mitchell;Isaiah Hartenstein;Aaron Wiggins;Isaiah Joe;Jaylin Williams;Alex Caruso;Jared McCain;Nikola Topić;Payton Sandfort;Kenrich Williams;Branden Carlson;Ousmane Dieng;Brooks Barnhizer;Chris Youngblood;Buddy Boeheim
2026,Atlanta Hawks,Sacramento Kings,133,100,Nickeil Alexander-Walker;Dyson Daniels;Onyeka Okongwu;CJ McCollum;Trae Young;Keshon Gilbert;Kristaps Porziņģis;Zaccharie Risacher;Vít Krejčí;Jonathan Kuminga;Luke Kennard;Jock Landale;Corey Kispert;Mouhamed Gueye;Gabe Vincent;Asa Newell;RayJ Dennis;Tony Bradley;Christian Koloko;Keaton Wallace;Buddy Hield;Caleb Houstan;N'Faly Dante;Jacob Toppin,Zach LaVine;DeMar DeRozan;Domantas Sabonis;Russell Westbrook;Maxime Raynaud;Daeqwon Plowden;Dennis Schröder;De'Andre Hunter;Nique Clifford;Precious Achiuwa;Malik Monk;Dylan Cardwell;DaQuan Jeffries;Devin Carter;Killian Hayes;Keon Ellis;Doug McDermott;Patrick Baldwin Jr.;Isaiah Stevens;Drew Eubanks;Dario Šarić;Isaac Jones
2026,Denver Nuggets,Los Angeles Clippers,130,116,Nikola Jokić;Christian Braun;Cameron Johnson;Peyton Watson;Aaron Gordon;Tim Hardaway Jr.;Bruce Brown;Spencer Jones;Jalen Pickett;Julian Strawther;David Roddy;Jonas Valančiūnas;Zeke Nnaji;Curtis Jones;Tyus Jones;DaRon Holmes;Hunter Tyson;KJ Simpson,Kawhi Leonard;Ivica Zubac;Darius Garland;Bennedict Mathurin;Kris Dunn;John Collins;Derrick Jones Jr.;Jordan Miller;Brook Lopez;Bradley Beal;Kobe Sanders;Bogdan Bogdanović;Nicolas Batum;Isaiah Jackson;Chris Paul;Yanic Konan Niederhäuser;Cam Christie;Kobe Brown;Patrick Baldwin Jr.;TyTy Washington Jr.;Dalano Banton;Sean Pedulla;Norchad Omier;RayJ Dennis;Jahmyl Telfort
2026,Toronto Raptors,Cleveland Cavaliers,126,113,Scottie Barnes;Immanuel Quickley;RJ Barrett;Jakob Poeltl;Jamal Shead;Collin Murray-Boyles;Sandro Mamukelashvili;Ja'Kobe Walter;Ochai Agbaji;Gradey Dick;A.J. Lawson;Jamison Battle;Markelle Fultz;Chucky Hepburn;Alijah Martin;Jonathan Mogbo;Trayce Jackson-Davis;Garrett Temple;Mo Bamba,Donovan Mitchell;Evan Mobley;Darius Garland;Jarrett Allen;Jaylon Tyson;Sam Merrill;De'Andre Hunter;Keon Ellis;Max Strus;Dean Wade;Dennis Schröder;Lonzo Ball;Craig Porter Jr.;Nae'Qwan Tomlin;Larry Nance Jr.;Thomas Bryant;Tyrese Proctor;Olivier Sarr;Tristan Enaruna;Luke Travers;Riley Minix;Chris Livingston;Darius Brown II
2026,Indiana Pacers,Phoenix Suns,98,133,Bennedict Mathurin;Andrew Nembhard;Aaron Nesmith;Jarace Walker;Kobe Brown;Jalen Slawson;Ivica Zubac;Ben Sheppard;Jay Huff;Ethan Thompson;Micah Potter;Johnny Furphy;Quenton Jackson;Obi Toppin;Jeremiah Robinson-Earl;T.J. McConnell;Isaiah Jackson;Kam Jones;James Wiseman;Cody Martin;Garrison Mathews;Taelon Peter;RayJ Dennis;Mac McClung;Tony Bradley;Monte Morris,Dillon Brooks;Grayson Allen;Collin Gillespie;Royce O'Neale;Jalen Green;Mark Williams;Jordan Goodwin;Oso Ighodaro;Ryan Dunn;Amir Coffey;Jamaree Bouyea;Haywood Highsmith;Rasheer Fleming;CJ Huntley;Isaiah Livers;Nick Richards;Khaman Maluach;Nigel Hayes-Davis;Koby Brea
2026,Atlanta Hawks,Utah Jazz,132,122,Nickeil Alexander-Walker;Dyson Daniels;Onyeka Okongwu;CJ McCollum;Trae Young;Keshon Gilbert;Kristaps Porziņģis;Zaccharie Risacher;Vít Krejčí;Jonathan Kuminga;Luke Kennard;Jock Landale;Corey Kispert;Mouhamed Gueye;Gabe Vincent;Asa Newell;RayJ Dennis;Tony Bradley;Christian Koloko;Keaton Wallace;Buddy Hield;Caleb Houstan;N'Faly Dante;Jacob Toppin,Andersson Garcia;Keyonte George;Bez Mbeng;Kennedy Chandler;Walker Kessler;Ace Bailey;Jusuf Nurkić;John Konchar;Isaiah Collier;Hayden Gray;Cody Williams;Jaren Jackson Jr.;Brice Sensabaugh;Kyle Filipowski;Svi Mykhailiuk;Elijah Harkless;Blake Hinson;Kyle Anderson;Mo Bamba;Walter Clayton;Kevin Love;Oscar Tshiebwe;Taylor Hendricks;Vince Williams Jr.
2026,Miami Heat,New York Knicks,132,140,Tyler Herro;Andrew Wiggins;Norman Powell;Davion Mitchell;Jaime Jaquez Jr.;Pelle Larsson;Kel'el Ware;Kasparas Jakučionis;Nikola Jović;Simone Fontecchio;Dru Smith;Myron Gardner;Keshad Johnson;Jahmir Young;Vladislav Goldin;Trevor Keels,OG Anunoby;Mikal Bridges;Karl-Anthony Towns;Josh Hart;Miles McBride;Landry Shamet;Mitchell Robinson;Jordan Clarkson;Jose Alvarado;Tyler Kolek;Mohamed Diawara;Ariel Hukporti;Guerschon Yabusele;Kevin McCullar Jr.;Jeremy Sochan;Trey Jemison;Dillon Jones;Pacôme Dadiet;Tosan Evbuomwan
2026,Brooklyn Nets,Orlando Magic,98,105,Tre Scott;Nic Claxton;Noah Clowney;Egor Dёmin;Terance Mann;Cam Thomas;Malachi Smith;Ziaire Williams;Nolan Traoré;Drake Powell;Danny Wolf;Ben Saraf;Chaney Johnson;Josh Minott;Tyrese Martin;Day'Ron Sharpe;Ochai Agbaji;Jalen Wilson;Tyson Etienne;E.J. Liddell;Grant Nelson,Desmond Bane;Franz Wagner;Anthony Black;Wendell Carter Jr.;Jalen Suggs;Tristan Da Silva;Jevon Carter;Tyus Jones;Goga Bitadze;Noah Penda;Jett Howard;Jamal Cain;Moritz Wagner;Jase Richardson;Jonathan Isaac;Orlando Robinson;Alex Morales;Colin Castleton
2026,Philadelphia 76ers,Detroit Pistons,105,114,VJ Edgecombe;Joel Embiid;Kelly Oubre Jr.;Paul George;Quentin Grimes;Dominick Barlow;Andre Drummond;Adem Bona;Cameron Payne;Jared McCain;Trendon Watford;Justin Edwards;MarJon Beauchamp;Dalen Terry;Eric Gordon;Jabari Walker;Tyrese Martin;Kyle Lowry;Johni Broome;Charles Bassey;Hunter Sallis;Patrick Baldwin Jr.,Jalen Duren;Tobias Harris;Duncan Robinson;Ausar Thompson;Isaiah Stewart;Kevin Huerter;Daniss Jenkins;Ron Holland;Caris LeVert;Javonte Green;Jaden Ivey;Paul Reed;Marcus Sasser;Wendell Moore Jr.;Tolu Smith;Chaz Lanier;Colby Jones;Bobi Klintman;Isaac Jones
2026,Portland Trail Blazers,Houston Rockets,116,140,Deni Avdija;Jerami Grant;Shaedon Sharpe;Jrue Holiday;Donovan Clingan;Scoot Henderson;Kris Murray;Caleb Love;Vít Krejčí;Sidy Cissoko;Robert Williams;Matisse Thybulle;Rayan Rupert;Blake Wesley;Duop Reath;Yang Hansen;Chris Youngblood;Javonte Cooke;Jayson Kent,Kevin Durant;Jabari Smith Jr.;Alperen Şengün;Reed Sheppard;Tari Eason;Steven Adams;Josh Okogie;Dorian Finney-Smith;Aaron Holiday;Clint Capela;Tristen Newton;Jae'Sean Tate;JD Davison;Isaiah Crawford;Jeff Green
2026,Charlotte Hornets,Milwaukee Bucks,134,147,Miles Bridges;Brandon Miller;LaMelo Ball;Moussa Diabaté;Sion James;Collin Sexton;Ryan Kalkbrenner;Grant Williams;Coby White;KJ Simpson;Josh Green;PJ Hall;Tidjane Salaün;Tre Mann;Liam McNeeley;Drew Peterson;Mason Plumlee;Pat Connaughton;Antonio Reeves;Xavier Tillman Sr.,Ryan Rollins;A.J. Green;Giannis Antetokounmpo;Myles Turner;Ousmane Dieng;Kyle Kuzma;Cormac Ryan;Bobby Portis;Taurean Prince;Gary Trent Jr.;Jericho Sims;Cam Thomas;Pete Nance;Cole Anthony;Gary Harris;Amir Coffey;Andre Jackson Jr.;Thanasis Antetokounmpo;Mark Sears;Alex Antetokounmpo
2026,Sacramento Kings,Minnesota Timberwolves,110,124,Zach LaVine;DeMar DeRozan;Domantas Sabonis;Russell Westbrook;Maxime Raynaud;Daeqwon Plowden;Dennis Schröder;De'Andre Hunter;Nique Clifford;Precious Achiuwa;Malik Monk;Dylan Cardwell;DaQuan Jeffries;Devin Carter;Killian Hayes;Keon Ellis;Doug McDermott;Patrick Baldwin Jr.;Isaiah Stevens;Drew Eubanks;Dario Šarić;Isaac Jones,Julius Randle;Jaden McDaniels;Rudy Gobert;Donte DiVincenzo;Ayo Dosunmu;Naz Reid;Kyle Anderson;Mike Conley;Bones Hyland;Jaylen Clark;Terrence Shannon Jr.;Rob Dillingham;Enrique Freeman;Zyon Pullin;Joan Beringer;Julian Phillips;Rocco Zikarsky;Joe Ingles;Leonard Miller;Johnny Juzang
2026,Los Angeles Lakers,New Orleans Pelicans,118,104,Austin Reaves;LeBron James;Marcus Smart;Rui Hachimura;Deandre Ayton;Jake LaRavia;Luke Kennard;Gabe Vincent;Jaxson Hayes;Jarred Vanderbilt;Nick Smith Jr.;Maxi Kleber;Dalton Knecht;Bronny James;Drew Timme;Kobe Bufkin;Adou Thiero;Chris Mañon;Christian Koloko,Saddiq Bey;Zion Williamson;Herbert Jones;Dejounte Murray;Josh Oduro;Jeremiah Fears;Derik Queen;Jordan Poole;Jose Alvarado;Bryce McGowens;Yves Missi;DeAndre Jordan;Micah Peavy;Karlo Matković;Kevon Looney;Jordan Hawkins;Trey Alexander;Hunter Dickinson
2026,Los Angeles Clippers,Dallas Mavericks,133,127,Kawhi Leonard;Ivica Zubac;Darius Garland;Bennedict Mathurin;Kris Dunn;John Collins;Derrick Jones Jr.;Jordan Miller;Brook Lopez;Bradley Beal;Kobe Sanders;Bogdan Bogdanović;Nicolas Batum;Isaiah Jackson;Chris Paul;Yanic Konan Niederhäuser;Cam Christie;Kobe Brown;Patrick Baldwin Jr.;TyTy Washington Jr.;Dalano Banton;Sean Pedulla;Norchad Omier;RayJ Dennis;Jahmyl Telfort,Anthony Davis;P.J. Washington;Naji Marshall;Max Christie;Brandon Williams;Klay Thompson;Daniel Gafford;Marvin Bagley III;Khris Middleton;Ryan Nembhard;John Poulakidas;D'Angelo Russell;Tyus Jones;Dereck Lively II;Caleb Martin;Dwight Powell;Moussa Cisse;Tyler Smith;Jaden Hardy;Jeremiah Robinson-Earl;AJ Johnson;Miles Kelly
2026,Golden State Warriors,San Antonio Spurs,109,108,Stephen Curry;Brandin Podziemski;Draymond Green;Moses Moody;Jonathan Kuminga;Kristaps Porziņģis;De'Anthony Melton;Al Horford;Gui Santos;Charles Bassey;Will Richard;Pat Spencer;Buddy Hield;Quinten Post;Nate Williams;LJ Cryer;Gary Payton II;Seth Curry;Omer Yurtseven;Trayce Jackson-Davis;Malevy Leons,Devin Vassell;Stephon Castle;Victor Wembanyama;Julian Champagnie;Harrison Barnes;Keldon Johnson;Dylan Harper;Luke Kornet;Jeremy Sochan;Carter Bryant;Kelly Olynyk;Mason Plumlee;Lindy Waters III;Jordan McLaughlin;David Jones García;Bismack Biyombo;Harrison Ingram;Stanley Umude;Riley Minix
2026,Memphis Grizzlies,Cleveland Cavaliers,100,108,Lucas Williamson;Rayan Rupert;Jaren Jackson Jr.;Dariq Whitehead;Adama-Alpha Bal;Ja Morant;Santi Aldama;Jaylen Wells;Zach Edey;Cedric Coward;Tyler Burton;Walter Clayton;Lawson Lovering;Taylor Hendricks;Cam Spencer;Jock Landale;Ty Jerome;Kyle Anderson;Jahmai Mashack;Vince Williams Jr.;GG Jackson II;Kentavious Caldwell-Pope;Scotty Pippen Jr.;DeJon Jarreau;Javon Small;Olivier-Maxence Prosper;Christian Koloko;Charles Bassey;John Konchar;Brandon Clarke;Taj Gibson;PJ Hall,Donovan Mitchell;Evan Mobley;Darius Garland;Jarrett Allen;Jaylon Tyson;Sam Merrill;De'Andre Hunter;Keon Ellis;Max Strus;Dean Wade;Dennis Schröder;Lonzo Ball;Craig Porter Jr.;Nae'Qwan Tomlin;Larry Nance Jr.;Thomas Bryant;Tyrese Proctor;Olivier Sarr;Tristan Enaruna;Luke Travers;Riley Minix;Chris Livingston;Darius Brown II
2026,Oklahoma City Thunder,Charlotte Hornets,109,96,Chet Holmgren;Jalen Williams;Luguentz Dort;Cason Wallace;Ajay Mitchell;Isaiah Hartenstein;Aaron Wiggins;Isaiah Joe;Jaylin Williams;Alex Caruso;Jared McCain;Nikola Topić;Payton Sandfort;Kenrich Williams;Branden Carlson;Ousmane Dieng;Brooks Barnhizer;Chris Youngblood;Buddy Boeheim,Miles Bridges;Brandon Miller;LaMelo Ball;Moussa Diabaté;Sion James;Collin Sexton;Ryan Kalkbrenner;Grant Williams;Coby White;KJ Simpson;Josh Green;PJ Hall;Tidjane Salaün;Tre Mann;Liam McNeeley;Drew Peterson;Mason Plumlee;Pat Connaughton;Antonio Reeves;Xavier Tillman Sr.
2026,Toronto Raptors,Indiana Pacers,129,111,Scottie Barnes;Immanuel Quickley;RJ Barrett;Jakob Poeltl;Jamal Shead;Collin Murray-Boyles;Sandro Mamukelashvili;Ja'Kobe Walter;Ochai Agbaji;Gradey Dick;A.J. Lawson;Jamison Battle;Markelle Fultz;Chucky Hepburn;Alijah Martin;Jonathan Mogbo;Trayce Jackson-Davis;Garrett Temple;Mo Bamba,Bennedict Mathurin;Andrew Nembhard;Aaron Nesmith;Jarace Walker;Kobe Brown;Jalen Slawson;Ivica Zubac;Ben Sheppard;Jay Huff;Ethan Thompson;Micah Potter;Johnny Furphy;Quenton Jackson;Obi Toppin;Jeremiah Robinson-Earl;T.J. McConnell;Isaiah Jackson;Kam Jones;James Wiseman;Cody Martin;Garrison Mathews;Taelon Peter;RayJ Dennis;Mac McClung;Tony Bradley;Monte Morris
2026,Los Angeles Lakers,Milwaukee Bucks,119,95,Austin Reaves;LeBron James;Marcus Smart;Rui Hachimura;Deandre Ayton;Jake LaRavia;Luke Kennard;Gabe Vincent;Jaxson Hayes;Jarred Vanderbilt;Nick Smith Jr.;Maxi Kleber;Dalton Knecht;Bronny James;Drew Timme;Kobe Bufkin;Adou Thiero;Chris Mañon;Christian Koloko,Ryan Rollins;A.J. Green;Giannis Antetokounmpo;Myles Turner;Ousmane Dieng;Kyle Kuzma;Cormac Ryan;Bobby Portis;Taurean Prince;Gary Trent Jr.;Jericho Sims;Cam Thomas;Pete Nance;Cole Anthony;Gary Harris;Amir Coffey;Andre Jackson Jr.;Thanasis Antetokounmpo;Mark Sears;Alex Antetokounmpo
2026,Denver Nuggets,Minnesota Timberwolves,123,112,Nikola Jokić;Christian Braun;Cameron Johnson;Peyton Watson;Aaron Gordon;Tim Hardaway Jr.;Bruce Brown;Spencer Jones;Jalen Pickett;Julian Strawther;David Roddy;Jonas Valančiūnas;Zeke Nnaji;Curtis Jones;Tyus Jones;DaRon Holmes;Hunter Tyson;KJ Simpson,Julius Randle;Jaden McDaniels;Rudy Gobert;Donte DiVincenzo;Ayo Dosunmu;Naz Reid;Kyle Anderson;Mike Conley;Bones Hyland;Jaylen Clark;Terrence Shannon Jr.;Rob Dillingham;Enrique Freeman;Zyon Pullin;Joan Beringer;Julian Phillips;Rocco Zikarsky;Joe Ingles;Leonard Miller;Johnny Juzang
2026,Los Angeles Clippers,Boston Celtics,118,121,Kawhi Leonard;Ivica Zubac;Darius Garland;Bennedict Mathurin;Kris Dunn;John Collins;Derrick Jones Jr.;Jordan Miller;Brook Lopez;Bradley Beal;Kobe Sanders;Bogdan Bogdanović;Nicolas Batum;Isaiah Jackson;Chris Paul;Yanic Konan Niederhäuser;Cam Christie;Kobe Brown;Patrick Baldwin Jr.;TyTy Washington Jr.;Dalano Banton;Sean Pedulla;Norchad Omier;RayJ Dennis;Jahmyl Telfort,Derrick White;Jayson Tatum;Payton Pritchard;Neemias Queta;Sam Hauser;Anfernee Simons;Nikola Vučević;Baylor Scheierman;Jordan Walsh;Luka Garza;Josh Minott;Hugo González;Dalano Banton;Ron Harper Jr.;Chris Boucher;Xavier Tillman Sr.;John Tonje;Amari Williams;Charles Bassey;Max Shulga
2026,Sacramento Kings,San Antonio Spurs,110,123,Zach LaVine;DeMar DeRozan;Domantas Sabonis;Russell Westbrook;Maxime Raynaud;Daeqwon Plowden;Dennis Schröder;De'Andre Hunter;Nique Clifford;Precious Achiuwa;Malik Monk;Dylan Cardwell;DaQuan Jeffries;Devin Carter;Killian Hayes;Keon Ellis;Doug McDermott;Patrick Baldwin Jr.;Isaiah Stevens;Drew Eubanks;Dario Šarić;Isaac Jones,Devin Vassell;Stephon Castle;Victor Wembanyama;Julian Champagnie;Harrison Barnes;Keldon Johnson;Dylan Harper;Luke Kornet;Jeremy Sochan;Carter Bryant;Kelly Olynyk;Mason Plumlee;Lindy Waters III;Jordan McLaughlin;David Jones García;Bismack Biyombo;Harrison Ingram;Stanley Umude;Riley Minix
2026,Brooklyn Nets,Washington Wizards,129,106,Tre Scott;Nic Claxton;Noah Clowney;Egor Dёmin;Terance Mann;Cam Thomas;Malachi Smith;Ziaire Williams;Nolan Traoré;Drake Powell;Danny Wolf;Ben Saraf;Chaney Johnson;Josh Minott;Tyrese Martin;Day'Ron Sharpe;Ochai Agbaji;Jalen Wilson;Tyson Etienne;E.J. Liddell;Grant Nelson,CJ McCollum;Kyshawn George;Leaky Black;Bub Carrington;Alex Sarr;Bilal Coulibaly;Alondes Williams;Khris Middleton;Tre Johnson;Kadary Richmond;Will Riley;Trae Young;Jamir Watkins;Jaden Hardy;Justin Champagnie;Corey Kispert;Marvin Bagley III;Anthony Gill;Sharife Cooper;Cam Whitmore;Keshon Gilbert;Tristan Vukcevic;Skal Labissière;Malaki Branham;AJ Johnson
2026,Orlando Magic,Houston Rockets,113,117,Desmond Bane;Franz Wagner;Anthony Black;Wendell Carter Jr.;Jalen Suggs;Tristan Da Silva;Jevon Carter;Tyus Jones;Goga Bitadze;Noah Penda;Jett Howard;Jamal Cain;Moritz Wagner;Jase Richardson;Jonathan Isaac;Orlando Robinson;Alex Morales;Colin Castleton,Kevin Durant;Jabari Smith Jr.;Alperen Şengün;Reed Sheppard;Tari Eason;Steven Adams;Josh Okogie;Dorian Finney-Smith;Aaron Holiday;Clint Capela;Tristen Newton;Jae'Sean Tate;JD Davison;Isaiah Crawford;Jeff Green
2026,Golden State Warriors,New Orleans Pelicans,124,106,Stephen Curry;Brandin Podziemski;Draymond Green;Moses Moody;Jonathan Kuminga;Kristaps Porziņģis;De'Anthony Melton;Al Horford;Gui Santos;Charles Bassey;Will Richard;Pat Spencer;Buddy Hield;Quinten Post;Nate Williams;LJ Cryer;Gary Payton II;Seth Curry;Omer Yurtseven;Trayce Jackson-Davis;Malevy Leons,Saddiq Bey;Zion Williamson;Herbert Jones;Dejounte Murray;Josh Oduro;Jeremiah Fears;Derik Queen;Jordan Poole;Jose Alvarado;Bryce McGowens;Yves Missi;DeAndre Jordan;Micah Peavy;Karlo Matković;Kevon Looney;Jordan Hawkins;Trey Alexander;Hunter Dickinson
2026,Portland Trail Blazers,Dallas Mavericks,133,138,Deni Avdija;Jerami Grant;Shaedon Sharpe;Jrue Holiday;Donovan Clingan;Scoot Henderson;Kris Murray;Caleb Love;Vít Krejčí;Sidy Cissoko;Robert Williams;Matisse Thybulle;Rayan Rupert;Blake Wesley;Duop Reath;Yang Hansen;Chris Youngblood;Javonte Cooke;Jayson Kent,Anthony Davis;P.J. Washington;Naji Marshall;Max Christie;Brandon Williams;Klay Thompson;Daniel Gafford;Marvin Bagley III;Khris Middleton;Ryan Nembhard;John Poulakidas;D'Angelo Russell;Tyus Jones;Dereck Lively II;Caleb Martin;Dwight Powell;Moussa Cisse;Tyler Smith;Jaden Hardy;Jeremiah Robinson-Earl;AJ Johnson;Miles Kelly
2026,Atlanta Hawks,Phoenix Suns,124,122,Nickeil Alexander-Walker;Dyson Daniels;Onyeka Okongwu;CJ McCollum;Trae Young;Keshon Gilbert;Kristaps Porziņģis;Zaccharie Risacher;Vít Krejčí;Jonathan Kuminga;Luke Kennard;Jock Landale;Corey Kispert;Mouhamed Gueye;Gabe Vincent;Asa Newell;RayJ Dennis;Tony Bradley;Christian Koloko;Keaton Wallace;Buddy Hield;Caleb Houstan;N'Faly Dante;Jacob Toppin,Dillon Brooks;Grayson Allen;Collin Gillespie;Royce O'Neale;Jalen Green;Mark Williams;Jordan Goodwin;Oso Ighodaro;Ryan Dunn;Amir Coffey;Jamaree Bouyea;Haywood Highsmith;Rasheer Fleming;CJ Huntley;Isaiah Livers;Nick Richards;Khaman Maluach;Nigel Hayes-Davis;Koby Brea
2026,Chicago Bulls,Utah Jazz,147,150,Nikola Vučević;Matas Buzelis;Coby White;Jaden Ivey;Anfernee Simons;Tre Jones;Isaac Okoro;Ayo Dosunmu;Collin Sexton;Guerschon Yabusele;Kevin Huerter;Leonard Miller;Mouhamadou Gueye;Nick Richards;Rob Dillingham;Jalen Smith;Patrick Williams;Zach Collins;Mac McClung;Yuki Kawamura;Dalen Terry;Jevon Carter;Julian Phillips;Lachlan Olbrich;Emanuel Miller;Trentyn Flowers;Noa Essengue,Andersson Garcia;Keyonte George;Bez Mbeng;Kennedy Chandler;Walker Kessler;Ace Bailey;Jusuf Nurkić;John Konchar;Isaiah Collier;Hayden Gray;Cody Williams;Jaren Jackson Jr.;Brice Sensabaugh;Kyle Filipowski;Svi Mykhailiuk;Elijah Harkless;Blake Hinson;Kyle Anderson;Mo Bamba;Walter Clayton;Kevin Love;Oscar Tshiebwe;Taylor Hendricks;Vince Williams Jr.
2026,Milwaukee Bucks,Cleveland Cavaliers,106,118,Ryan Rollins;A.J. Green;Giannis Antetokounmpo;Myles Turner;Ousmane Dieng;Kyle Kuzma;Cormac Ryan;Bobby Portis;Taurean Prince;Gary Trent Jr.;Jericho Sims;Cam Thomas;Pete Nance;Cole Anthony;Gary Harris;Amir Coffey;Andre Jackson Jr.;Thanasis Antetokounmpo;Mark Sears;Alex Antetokounmpo,Donovan Mitchell;Evan Mobley;Darius Garland;Jarrett Allen;Jaylon Tyson;Sam Merrill;De'Andre Hunter;Keon Ellis;Max Strus;Dean Wade;Dennis Schröder;Lonzo Ball;Craig Porter Jr.;Nae'Qwan Tomlin;Larry Nance Jr.;Thomas Bryant;Tyrese Proctor;Olivier Sarr;Tristan Enaruna;Luke Travers;Riley Minix;Chris Livingston;Darius Brown II
2026,Indiana Pacers,Detroit Pistons,112,127,Bennedict Mathurin;Andrew Nembhard;Aaron Nesmith;Jarace Walker;Kobe Brown;Jalen Slawson;Ivica Zubac;Ben Sheppard;Jay Huff;Ethan Thompson;Micah Potter;Johnny Furphy;Quenton Jackson;Obi Toppin;Jeremiah Robinson-Earl;T.J. McConnell;Isaiah Jackson;Kam Jones;James Wiseman;Cody Martin;Garrison Mathews;Taelon Peter;RayJ Dennis;Mac McClung;Tony Bradley;Monte Morris,Jalen Duren;Tobias Harris;Duncan Robinson;Ausar Thompson;Isaiah Stewart;Kevin Huerter;Daniss Jenkins;Ron Holland;Caris LeVert;Javonte Green;Jaden Ivey;Paul Reed;Marcus Sasser;Wendell Moore Jr.;Tolu Smith;Chaz Lanier;Colby Jones;Bobi Klintman;Isaac Jones
2026,Los Angeles Clippers,Philadelphia 76ers,108,110,Kawhi Leonard;Ivica Zubac;Darius Garland;Bennedict Mathurin;Kris Dunn;John Collins;Derrick Jones Jr.;Jordan Miller;Brook Lopez;Bradley Beal;Kobe Sanders;Bogdan Bogdanović;Nicolas Batum;Isaiah Jackson;Chris Paul;Yanic Konan Niederhäuser;Cam Christie;Kobe Brown;Patrick Baldwin Jr.;TyTy Washington Jr.;Dalano Banton;Sean Pedulla;Norchad Omier;RayJ Dennis;Jahmyl Telfort,VJ Edgecombe;Joel Embiid;Kelly Oubre Jr.;Paul George;Quentin Grimes;Dominick Barlow;Andre Drummond;Adem Bona;Cameron Payne;Jared McCain;Trendon Watford;Justin Edwards;MarJon Beauchamp;Dalen Terry;Eric Gordon;Jabari Walker;Tyrese Martin;Kyle Lowry;Johni Broome;Charles Bassey;Hunter Sallis;Patrick Baldwin Jr.
2026,New York Knicks,Miami Heat,113,115,OG Anunoby;Mikal Bridges;Karl-Anthony Towns;Josh Hart;Miles McBride;Landry Shamet;Mitchell Robinson;Jordan Clarkson;Jose Alvarado;Tyler Kolek;Mohamed Diawara;Ariel Hukporti;Guerschon Yabusele;Kevin McCullar Jr.;Jeremy Sochan;Trey Jemison;Dillon Jones;Pacôme Dadiet;Tosan Evbuomwan,Tyler Herro;Andrew Wiggins;Norman Powell;Davion Mitchell;Jaime Jaquez Jr.;Pelle Larsson;Kel'el Ware;Kasparas Jakučionis;Nikola Jović;Simone Fontecchio;Dru Smith;Myron Gardner;Keshad Johnson;Jahmir Young;Vladislav Goldin;Trevor Keels
2026,Charlotte Hornets,Toronto Raptors,108,110,Miles Bridges;Brandon Miller;LaMelo Ball;Moussa Diabaté;Sion James;Collin Sexton;Ryan Kalkbrenner;Grant Williams;Coby White;KJ Simpson;Josh Green;PJ Hall;Tidjane Salaün;Tre Mann;Liam McNeeley;Drew Peterson;Mason Plumlee;Pat Connaughton;Antonio Reeves;Xavier Tillman Sr.,Scottie Barnes;Immanuel Quickley;RJ Barrett;Jakob Poeltl;Jamal Shead;Collin Murray-Boyles;Sandro Mamukelashvili;Ja'Kobe Walter;Ochai Agbaji;Gradey Dick;A.J. Lawson;Jamison Battle;Markelle Fultz;Chucky Hepburn;Alijah Martin;Jonathan Mogbo;Trayce Jackson-Davis;Garrett Temple;Mo Bamba
2026,Dallas Mavericks,Minnesota Timberwolves,96,120,Anthony Davis;P.J. Washington;Naji Marshall;Max Christie;Brandon Williams;Klay Thompson;Daniel Gafford;Marvin Bagley III;Khris Middleton;Ryan Nembhard;John Poulakidas;D'Angelo Russell;Tyus Jones;Dereck Lively II;Caleb Martin;Dwight Powell;Moussa Cisse;Tyler Smith;Jaden Hardy;Jeremiah Robinson-Earl;AJ Johnson;Miles Kelly,Julius Randle;Jaden McDaniels;Rudy Gobert;Donte DiVincenzo;Ayo Dosunmu;Naz Reid;Kyle Anderson;Mike Conley;Bones Hyland;Jaylen Clark;Terrence Shannon Jr.;Rob Dillingham;Enrique Freeman;Zyon Pullin;Joan Beringer;Julian Phillips;Rocco Zikarsky;Joe Ingles;Leonard Miller;Johnny Juzang
2026,Oklahoma City Thunder,New Orleans Pelicans,126,109,Chet Holmgren;Jalen Williams;Luguentz Dort;Cason Wallace;Ajay Mitchell;Isaiah Hartenstein;Aaron Wiggins;Isaiah Joe;Jaylin Williams;Alex Caruso;Jared McCain;Nikola Topić;Payton Sandfort;Kenrich Williams;Branden Carlson;Ousmane Dieng;Brooks Barnhizer;Chris Youngblood;Buddy Boeheim,Saddiq Bey;Zion Williamson;Herbert Jones;Dejounte Murray;Josh Oduro;Jeremiah Fears;Derik Queen;Jordan Poole;Jose Alvarado;Bryce McGowens;Yves Missi;DeAndre Jordan;Micah Peavy;Karlo Matković;Kevon Looney;Jordan Hawkins;Trey Alexander;Hunter Dickinson
2026,Chicago Bulls,Denver Nuggets,130,127,Nikola Vučević;Matas Buzelis;Coby White;Jaden Ivey;Anfernee Simons;Tre Jones;Isaac Okoro;Ayo Dosunmu;Collin Sexton;Guerschon Yabusele;Kevin Huerter;Leonard Miller;Mouhamadou Gueye;Nick Richards;Rob Dillingham;Jalen Smith;Patrick Williams;Zach Collins;Mac McClung;Yuki Kawamura;Dalen Terry;Jevon Carter;Julian Phillips;Lachlan Olbrich;Emanuel Miller;Trentyn Flowers;Noa Essengue,Nikola Jokić;Christian Braun;Cameron Johnson;Peyton Watson;Aaron Gordon;Tim Hardaway Jr.;Bruce Brown;Spencer Jones;Jalen Pickett;Julian Strawther;David Roddy;Jonas Valančiūnas;Zeke Nnaji;Curtis Jones;Tyus Jones;DaRon Holmes;Hunter Tyson;KJ Simpson
2026,Golden State Warriors,Orlando Magic,113,121,Stephen Curry;Brandin Podziemski;Draymond Green;Moses Moody;Jonathan Kuminga;Kristaps Porziņģis;De'Anthony Melton;Al Horford;Gui Santos;Charles Bassey;Will Richard;Pat Spencer;Buddy Hield;Quinten Post;Nate Williams;LJ Cryer;Gary Payton II;Seth Curry;Omer Yurtseven;Trayce Jackson-Davis;Malevy Leons,Desmond Bane;Franz Wagner;Anthony Black;Wendell Carter Jr.;Jalen Suggs;Tristan Da Silva;Jevon Carter;Tyus Jones;Goga Bitadze;Noah Penda;Jett Howard;Jamal Cain;Moritz Wagner;Jase Richardson;Jonathan Isaac;Orlando Robinson;Alex Morales;Colin Castleton
2026,Detroit Pistons,Atlanta Hawks,120,112,Jalen Duren;Tobias Harris;Duncan Robinson;Ausar Thompson;Isaiah Stewart;Kevin Huerter;Daniss Jenkins;Ron Holland;Caris LeVert;Javonte Green;Jaden Ivey;Paul Reed;Marcus Sasser;Wendell Moore Jr.;Tolu Smith;Chaz Lanier;Colby Jones;Bobi Klintman;Isaac Jones,Nickeil Alexander-Walker;Dyson Daniels;Onyeka Okongwu;CJ McCollum;Trae Young;Keshon Gilbert;Kristaps Porziņģis;Zaccharie Risacher;Vít Krejčí;Jonathan Kuminga;Luke Kennard;Jock Landale;Corey Kispert;Mouhamed Gueye;Gabe Vincent;Asa Newell;RayJ Dennis;Tony Bradley;Christian Koloko;Keaton Wallace;Buddy Hield;Caleb Houstan;N'Faly Dante;Jacob Toppin
2026,Boston Celtics,Brooklyn Nets,113,99,Derrick White;Jayson Tatum;Payton Pritchard;Neemias Queta;Sam Hauser;Anfernee Simons;Nikola Vučević;Baylor Scheierman;Jordan Walsh;Luka Garza;Josh Minott;Hugo González;Dalano Banton;Ron Harper Jr.;Chris Boucher;Xavier Tillman Sr.;John Tonje;Amari Williams;Charles Bassey;Max Shulga,Tre Scott;Nic Claxton;Noah Clowney;Egor Dёmin;Terance Mann;Cam Thomas;Malachi Smith;Ziaire Williams;Nolan Traoré;Drake Powell;Danny Wolf;Ben Saraf;Chaney Johnson;Josh Minott;Tyrese Martin;Day'Ron Sharpe;Ochai Agbaji;Jalen Wilson;Tyson Etienne;E.J. Liddell;Grant Nelson
2026,Memphis Grizzlies,San Antonio Spurs,101,111,Lucas Williamson;Rayan Rupert;Jaren Jackson Jr.;Dariq Whitehead;Adama-Alpha Bal;Ja Morant;Santi Aldama;Jaylen Wells;Zach Edey;Cedric Coward;Tyler Burton;Walter Clayton;Lawson Lovering;Taylor Hendricks;Cam Spencer;Jock Landale;Ty Jerome;Kyle Anderson;Jahmai Mashack;Vince Williams Jr.;GG Jackson II;Kentavious Caldwell-Pope;Scotty Pippen Jr.;DeJon Jarreau;Javon Small;Olivier-Maxence Prosper;Christian Koloko;Charles Bassey;John Konchar;Brandon Clarke;Taj Gibson;PJ Hall,Devin Vassell;Stephon Castle;Victor Wembanyama;Julian Champagnie;Harrison Barnes;Keldon Johnson;Dylan Harper;Luke Kornet;Jeremy Sochan;Carter Bryant;Kelly Olynyk;Mason Plumlee;Lindy Waters III;Jordan McLaughlin;David Jones García;Bismack Biyombo;Harrison Ingram;Stanley Umude;Riley Minix
2026,Utah Jazz,Los Angeles Lakers,126,140,Andersson Garcia;Keyonte George;Bez Mbeng;Kennedy Chandler;Walker Kessler;Ace Bailey;Jusuf Nurkić;John Konchar;Isaiah Collier;Hayden Gray;Cody Williams;Jaren Jackson Jr.;Brice Sensabaugh;Kyle Filipowski;Svi Mykhailiuk;Elijah Harkless;Blake Hinson;Kyle Anderson;Mo Bamba;Walter Clayton;Kevin Love;Oscar Tshiebwe;Taylor Hendricks;Vince Williams Jr.,Austin Reaves;LeBron James;Marcus Smart;Rui Hachimura;Deandre Ayton;Jake LaRavia;Luke Kennard;Gabe Vincent;Jaxson Hayes;Jarred Vanderbilt;Nick Smith Jr.;Maxi Kleber;Dalton Knecht;Bronny James;Drew Timme;Kobe Bufkin;Adou Thiero;Chris Mañon;Christian Koloko
2026,Phoenix Suns,Portland Trail Blazers,127,110,Dillon Brooks;Grayson Allen;Collin Gillespie;Royce O'Neale;Jalen Green;Mark Williams;Jordan Goodwin;Oso Ighodaro;Ryan Dunn;Amir Coffey;Jamaree Bouyea;Haywood Highsmith;Rasheer Fleming;CJ Huntley;Isaiah Livers;Nick Richards;Khaman Maluach;Nigel Hayes-Davis;Koby Brea,Deni Avdija;Jerami Grant;Shaedon Sharpe;Jrue Holiday;Donovan Clingan;Scoot Henderson;Kris Murray;Caleb Love;Vít Krejčí;Sidy Cissoko;Robert Williams;Matisse Thybulle;Rayan Rupert;Blake Wesley;Duop Reath;Yang Hansen;Chris Youngblood;Javonte Cooke;Jayson Kent
2026,Houston Rockets,Cleveland Cavaliers,114,104,Kevin Durant;Jabari Smith Jr.;Alperen Şengün;Reed Sheppard;Tari Eason;Steven Adams;Josh Okogie;Dorian Finney-Smith;Aaron Holiday;Clint Capela;Tristen Newton;Jae'Sean Tate;JD Davison;Isaiah Crawford;Jeff Green,Donovan Mitchell;Evan Mobley;Darius Garland;Jarrett Allen;Jaylon Tyson;Sam Merrill;De'Andre Hunter;Keon Ellis;Max Strus;Dean Wade;Dennis Schröder;Lonzo Ball;Craig Porter Jr.;Nae'Qwan Tomlin;Larry Nance Jr.;Thomas Bryant;Tyrese Proctor;Olivier Sarr;Tristan Enaruna;Luke Travers;Riley Minix;Chris Livingston;Darius Brown II
2026,Charlotte Hornets,Indiana Pacers,118,127,Miles Bridges;Brandon Miller;LaMelo Ball;Moussa Diabaté;Sion James;Collin Sexton;Ryan Kalkbrenner;Grant Williams;Coby White;KJ Simpson;Josh Green;PJ Hall;Tidjane Salaün;Tre Mann;Liam McNeeley;Drew Peterson;Mason Plumlee;Pat Connaughton;Antonio Reeves;Xavier Tillman Sr.,Bennedict Mathurin;Andrew Nembhard;Aaron Nesmith;Jarace Walker;Kobe Brown;Jalen Slawson;Ivica Zubac;Ben Sheppard;Jay Huff;Ethan Thompson;Micah Potter;Johnny Furphy;Quenton Jackson;Obi Toppin;Jeremiah Robinson-Earl;T.J. McConnell;Isaiah Jackson;Kam Jones;James Wiseman;Cody Martin;Garrison Mathews;Taelon Peter;RayJ Dennis;Mac McClung;Tony Bradley;Monte Morris
2026,Toronto Raptors,Philadelphia 76ers,121,112,Scottie Barnes;Immanuel Quickley;RJ Barrett;Jakob Poeltl;Jamal Shead;Collin Murray-Boyles;Sandro Mamukelashvili;Ja'Kobe Walter;Ochai Agbaji;Gradey Dick;A.J. Lawson;Jamison Battle;Markelle Fultz;Chucky Hepburn;Alijah Martin;Jonathan Mogbo;Trayce Jackson-Davis;Garrett Temple;Mo Bamba,VJ Edgecombe;Joel Embiid;Kelly Oubre Jr.;Paul George;Quentin Grimes;Dominick Barlow;Andre Drummond;Adem Bona;Cameron Payne;Jared McCain;Trendon Watford;Justin Edwards;MarJon Beauchamp;Dalen Terry;Eric Gordon;Jabari Walker;Tyrese Martin;Kyle Lowry;Johni Broome;Charles Bassey;Hunter Sallis;Patrick Baldwin Jr.
2026,Golden State Warriors,Miami Heat,96,110,Stephen Curry;Brandin Podziemski;Draymond Green;Moses Moody;Jonathan Kuminga;Kristaps Porziņģis;De'Anthony Melton;Al Horford;Gui Santos;Charles Bassey;Will Richard;Pat Spencer;Buddy Hield;Quinten Post;Nate Williams;LJ Cryer;Gary Payton II;Seth Curry;Omer Yurtseven;Trayce Jackson-Davis;Malevy Leons,Tyler Herro;Andrew Wiggins;Norman Powell;Davion Mitchell;Jaime Jaquez Jr.;Pelle Larsson;Kel'el Ware;Kasparas Jakučionis;Nikola Jović;Simone Fontecchio;Dru Smith;Myron Gardner;Keshad Johnson;Jahmir Young;Vladislav Goldin;Trevor Keels
2026,Washington Wizards,Minnesota Timberwolves,109,120,CJ McCollum;Kyshawn George;Leaky Black;Bub Carrington;Alex Sarr;Bilal Coulibaly;Alondes Williams;Khris Middleton;Tre Johnson;Kadary Richmond;Will Riley;Trae Young;Jamir Watkins;Jaden Hardy;Justin Champagnie;Corey Kispert;Marvin Bagley III;Anthony Gill;Sharife Cooper;Cam Whitmore;Keshon Gilbert;Tristan Vukcevic;Skal Labissière;Malaki Branham;AJ Johnson,Julius Randle;Jaden McDaniels;Rudy Gobert;Donte DiVincenzo;Ayo Dosunmu;Naz Reid;Kyle Anderson;Mike Conley;Bones Hyland;Jaylen Clark;Terrence Shannon Jr.;Rob Dillingham;Enrique Freeman;Zyon Pullin;Joan Beringer;Julian Phillips;Rocco Zikarsky;Joe Ingles;Leonard Miller;Johnny Juzang
2026,Denver Nuggets,New Orleans Pelicans,125,118,Nikola Jokić;Christian Braun;Cameron Johnson;Peyton Watson;Aaron Gordon;Tim Hardaway Jr.;Bruce Brown;Spencer Jones;Jalen Pickett;Julian Strawther;David Roddy;Jonas Valančiūnas;Zeke Nnaji;Curtis Jones;Tyus Jones;DaRon Holmes;Hunter Tyson;KJ Simpson,Saddiq Bey;Zion Williamson;Herbert Jones;Dejounte Murray;Josh Oduro;Jeremiah Fears;Derik Queen;Jordan Poole;Jose Alvarado;Bryce McGowens;Yves Missi;DeAndre Jordan;Micah Peavy;Karlo Matković;Kevon Looney;Jordan Hawkins;Trey Alexander;Hunter Dickinson
2026,Sacramento Kings,Oklahoma City Thunder,99,113,Zach LaVine;DeMar DeRozan;Domantas Sabonis;Russell Westbrook;Maxime Raynaud;Daeqwon Plowden;Dennis Schröder;De'Andre Hunter;Nique Clifford;Precious Achiuwa;Malik Monk;Dylan Cardwell;DaQuan Jeffries;Devin Carter;Killian Hayes;Keon Ellis;Doug McDermott;Patrick Baldwin Jr.;Isaiah Stevens;Drew Eubanks;Dario Šarić;Isaac Jones,Chet Holmgren;Jalen Williams;Luguentz Dort;Cason Wallace;Ajay Mitchell;Isaiah Hartenstein;Aaron Wiggins;Isaiah Joe;Jaylin Williams;Alex Caruso;Jared McCain;Nikola Topić;Payton Sandfort;Kenrich Williams;Branden Carlson;Ousmane Dieng;Brooks Barnhizer;Chris Youngblood;Buddy Boeheim
2026,New York Knicks,Dallas Mavericks,113,111,OG Anunoby;Mikal Bridges;Karl-Anthony Towns;Josh Hart;Miles McBride;Landry Shamet;Mitchell Robinson;Jordan Clarkson;Jose Alvarado;Tyler Kolek;Mohamed Diawara;Ariel Hukporti;Guerschon Yabusele;Kevin McCullar Jr.;Jeremy Sochan;Trey Jemison;Dillon Jones;Pacôme Dadiet;Tosan Evbuomwan,Anthony Davis;P.J. Washington;Naji Marshall;Max Christie;Brandon Williams;Klay Thompson;Daniel Gafford;Marvin Bagley III;Khris Middleton;Ryan Nembhard;John Poulakidas;D'Angelo Russell;Tyus Jones;Dereck Lively II;Caleb Martin;Dwight Powell;Moussa Cisse;Tyler Smith;Jaden Hardy;Jeremiah Robinson-Earl;AJ Johnson;Miles Kelly
2026,Chicago Bulls,Portland Trail Blazers,122,121,Nikola Vučević;Matas Buzelis;Coby White;Jaden Ivey;Anfernee Simons;Tre Jones;Isaac Okoro;Ayo Dosunmu;Collin Sexton;Guerschon Yabusele;Kevin Huerter;Leonard Miller;Mouhamadou Gueye;Nick Richards;Rob Dillingham;Jalen Smith;Patrick Williams;Zach Collins;Mac McClung;Yuki Kawamura;Dalen Terry;Jevon Carter;Julian Phillips;Lachlan Olbrich;Emanuel Miller;Trentyn Flowers;Noa Essengue,Deni Avdija;Jerami Grant;Shaedon Sharpe;Jrue Holiday;Donovan Clingan;Scoot Henderson;Kris Murray;Caleb Love;Vít Krejčí;Sidy Cissoko;Robert Williams;Matisse Thybulle;Rayan Rupert;Blake Wesley;Duop Reath;Yang Hansen;Chris Youngblood;Javonte Cooke;Jayson Kent
2026,Los Angeles Clippers,Orlando Magic,101,129,Kawhi Leonard;Ivica Zubac;Darius Garland;Bennedict Mathurin;Kris Dunn;John Collins;Derrick Jones Jr.;Jordan Miller;Brook Lopez;Bradley Beal;Kobe Sanders;Bogdan Bogdanović;Nicolas Batum;Isaiah Jackson;Chris Paul;Yanic Konan Niederhäuser;Cam Christie;Kobe Brown;Patrick Baldwin Jr.;TyTy Washington Jr.;Dalano Banton;Sean Pedulla;Norchad Omier;RayJ Dennis;Jahmyl Telfort,Desmond Bane;Franz Wagner;Anthony Black;Wendell Carter Jr.;Jalen Suggs;Tristan Da Silva;Jevon Carter;Tyus Jones;Goga Bitadze;Noah Penda;Jett Howard;Jamal Cain;Moritz Wagner;Jase Richardson;Jonathan Isaac;Orlando Robinson;Alex Morales;Colin Castleton
2026,Sacramento Kings,Memphis Grizzlies,96,137,Zach LaVine;DeMar DeRozan;Domantas Sabonis;Russell Westbrook;Maxime Raynaud;Daeqwon Plowden;Dennis Schröder;De'Andre Hunter;Nique Clifford;Precious Achiuwa;Malik Monk;Dylan Cardwell;DaQuan Jeffries;Devin Carter;Killian Hayes;Keon Ellis;Doug McDermott;Patrick Baldwin Jr.;Isaiah Stevens;Drew Eubanks;Dario Šarić;Isaac Jones,Lucas Williamson;Rayan Rupert;Jaren Jackson Jr.;Dariq Whitehead;Adama-Alpha Bal;Ja Morant;Santi Aldama;Jaylen Wells;Zach Edey;Cedric Coward;Tyler Burton;Walter Clayton;Lawson Lovering;Taylor Hendricks;Cam Spencer;Jock Landale;Ty Jerome;Kyle Anderson;Jahmai Mashack;Vince Williams Jr.;GG Jackson II;Kentavious Caldwell-Pope;Scotty Pippen Jr.;DeJon Jarreau;Javon Small;Olivier-Maxence Prosper;Christian Koloko;Charles Bassey;John Konchar;Brandon Clarke;Taj Gibson;PJ Hall
2026,Philadelphia 76ers,Milwaukee Bucks,123,114,VJ Edgecombe;Joel Embiid;Kelly Oubre Jr.;Paul George;Quentin Grimes;Dominick Barlow;Andre Drummond;Adem Bona;Cameron Payne;Jared McCain;Trendon Watford;Justin Edwards;MarJon Beauchamp;Dalen Terry;Eric Gordon;Jabari Walker;Tyrese Martin;Kyle Lowry;Johni Broome;Charles Bassey;Hunter Sallis;Patrick Baldwin Jr.,Ryan Rollins;A.J. Green;Giannis Antetokounmpo;Myles Turner;Ousmane Dieng;Kyle Kuzma;Cormac Ryan;Bobby Portis;Taurean Prince;Gary Trent Jr.;Jericho Sims;Cam Thomas;Pete Nance;Cole Anthony;Gary Harris;Amir Coffey;Andre Jackson Jr.;Thanasis Antetokounmpo;Mark Sears;Alex Antetokounmpo
2026,Atlanta Hawks,San Antonio Spurs,126,135,Nickeil Alexander-Walker;Dyson Daniels;Onyeka Okongwu;CJ McCollum;Trae Young;Keshon Gilbert;Kristaps Porziņģis;Zaccharie Risacher;Vít Krejčí;Jonathan Kuminga;Luke Kennard;Jock Landale;Corey Kispert;Mouhamed Gueye;Gabe Vincent;Asa Newell;RayJ Dennis;Tony Bradley;Christian Koloko;Keaton Wallace;Buddy Hield;Caleb Houstan;N'Faly Dante;Jacob Toppin,Devin Vassell;Stephon Castle;Victor Wembanyama;Julian Champagnie;Harrison Barnes;Keldon Johnson;Dylan Harper;Luke Kornet;Jeremy Sochan;Carter Bryant;Kelly Olynyk;Mason Plumlee;Lindy Waters III;Jordan McLaughlin;David Jones García;Bismack Biyombo;Harrison Ingram;Stanley Umude;Riley Minix
2026,Indiana Pacers,Cleveland Cavaliers,109,120,Bennedict Mathurin;Andrew Nembhard;Aaron Nesmith;Jarace Walker;Kobe Brown;Jalen Slawson;Ivica Zubac;Ben Sheppard;Jay Huff;Ethan Thompson;Micah Potter;Johnny Furphy;Quenton Jackson;Obi Toppin;Jeremiah Robinson-Earl;T.J. McConnell;Isaiah Jackson;Kam Jones;James Wiseman;Cody Martin;Garrison Mathews;Taelon Peter;RayJ Dennis;Mac McClung;Tony Bradley;Monte Morris,Donovan Mitchell;Evan Mobley;Darius Garland;Jarrett Allen;Jaylon Tyson;Sam Merrill;De'Andre Hunter;Keon Ellis;Max Strus;Dean Wade;Dennis Schröder;Lonzo Ball;Craig Porter Jr.;Nae'Qwan Tomlin;Larry Nance Jr.;Thomas Bryant;Tyrese Proctor;Olivier Sarr;Tristan Enaruna;Luke Travers;Riley Minix;Chris Livingston;Darius Brown II
2026,Brooklyn Nets,Boston Celtics,113,105,Tre Scott;Nic Claxton;Noah Clowney;Egor Dёmin;Terance Mann;Cam Thomas;Malachi Smith;Ziaire Williams;Nolan Traoré;Drake Powell;Danny Wolf;Ben Saraf;Chaney Johnson;Josh Minott;Tyrese Martin;Day'Ron Sharpe;Ochai Agbaji;Jalen Wilson;Tyson Etienne;E.J. Liddell;Grant Nelson,Derrick White;Jayson Tatum;Payton Pritchard;Neemias Queta;Sam Hauser;Anfernee Simons;Nikola Vučević;Baylor Scheierman;Jordan Walsh;Luka Garza;Josh Minott;Hugo González;Dalano Banton;Ron Harper Jr.;Chris Boucher;Xavier Tillman Sr.;John Tonje;Amari Williams;Charles Bassey;Max Shulga
2026,Washington Wizards,Toronto Raptors,110,140,CJ McCollum;Kyshawn George;Leaky Black;Bub Carrington;Alex Sarr;Bilal Coulibaly;Alondes Williams;Khris Middleton;Tre Johnson;Kadary Richmond;Will Riley;Trae Young;Jamir Watkins;Jaden Hardy;Justin Champagnie;Corey Kispert;Marvin Bagley III;Anthony Gill;Sharife Cooper;Cam Whitmore;Keshon Gilbert;Tristan Vukcevic;Skal Labissière;Malaki Branham;AJ Johnson,Scottie Barnes;Immanuel Quickley;RJ Barrett;Jakob Poeltl;Jamal Shead;Collin Murray-Boyles;Sandro Mamukelashvili;Ja'Kobe Walter;Ochai Agbaji;Gradey Dick;A.J. Lawson;Jamison Battle;Markelle Fultz;Chucky Hepburn;Alijah Martin;Jonathan Mogbo;Trayce Jackson-Davis;Garrett Temple;Mo Bamba
2026,Miami Heat,Chicago Bulls,143,107,Tyler Herro;Andrew Wiggins;Norman Powell;Davion Mitchell;Jaime Jaquez Jr.;Pelle Larsson;Kel'el Ware;Kasparas Jakučionis;Nikola Jović;Simone Fontecchio;Dru Smith;Myron Gardner;Keshad Johnson;Jahmir Young;Vladislav Goldin;Trevor Keels,Nikola Vučević;Matas Buzelis;Coby White;Jaden Ivey;Anfernee Simons;Tre Jones;Isaac Okoro;Ayo Dosunmu;Collin Sexton;Guerschon Yabusele;Kevin Huerter;Leonard Miller;Mouhamadou Gueye;Nick Richards;Rob Dillingham;Jalen Smith;Patrick Williams;Zach Collins;Mac McClung;Yuki Kawamura;Dalen Terry;Jevon Carter;Julian Phillips;Lachlan Olbrich;Emanuel Miller;Trentyn Flowers;Noa Essengue
2026,New Orleans Pelicans,Dallas Mavericks,115,118,Saddiq Bey;Zion Williamson;Herbert Jones;Dejounte Murray;Josh Oduro;Jeremiah Fears;Derik Queen;Jordan Poole;Jose Alvarado;Bryce McGowens;Yves Missi;DeAndre Jordan;Micah Peavy;Karlo Matković;Kevon Looney;Jordan Hawkins;Trey Alexander;Hunter Dickinson,Anthony Davis;P.J. Washington;Naji Marshall;Max Christie;Brandon Williams;Klay Thompson;Daniel Gafford;Marvin Bagley III;Khris Middleton;Ryan Nembhard;John Poulakidas;D'Angelo Russell;Tyus Jones;Dereck Lively II;Caleb Martin;Dwight Powell;Moussa Cisse;Tyler Smith;Jaden Hardy;Jeremiah Robinson-Earl;AJ Johnson;Miles Kelly
2026,Minnesota Timberwolves,Phoenix Suns,113,114,Julius Randle;Jaden McDaniels;Rudy Gobert;Donte DiVincenzo;Ayo Dosunmu;Naz Reid;Kyle Anderson;Mike Conley;Bones Hyland;Jaylen Clark;Terrence Shannon Jr.;Rob Dillingham;Enrique Freeman;Zyon Pullin;Joan Beringer;Julian Phillips;Rocco Zikarsky;Joe Ingles;Leonard Miller;Johnny Juzang,Dillon Brooks;Grayson Allen;Collin Gillespie;Royce O'Neale;Jalen Green;Mark Williams;Jordan Goodwin;Oso Ighodaro;Ryan Dunn;Amir Coffey;Jamaree Bouyea;Haywood Highsmith;Rasheer Fleming;CJ Huntley;Isaiah Livers;Nick Richards;Khaman Maluach;Nigel Hayes-Davis;Koby Brea
2026,Denver Nuggets,Houston Rockets,112,109,Nikola Jokić;Christian Braun;Cameron Johnson;Peyton Watson;Aaron Gordon;Tim Hardaway Jr.;Bruce Brown;Spencer Jones;Jalen Pickett;Julian Strawther;David Roddy;Jonas Valančiūnas;Zeke Nnaji;Curtis Jones;Tyus Jones;DaRon Holmes;Hunter Tyson;KJ Simpson,Kevin Durant;Jabari Smith Jr.;Alperen Şengün;Reed Sheppard;Tari Eason;Steven Adams;Josh Okogie;Dorian Finney-Smith;Aaron Holiday;Clint Capela;Tristen Newton;Jae'Sean Tate;JD Davison;Isaiah Crawford;Jeff Green
2026,Portland Trail Blazers,Golden State Warriors,127,123,Deni Avdija;Jerami Grant;Shaedon Sharpe;Jrue Holiday;Donovan Clingan;Scoot Henderson;Kris Murray;Caleb Love;Vít Krejčí;Sidy Cissoko;Robert Williams;Matisse Thybulle;Rayan Rupert;Blake Wesley;Duop Reath;Yang Hansen;Chris Youngblood;Javonte Cooke;Jayson Kent,Stephen Curry;Brandin Podziemski;Draymond Green;Moses Moody;Jonathan Kuminga;Kristaps Porziņģis;De'Anthony Melton;Al Horford;Gui Santos;Charles Bassey;Will Richard;Pat Spencer;Buddy Hield;Quinten Post;Nate Williams;LJ Cryer;Gary Payton II;Seth Curry;Omer Yurtseven;Trayce Jackson-Davis;Malevy Leons
2026,Oklahoma City Thunder,Utah Jazz,144,112,Chet Holmgren;Jalen Williams;Luguentz Dort;Cason Wallace;Ajay Mitchell;Isaiah Hartenstein;Aaron Wiggins;Isaiah Joe;Jaylin Williams;Alex Caruso;Jared McCain;Nikola Topić;Payton Sandfort;Kenrich Williams;Branden Carlson;Ousmane Dieng;Brooks Barnhizer;Chris Youngblood;Buddy Boeheim,Andersson Garcia;Keyonte George;Bez Mbeng;Kennedy Chandler;Walker Kessler;Ace Bailey;Jusuf Nurkić;John Konchar;Isaiah Collier;Hayden Gray;Cody Williams;Jaren Jackson Jr.;Brice Sensabaugh;Kyle Filipowski;Svi Mykhailiuk;Elijah Harkless;Blake Hinson;Kyle Anderson;Mo Bamba;Walter Clayton;Kevin Love;Oscar Tshiebwe;Taylor Hendricks;Vince Williams Jr.
2026,Los Angeles Clippers,Charlotte Hornets,131,116,Kawhi Leonard;Ivica Zubac;Darius Garland;Bennedict Mathurin;Kris Dunn;John Collins;Derrick Jones Jr.;Jordan Miller;Brook Lopez;Bradley Beal;Kobe Sanders;Bogdan Bogdanović;Nicolas Batum;Isaiah Jackson;Chris Paul;Yanic Konan Niederhäuser;Cam Christie;Kobe Brown;Patrick Baldwin Jr.;TyTy Washington Jr.;Dalano Banton;Sean Pedulla;Norchad Omier;RayJ Dennis;Jahmyl Telfort,Miles Bridges;Brandon Miller;LaMelo Ball;Moussa Diabaté;Sion James;Collin Sexton;Ryan Kalkbrenner;Grant Williams;Coby White;KJ Simpson;Josh Green;PJ Hall;Tidjane Salaün;Tre Mann;Liam McNeeley;Drew Peterson;Mason Plumlee;Pat Connaughton;Antonio Reeves;Xavier Tillman Sr.
2026,New York Knicks,Orlando Magic,121,133,OG Anunoby;Mikal Bridges;Karl-Anthony Towns;Josh Hart;Miles McBride;Landry Shamet;Mitchell Robinson;Jordan Clarkson;Jose Alvarado;Tyler Kolek;Mohamed Diawara;Ariel Hukporti;Guerschon Yabusele;Kevin McCullar Jr.;Jeremy Sochan;Trey Jemison;Dillon Jones;Pacôme Dadiet;Tosan Evbuomwan,Desmond Bane;Franz Wagner;Anthony Black;Wendell Carter Jr.;Jalen Suggs;Tristan Da Silva;Jevon Carter;Tyus Jones;Goga Bitadze;Noah Penda;Jett Howard;Jamal Cain;Moritz Wagner;Jase Richardson;Jonathan Isaac;Orlando Robinson;Alex Morales;Colin Castleton
2026,Atlanta Hawks,New Orleans Pelicans,115,98,Nickeil Alexander-Walker;Dyson Daniels;Onyeka Okongwu;CJ McCollum;Trae Young;Keshon Gilbert;Kristaps Porziņģis;Zaccharie Risacher;Vít Krejčí;Jonathan Kuminga;Luke Kennard;Jock Landale;Corey Kispert;Mouhamed Gueye;Gabe Vincent;Asa Newell;RayJ Dennis;Tony Bradley;Christian Koloko;Keaton Wallace;Buddy Hield;Caleb Houstan;N'Faly Dante;Jacob Toppin,Saddiq Bey;Zion Williamson;Herbert Jones;Dejounte Murray;Josh Oduro;Jeremiah Fears;Derik Queen;Jordan Poole;Jose Alvarado;Bryce McGowens;Yves Missi;DeAndre Jordan;Micah Peavy;Karlo Matković;Kevon Looney;Jordan Hawkins;Trey Alexander;Hunter Dickinson
2026,Washington Wizards,Chicago Bulls,120,121,CJ McCollum;Kyshawn George;Leaky Black;Bub Carrington;Alex Sarr;Bilal Coulibaly;Alondes Williams;Khris Middleton;Tre Johnson;Kadary Richmond;Will Riley;Trae Young;Jamir Watkins;Jaden Hardy;Justin Champagnie;Corey Kispert;Marvin Bagley III;Anthony Gill;Sharife Cooper;Cam Whitmore;Keshon Gilbert;Tristan Vukcevic;Skal Labissière;Malaki Branham;AJ Johnson,Nikola Vučević;Matas Buzelis;Coby White;Jaden Ivey;Anfernee Simons;Tre Jones;Isaac Okoro;Ayo Dosunmu;Collin Sexton;Guerschon Yabusele;Kevin Huerter;Leonard Miller;Mouhamadou Gueye;Nick Richards;Rob Dillingham;Jalen Smith;Patrick Williams;Zach Collins;Mac McClung;Yuki Kawamura;Dalen Terry;Jevon Carter;Julian Phillips;Lachlan Olbrich;Emanuel Miller;Trentyn Flowers;Noa Essengue
2026,Detroit Pistons,Milwaukee Bucks,129,116,Jalen Duren;Tobias Harris;Duncan Robinson;Ausar Thompson;Isaiah Stewart;Kevin Huerter;Daniss Jenkins;Ron Holland;Caris LeVert;Javonte Green;Jaden Ivey;Paul Reed;Marcus Sasser;Wendell Moore Jr.;Tolu Smith;Chaz Lanier;Colby Jones;Bobi Klintman;Isaac Jones,Ryan Rollins;A.J. Green;Giannis Antetokounmpo;Myles Turner;Ousmane Dieng;Kyle Kuzma;Cormac Ryan;Bobby Portis;Taurean Prince;Gary Trent Jr.;Jericho Sims;Cam Thomas;Pete Nance;Cole Anthony;Gary Harris;Amir Coffey;Andre Jackson Jr.;Thanasis Antetokounmpo;Mark Sears;Alex Antetokounmpo
2026,Memphis Grizzlies,Dallas Mavericks,102,96,Lucas Williamson;Rayan Rupert;Jaren Jackson Jr.;Dariq Whitehead;Adama-Alpha Bal;Ja Morant;Santi Aldama;Jaylen Wells;Zach Edey;Cedric Coward;Tyler Burton;Walter Clayton;Lawson Lovering;Taylor Hendricks;Cam Spencer;Jock Landale;Ty Jerome;Kyle Anderson;Jahmai Mashack;Vince Williams Jr.;GG Jackson II;Kentavious Caldwell-Pope;Scotty Pippen Jr.;DeJon Jarreau;Javon Small;Olivier-Maxence Prosper;Christian Koloko;Charles Bassey;John Konchar;Brandon Clarke;Taj Gibson;PJ Hall,Anthony Davis;P.J. Washington;Naji Marshall;Max Christie;Brandon Williams;Klay Thompson;Daniel Gafford;Marvin Bagley III;Khris Middleton;Ryan Nembhard;John Poulakidas;D'Angelo Russell;Tyus Jones;Dereck Lively II;Caleb Martin;Dwight Powell;Moussa Cisse;Tyler Smith;Jaden Hardy;Jeremiah Robinson-Earl;AJ Johnson;Miles Kelly
2026,Sacramento Kings,Denver Nuggets,128,123,Zach LaVine;DeMar DeRozan;Domantas Sabonis;Russell Westbrook;Maxime Raynaud;Daeqwon Plowden;Dennis Schröder;De'Andre Hunter;Nique Clifford;Precious Achiuwa;Malik Monk;Dylan Cardwell;DaQuan Jeffries;Devin Carter;Killian Hayes;Keon Ellis;Doug McDermott;Patrick Baldwin Jr.;Isaiah Stevens;Drew Eubanks;Dario Šarić;Isaac Jones,Nikola Jokić;Christian Braun;Cameron Johnson;Peyton Watson;Aaron Gordon;Tim Hardaway Jr.;Bruce Brown;Spencer Jones;Jalen Pickett;Julian Strawther;David Roddy;Jonas Valančiūnas;Zeke Nnaji;Curtis Jones;Tyus Jones;DaRon Holmes;Hunter Tyson;KJ Simpson
2026,Miami Heat,Philadelphia 76ers,127,117,Tyler Herro;Andrew Wiggins;Norman Powell;Davion Mitchell;Jaime Jaquez Jr.;Pelle Larsson;Kel'el Ware;Kasparas Jakučionis;Nikola Jović;Simone Fontecchio;Dru Smith;Myron Gardner;Keshad Johnson;Jahmir Young;Vladislav Goldin;Trevor Keels,VJ Edgecombe;Joel Embiid;Kelly Oubre Jr.;Paul George;Quentin Grimes;Dominick Barlow;Andre Drummond;Adem Bona;Cameron Payne;Jared McCain;Trendon Watford;Justin Edwards;MarJon Beauchamp;Dalen Terry;Eric Gordon;Jabari Walker;Tyrese Martin;Kyle Lowry;Johni Broome;Charles Bassey;Hunter Sallis;Patrick Baldwin Jr.
2026,Charlotte Hornets,Atlanta Hawks,110,113,Miles Bridges;Brandon Miller;LaMelo Ball;Moussa Diabaté;Sion James;Collin Sexton;Ryan Kalkbrenner;Grant Williams;Coby White;KJ Simpson;Josh Green;PJ Hall;Tidjane Salaün;Tre Mann;Liam McNeeley;Drew Peterson;Mason Plumlee;Pat Connaughton;Antonio Reeves;Xavier Tillman Sr.,Nickeil Alexander-Walker;Dyson Daniels;Onyeka Okongwu;CJ McCollum;Trae Young;Keshon Gilbert;Kristaps Porziņģis;Zaccharie Risacher;Vít Krejčí;Jonathan Kuminga;Luke Kennard;Jock Landale;Corey Kispert;Mouhamed Gueye;Gabe Vincent;Asa Newell;RayJ Dennis;Tony Bradley;Christian Koloko;Keaton Wallace;Buddy Hield;Caleb Houstan;N'Faly Dante;Jacob Toppin
2026,Orlando Magic,Boston Celtics,129,138,Desmond Bane;Franz Wagner;Anthony Black;Wendell Carter Jr.;Jalen Suggs;Tristan Da Silva;Jevon Carter;Tyus Jones;Goga Bitadze;Noah Penda;Jett Howard;Jamal Cain;Moritz Wagner;Jase Richardson;Jonathan Isaac;Orlando Robinson;Alex Morales;Colin Castleton,Derrick White;Jayson Tatum;Payton Pritchard;Neemias Queta;Sam Hauser;Anfernee Simons;Nikola Vučević;Baylor Scheierman;Jordan Walsh;Luka Garza;Josh Minott;Hugo González;Dalano Banton;Ron Harper Jr.;Chris Boucher;Xavier Tillman Sr.;John Tonje;Amari Williams;Charles Bassey;Max Shulga
2026,Los Angeles Clippers,Cleveland Cavaliers,105,120,Kawhi Leonard;Ivica Zubac;Darius Garland;Bennedict Mathurin;Kris Dunn;John Collins;Derrick Jones Jr.;Jordan Miller;Brook Lopez;Bradley Beal;Kobe Sanders;Bogdan Bogdanović;Nicolas Batum;Isaiah Jackson;Chris Paul;Yanic Konan Niederhäuser;Cam Christie;Kobe Brown;Patrick Baldwin Jr.;TyTy Washington Jr.;Dalano Banton;Sean Pedulla;Norchad Omier;RayJ Dennis;Jahmyl Telfort,Donovan Mitchell;Evan Mobley;Darius Garland;Jarrett Allen;Jaylon Tyson;Sam Merrill;De'Andre Hunter;Keon Ellis;Max Strus;Dean Wade;Dennis Schröder;Lonzo Ball;Craig Porter Jr.;Nae'Qwan Tomlin;Larry Nance Jr.;Thomas Bryant;Tyrese Proctor;Olivier Sarr;Tristan Enaruna;Luke Travers;Riley Minix;Chris Livingston;Darius Brown II
2026,Brooklyn Nets,Toronto Raptors,109,119,Tre Scott;Nic Claxton;Noah Clowney;Egor Dёmin;Terance Mann;Cam Thomas;Malachi Smith;Ziaire Williams;Nolan Traoré;Drake Powell;Danny Wolf;Ben Saraf;Chaney Johnson;Josh Minott;Tyrese Martin;Day'Ron Sharpe;Ochai Agbaji;Jalen Wilson;Tyson Etienne;E.J. Liddell;Grant Nelson,Scottie Barnes;Immanuel Quickley;RJ Barrett;Jakob Poeltl;Jamal Shead;Collin Murray-Boyles;Sandro Mamukelashvili;Ja'Kobe Walter;Ochai Agbaji;Gradey Dick;A.J. Lawson;Jamison Battle;Markelle Fultz;Chucky Hepburn;Alijah Martin;Jonathan Mogbo;Trayce Jackson-Davis;Garrett Temple;Mo Bamba
2026,Portland Trail Blazers,Oklahoma City Thunder,95,122,Deni Avdija;Jerami Grant;Shaedon Sharpe;Jrue Holiday;Donovan Clingan;Scoot Henderson;Kris Murray;Caleb Love;Vít Krejčí;Sidy Cissoko;Robert Williams;Matisse Thybulle;Rayan Rupert;Blake Wesley;Duop Reath;Yang Hansen;Chris Youngblood;Javonte Cooke;Jayson Kent,Chet Holmgren;Jalen Williams;Luguentz Dort;Cason Wallace;Ajay Mitchell;Isaiah Hartenstein;Aaron Wiggins;Isaiah Joe;Jaylin Williams;Alex Caruso;Jared McCain;Nikola Topić;Payton Sandfort;Kenrich Williams;Branden Carlson;Ousmane Dieng;Brooks Barnhizer;Chris Youngblood;Buddy Boeheim
2026,San Antonio Spurs,Phoenix Suns,102,111,Devin Vassell;Stephon Castle;Victor Wembanyama;Julian Champagnie;Harrison Barnes;Keldon Johnson;Dylan Harper;Luke Kornet;Jeremy Sochan;Carter Bryant;Kelly Olynyk;Mason Plumlee;Lindy Waters III;Jordan McLaughlin;David Jones García;Bismack Biyombo;Harrison Ingram;Stanley Umude;Riley Minix,Dillon Brooks;Grayson Allen;Collin Gillespie;Royce O'Neale;Jalen Green;Mark Williams;Jordan Goodwin;Oso Ighodaro;Ryan Dunn;Amir Coffey;Jamaree Bouyea;Haywood Highsmith;Rasheer Fleming;CJ Huntley;Isaiah Livers;Nick Richards;Khaman Maluach;Nigel Hayes-Davis;Koby Brea
2026,Los Angeles Lakers,Utah Jazz,108,106,Austin Reaves;LeBron James;Marcus Smart;Rui Hachimura;Deandre Ayton;Jake LaRavia;Luke Kennard;Gabe Vincent;Jaxson Hayes;Jarred Vanderbilt;Nick Smith Jr.;Maxi Kleber;Dalton Knecht;Bronny James;Drew Timme;Kobe Bufkin;Adou Thiero;Chris Mañon;Christian Koloko,Andersson Garcia;Keyonte George;Bez Mbeng;Kennedy Chandler;Walker Kessler;Ace Bailey;Jusuf Nurkić;John Konchar;Isaiah Collier;Hayden Gray;Cody Williams;Jaren Jackson Jr.;Brice Sensabaugh;Kyle Filipowski;Svi Mykhailiuk;Elijah Harkless;Blake Hinson;Kyle Anderson;Mo Bamba;Walter Clayton;Kevin Love;Oscar Tshiebwe;Taylor Hendricks;Vince Williams Jr.
2026,Detroit Pistons,Indiana Pacers,122,117,Jalen Duren;Tobias Harris;Duncan Robinson;Ausar Thompson;Isaiah Stewart;Kevin Huerter;Daniss Jenkins;Ron Holland;Caris LeVert;Javonte Green;Jaden Ivey;Paul Reed;Marcus Sasser;Wendell Moore Jr.;Tolu Smith;Chaz Lanier;Colby Jones;Bobi Klintman;Isaac Jones,Bennedict Mathurin;Andrew Nembhard;Aaron Nesmith;Jarace Walker;Kobe Brown;Jalen Slawson;Ivica Zubac;Ben Sheppard;Jay Huff;Ethan Thompson;Micah Potter;Johnny Furphy;Quenton Jackson;Obi Toppin;Jeremiah Robinson-Earl;T.J. McConnell;Isaiah Jackson;Kam Jones;James Wiseman;Cody Martin;Garrison Mathews;Taelon Peter;RayJ Dennis;Mac McClung;Tony Bradley;Monte Morris
2026,Cleveland Cavaliers,Toronto Raptors,99,110,Donovan Mitchell;Evan Mobley;Darius Garland;Jarrett Allen;Jaylon Tyson;Sam Merrill;De'Andre Hunter;Keon Ellis;Max Strus;Dean Wade;Dennis Schröder;Lonzo Ball;Craig Porter Jr.;Nae'Qwan Tomlin;Larry Nance Jr.;Thomas Bryant;Tyrese Proctor;Olivier Sarr;Tristan Enaruna;Luke Travers;Riley Minix;Chris Livingston;Darius Brown II,Scottie Barnes;Immanuel Quickley;RJ Barrett;Jakob Poeltl;Jamal Shead;Collin Murray-Boyles;Sandro Mamukelashvili;Ja'Kobe Walter;Ochai Agbaji;Gradey Dick;A.J. Lawson;Jamison Battle;Markelle Fultz;Chucky Hepburn;Alijah Martin;Jonathan Mogbo;Trayce Jackson-Davis;Garrett Temple;Mo Bamba
2026,New York Knicks,Brooklyn Nets,113,100,OG Anunoby;Mikal Bridges;Karl-Anthony Towns;Josh Hart;Miles McBride;Landry Shamet;Mitchell Robinson;Jordan Clarkson;Jose Alvarado;Tyler Kolek;Mohamed Diawara;Ariel Hukporti;Guerschon Yabusele;Kevin McCullar Jr.;Jeremy Sochan;Trey Jemison;Dillon Jones;Pacôme Dadiet;Tosan Evbuomwan,Tre Scott;Nic Claxton;Noah Clowney;Egor Dёmin;Terance Mann;Cam Thomas;Malachi Smith;Ziaire Williams;Nolan Traoré;Drake Powell;Danny Wolf;Ben Saraf;Chaney Johnson;Josh Minott;Tyrese Martin;Day'Ron Sharpe;Ochai Agbaji;Jalen Wilson;Tyson Etienne;E.J. Liddell;Grant Nelson
2026,Dallas Mavericks,Miami Heat,102,106,Anthony Davis;P.J. Washington;Naji Marshall;Max Christie;Brandon Williams;Klay Thompson;Daniel Gafford;Marvin Bagley III;Khris Middleton;Ryan Nembhard;John Poulakidas;D'Angelo Russell;Tyus Jones;Dereck Lively II;Caleb Martin;Dwight Powell;Moussa Cisse;Tyler Smith;Jaden Hardy;Jeremiah Robinson-Earl;AJ Johnson;Miles Kelly,Tyler Herro;Andrew Wiggins;Norman Powell;Davion Mitchell;Jaime Jaquez Jr.;Pelle Larsson;Kel'el Ware;Kasparas Jakučionis;Nikola Jović;Simone Fontecchio;Dru Smith;Myron Gardner;Keshad Johnson;Jahmir Young;Vladislav Goldin;Trevor Keels
2026,Denver Nuggets,Memphis Grizzlies,125,115,Nikola Jokić;Christian Braun;Cameron Johnson;Peyton Watson;Aaron Gordon;Tim Hardaway Jr.;Bruce Brown;Spencer Jones;Jalen Pickett;Julian Strawther;David Roddy;Jonas Valančiūnas;Zeke Nnaji;Curtis Jones;Tyus Jones;DaRon Holmes;Hunter Tyson;KJ Simpson,Lucas Williamson;Rayan Rupert;Jaren Jackson Jr.;Dariq Whitehead;Adama-Alpha Bal;Ja Morant;Santi Aldama;Jaylen Wells;Zach Edey;Cedric Coward;Tyler Burton;Walter Clayton;Lawson Lovering;Taylor Hendricks;Cam Spencer;Jock Landale;Ty Jerome;Kyle Anderson;Jahmai Mashack;Vince Williams Jr.;GG Jackson II;Kentavious Caldwell-Pope;Scotty Pippen Jr.;DeJon Jarreau;Javon Small;Olivier-Maxence Prosper;Christian Koloko;Charles Bassey;John Konchar;Brandon Clarke;Taj Gibson;PJ Hall
2026,Portland Trail Blazers,Milwaukee Bucks,115,103,Deni Avdija;Jerami Grant;Shaedon Sharpe;Jrue Holiday;Donovan Clingan;Scoot Henderson;Kris Murray;Caleb Love;Vít Krejčí;Sidy Cissoko;Robert Williams;Matisse Thybulle;Rayan Rupert;Blake Wesley;Duop Reath;Yang Hansen;Chris Youngblood;Javonte Cooke;Jayson Kent,Ryan Rollins;A.J. Green;Giannis Antetokounmpo;Myles Turner;Ousmane Dieng;Kyle Kuzma;Cormac Ryan;Bobby Portis;Taurean Prince;Gary Trent Jr.;Jericho Sims;Cam Thomas;Pete Nance;Cole Anthony;Gary Harris;Amir Coffey;Andre Jackson Jr.;Thanasis Antetokounmpo;Mark Sears;Alex Antetokounmpo
2026,Chicago Bulls,New Orleans Pelicans,130,143,Nikola Vučević;Matas Buzelis;Coby White;Jaden Ivey;Anfernee Simons;Tre Jones;Isaac Okoro;Ayo Dosunmu;Collin Sexton;Guerschon Yabusele;Kevin Huerter;Leonard Miller;Mouhamadou Gueye;Nick Richards;Rob Dillingham;Jalen Smith;Patrick Williams;Zach Collins;Mac McClung;Yuki Kawamura;Dalen Terry;Jevon Carter;Julian Phillips;Lachlan Olbrich;Emanuel Miller;Trentyn Flowers;Noa Essengue,Saddiq Bey;Zion Williamson;Herbert Jones;Dejounte Murray;Josh Oduro;Jeremiah Fears;Derik Queen;Jordan Poole;Jose Alvarado;Bryce McGowens;Yves Missi;DeAndre Jordan;Micah Peavy;Karlo Matković;Kevon Looney;Jordan Hawkins;Trey Alexander;Hunter Dickinson
2026,Houston Rockets,Phoenix Suns,114,92,Kevin Durant;Jabari Smith Jr.;Alperen Şengün;Reed Sheppard;Tari Eason;Steven Adams;Josh Okogie;Dorian Finney-Smith;Aaron Holiday;Clint Capela;Tristen Newton;Jae'Sean Tate;JD Davison;Isaiah Crawford;Jeff Green,Dillon Brooks;Grayson Allen;Collin Gillespie;Royce O'Neale;Jalen Green;Mark Williams;Jordan Goodwin;Oso Ighodaro;Ryan Dunn;Amir Coffey;Jamaree Bouyea;Haywood Highsmith;Rasheer Fleming;CJ Huntley;Isaiah Livers;Nick Richards;Khaman Maluach;Nigel Hayes-Davis;Koby Brea
2026,Utah Jazz,Golden State Warriors,117,134,Andersson Garcia;Keyonte George;Bez Mbeng;Kennedy Chandler;Walker Kessler;Ace Bailey;Jusuf Nurkić;John Konchar;Isaiah Collier;Hayden Gray;Cody Williams;Jaren Jackson Jr.;Brice Sensabaugh;Kyle Filipowski;Svi Mykhailiuk;Elijah Harkless;Blake Hinson;Kyle Anderson;Mo Bamba;Walter Clayton;Kevin Love;Oscar Tshiebwe;Taylor Hendricks;Vince Williams Jr.,Stephen Curry;Brandin Podziemski;Draymond Green;Moses Moody;Jonathan Kuminga;Kristaps Porziņģis;De'Anthony Melton;Al Horford;Gui Santos;Charles Bassey;Will Richard;Pat Spencer;Buddy Hield;Quinten Post;Nate Williams;LJ Cryer;Gary Payton II;Seth Curry;Omer Yurtseven;Trayce Jackson-Davis;Malevy Leons
2026,Minnesota Timberwolves,Sacramento Kings,112,117,Julius Randle;Jaden McDaniels;Rudy Gobert;Donte DiVincenzo;Ayo Dosunmu;Naz Reid;Kyle Anderson;Mike Conley;Bones Hyland;Jaylen Clark;Terrence Shannon Jr.;Rob Dillingham;Enrique Freeman;Zyon Pullin;Joan Beringer;Julian Phillips;Rocco Zikarsky;Joe Ingles;Leonard Miller;Johnny Juzang,Zach LaVine;DeMar DeRozan;Domantas Sabonis;Russell Westbrook;Maxime Raynaud;Daeqwon Plowden;Dennis Schröder;De'Andre Hunter;Nique Clifford;Precious Achiuwa;Malik Monk;Dylan Cardwell;DaQuan Jeffries;Devin Carter;Killian Hayes;Keon Ellis;Doug McDermott;Patrick Baldwin Jr.;Isaiah Stevens;Drew Eubanks;Dario Šarić;Isaac Jones
2026,Atlanta Hawks,Washington Wizards,113,132,Nickeil Alexander-Walker;Dyson Daniels;Onyeka Okongwu;CJ McCollum;Trae Young;Keshon Gilbert;Kristaps Porziņģis;Zaccharie Risacher;Vít Krejčí;Jonathan Kuminga;Luke Kennard;Jock Landale;Corey Kispert;Mouhamed Gueye;Gabe Vincent;Asa Newell;RayJ Dennis;Tony Bradley;Christian Koloko;Keaton Wallace;Buddy Hield;Caleb Houstan;N'Faly Dante;Jacob Toppin,CJ McCollum;Kyshawn George;Leaky Black;Bub Carrington;Alex Sarr;Bilal Coulibaly;Alondes Williams;Khris Middleton;Tre Johnson;Kadary Richmond;Will Riley;Trae Young;Jamir Watkins;Jaden Hardy;Justin Champagnie;Corey Kispert;Marvin Bagley III;Anthony Gill;Sharife Cooper;Cam Whitmore;Keshon Gilbert;Tristan Vukcevic;Skal Labissière;Malaki Branham;AJ Johnson
2026,Orlando Magic,Philadelphia 76ers,144,103,Desmond Bane;Franz Wagner;Anthony Black;Wendell Carter Jr.;Jalen Suggs;Tristan Da Silva;Jevon Carter;Tyus Jones;Goga Bitadze;Noah Penda;Jett Howard;Jamal Cain;Moritz Wagner;Jase Richardson;Jonathan Isaac;Orlando Robinson;Alex Morales;Colin Castleton,VJ Edgecombe;Joel Embiid;Kelly Oubre Jr.;Paul George;Quentin Grimes;Dominick Barlow;Andre Drummond;Adem Bona;Cameron Payne;Jared McCain;Trendon Watford;Justin Edwards;MarJon Beauchamp;Dalen Terry;Eric Gordon;Jabari Walker;Tyrese Martin;Kyle Lowry;Johni Broome;Charles Bassey;Hunter Sallis;Patrick Baldwin Jr.
2026,Los Angeles Clippers,Los Angeles Lakers,118,135,Kawhi Leonard;Ivica Zubac;Darius Garland;Bennedict Mathurin;Kris Dunn;John Collins;Derrick Jones Jr.;Jordan Miller;Brook Lopez;Bradley Beal;Kobe Sanders;Bogdan Bogdanović;Nicolas Batum;Isaiah Jackson;Chris Paul;Yanic Konan Niederhäuser;Cam Christie;Kobe Brown;Patrick Baldwin Jr.;TyTy Washington Jr.;Dalano Banton;Sean Pedulla;Norchad Omier;RayJ Dennis;Jahmyl Telfort,Austin Reaves;LeBron James;Marcus Smart;Rui Hachimura;Deandre Ayton;Jake LaRavia;Luke Kennard;Gabe Vincent;Jaxson Hayes;Jarred Vanderbilt;Nick Smith Jr.;Maxi Kleber;Dalton Knecht;Bronny James;Drew Timme;Kobe Bufkin;Adou Thiero;Chris Mañon;Christian Koloko
2026,Detroit Pistons,Boston Celtics,114,117,Jalen Duren;Tobias Harris;Duncan Robinson;Ausar Thompson;Isaiah Stewart;Kevin Huerter;Daniss Jenkins;Ron Holland;Caris LeVert;Javonte Green;Jaden Ivey;Paul Reed;Marcus Sasser;Wendell Moore Jr.;Tolu Smith;Chaz Lanier;Colby Jones;Bobi Klintman;Isaac Jones,Derrick White;Jayson Tatum;Payton Pritchard;Neemias Queta;Sam Hauser;Anfernee Simons;Nikola Vučević;Baylor Scheierman;Jordan Walsh;Luka Garza;Josh Minott;Hugo González;Dalano Banton;Ron Harper Jr.;Chris Boucher;Xavier Tillman Sr.;John Tonje;Amari Williams;Charles Bassey;Max Shulga
2026,New York Knicks,Charlotte Hornets,129,101,OG Anunoby;Mikal Bridges;Karl-Anthony Towns;Josh Hart;Miles McBride;Landry Shamet;Mitchell Robinson;Jordan Clarkson;Jose Alvarado;Tyler Kolek;Mohamed Diawara;Ariel Hukporti;Guerschon Yabusele;Kevin McCullar Jr.;Jeremy Sochan;Trey Jemison;Dillon Jones;Pacôme Dadiet;Tosan Evbuomwan,Miles Bridges;Brandon Miller;LaMelo Ball;Moussa Diabaté;Sion James;Collin Sexton;Ryan Kalkbrenner;Grant Williams;Coby White;KJ Simpson;Josh Green;PJ Hall;Tidjane Salaün;Tre Mann;Liam McNeeley;Drew Peterson;Mason Plumlee;Pat Connaughton;Antonio Reeves;Xavier Tillman Sr.
2026,Milwaukee Bucks,Miami Heat,103,106,Ryan Rollins;A.J. Green;Giannis Antetokounmpo;Myles Turner;Ousmane Dieng;Kyle Kuzma;Cormac Ryan;Bobby Portis;Taurean Prince;Gary Trent Jr.;Jericho Sims;Cam Thomas;Pete Nance;Cole Anthony;Gary Harris;Amir Coffey;Andre Jackson Jr.;Thanasis Antetokounmpo;Mark Sears;Alex Antetokounmpo,Tyler Herro;Andrew Wiggins;Norman Powell;Davion Mitchell;Jaime Jaquez Jr.;Pelle Larsson;Kel'el Ware;Kasparas Jakučionis;Nikola Jović;Simone Fontecchio;Dru Smith;Myron Gardner;Keshad Johnson;Jahmir Young;Vladislav Goldin;Trevor Keels
2026,Minnesota Timberwolves,Oklahoma City Thunder,105,113,Julius Randle;Jaden McDaniels;Rudy Gobert;Donte DiVincenzo;Ayo Dosunmu;Naz Reid;Kyle Anderson;Mike Conley;Bones Hyland;Jaylen Clark;Terrence Shannon Jr.;Rob Dillingham;Enrique Freeman;Zyon Pullin;Joan Beringer;Julian Phillips;Rocco Zikarsky;Joe Ingles;Leonard Miller;Johnny Juzang,Chet Holmgren;Jalen Williams;Luguentz Dort;Cason Wallace;Ajay Mitchell;Isaiah Hartenstein;Aaron Wiggins;Isaiah Joe;Jaylin Williams;Alex Caruso;Jared McCain;Nikola Topić;Payton Sandfort;Kenrich Williams;Branden Carlson;Ousmane Dieng;Brooks Barnhizer;Chris Youngblood;Buddy Boeheim
2026,Indiana Pacers,Toronto Raptors,95,97,Bennedict Mathurin;Andrew Nembhard;Aaron Nesmith;Jarace Walker;Kobe Brown;Jalen Slawson;Ivica Zubac;Ben Sheppard;Jay Huff;Ethan Thompson;Micah Potter;Johnny Furphy;Quenton Jackson;Obi Toppin;Jeremiah Robinson-Earl;T.J. McConnell;Isaiah Jackson;Kam Jones;James Wiseman;Cody Martin;Garrison Mathews;Taelon Peter;RayJ Dennis;Mac McClung;Tony Bradley;Monte Morris,Scottie Barnes;Immanuel Quickley;RJ Barrett;Jakob Poeltl;Jamal Shead;Collin Murray-Boyles;Sandro Mamukelashvili;Ja'Kobe Walter;Ochai Agbaji;Gradey Dick;A.J. Lawson;Jamison Battle;Markelle Fultz;Chucky Hepburn;Alijah Martin;Jonathan Mogbo;Trayce Jackson-Davis;Garrett Temple;Mo Bamba
2026,Memphis Grizzlies,New Orleans Pelicans,133,128,Lucas Williamson;Rayan Rupert;Jaren Jackson Jr.;Dariq Whitehead;Adama-Alpha Bal;Ja Morant;Santi Aldama;Jaylen Wells;Zach Edey;Cedric Coward;Tyler Burton;Walter Clayton;Lawson Lovering;Taylor Hendricks;Cam Spencer;Jock Landale;Ty Jerome;Kyle Anderson;Jahmai Mashack;Vince Williams Jr.;GG Jackson II;Kentavious Caldwell-Pope;Scotty Pippen Jr.;DeJon Jarreau;Javon Small;Olivier-Maxence Prosper;Christian Koloko;Charles Bassey;John Konchar;Brandon Clarke;Taj Gibson;PJ Hall,Saddiq Bey;Zion Williamson;Herbert Jones;Dejounte Murray;Josh Oduro;Jeremiah Fears;Derik Queen;Jordan Poole;Jose Alvarado;Bryce McGowens;Yves Missi;DeAndre Jordan;Micah Peavy;Karlo Matković;Kevon Looney;Jordan Hawkins;Trey Alexander;Hunter Dickinson
2026,Houston Rockets,Golden State Warriors,104,100,Kevin Durant;Jabari Smith Jr.;Alperen Şengün;Reed Sheppard;Tari Eason;Steven Adams;Josh Okogie;Dorian Finney-Smith;Aaron Holiday;Clint Capela;Tristen Newton;Jae'Sean Tate;JD Davison;Isaiah Crawford;Jeff Green,Stephen Curry;Brandin Podziemski;Draymond Green;Moses Moody;Jonathan Kuminga;Kristaps Porziņģis;De'Anthony Melton;Al Horford;Gui Santos;Charles Bassey;Will Richard;Pat Spencer;Buddy Hield;Quinten Post;Nate Williams;LJ Cryer;Gary Payton II;Seth Curry;Omer Yurtseven;Trayce Jackson-Davis;Malevy Leons
2026,San Antonio Spurs,Portland Trail Blazers,115,102,Devin Vassell;Stephon Castle;Victor Wembanyama;Julian Champagnie;Harrison Barnes;Keldon Johnson;Dylan Harper;Luke Kornet;Jeremy Sochan;Carter Bryant;Kelly Olynyk;Mason Plumlee;Lindy Waters III;Jordan McLaughlin;David Jones García;Bismack Biyombo;Harrison Ingram;Stanley Umude;Riley Minix,Deni Avdija;Jerami Grant;Shaedon Sharpe;Jrue Holiday;Donovan Clingan;Scoot Henderson;Kris Murray;Caleb Love;Vít Krejčí;Sidy Cissoko;Robert Williams;Matisse Thybulle;Rayan Rupert;Blake Wesley;Duop Reath;Yang Hansen;Chris Youngblood;Javonte Cooke;Jayson Kent
2026,Phoenix Suns,Sacramento Kings,112,100,Dillon Brooks;Grayson Allen;Collin Gillespie;Royce O'Neale;Jalen Green;Mark Williams;Jordan Goodwin;Oso Ighodaro;Ryan Dunn;Amir Coffey;Jamaree Bouyea;Haywood Highsmith;Rasheer Fleming;CJ Huntley;Isaiah Livers;Nick Richards;Khaman Maluach;Nigel Hayes-Davis;Koby Brea,Zach LaVine;DeMar DeRozan;Domantas Sabonis;Russell Westbrook;Maxime Raynaud;Daeqwon Plowden;Dennis Schröder;De'Andre Hunter;Nique Clifford;Precious Achiuwa;Malik Monk;Dylan Cardwell;DaQuan Jeffries;Devin Carter;Killian Hayes;Keon Ellis;Doug McDermott;Patrick Baldwin Jr.;Isaiah Stevens;Drew Eubanks;Dario Šarić;Isaac Jones
2026,Cleveland Cavaliers,Atlanta Hawks,123,130,Donovan Mitchell;Evan Mobley;Darius Garland;Jarrett Allen;Jaylon Tyson;Sam Merrill;De'Andre Hunter;Keon Ellis;Max Strus;Dean Wade;Dennis Schröder;Lonzo Ball;Craig Porter Jr.;Nae'Qwan Tomlin;Larry Nance Jr.;Thomas Bryant;Tyrese Proctor;Olivier Sarr;Tristan Enaruna;Luke Travers;Riley Minix;Chris Livingston;Darius Brown II,Nickeil Alexander-Walker;Dyson Daniels;Onyeka Okongwu;CJ McCollum;Trae Young;Keshon Gilbert;Kristaps Porziņģis;Zaccharie Risacher;Vít Krejčí;Jonathan Kuminga;Luke Kennard;Jock Landale;Corey Kispert;Mouhamed Gueye;Gabe Vincent;Asa Newell;RayJ Dennis;Tony Bradley;Christian Koloko;Keaton Wallace;Buddy Hield;Caleb Houstan;N'Faly Dante;Jacob Toppin
2026,Philadelphia 76ers,Brooklyn Nets,115,103,VJ Edgecombe;Joel Embiid;Kelly Oubre Jr.;Paul George;Quentin Grimes;Dominick Barlow;Andre Drummond;Adem Bona;Cameron Payne;Jared McCain;Trendon Watford;Justin Edwards;MarJon Beauchamp;Dalen Terry;Eric Gordon;Jabari Walker;Tyrese Martin;Kyle Lowry;Johni Broome;Charles Bassey;Hunter Sallis;Patrick Baldwin Jr.,Tre Scott;Nic Claxton;Noah Clowney;Egor Dёmin;Terance Mann;Cam Thomas;Malachi Smith;Ziaire Williams;Nolan Traoré;Drake Powell;Danny Wolf;Ben Saraf;Chaney Johnson;Josh Minott;Tyrese Martin;Day'Ron Sharpe;Ochai Agbaji;Jalen Wilson;Tyson Etienne;E.J. Liddell;Grant Nelson
2026,Chicago Bulls,Charlotte Hornets,116,123,Nikola Vučević;Matas Buzelis;Coby White;Jaden Ivey;Anfernee Simons;Tre Jones;Isaac Okoro;Ayo Dosunmu;Collin Sexton;Guerschon Yabusele;Kevin Huerter;Leonard Miller;Mouhamadou Gueye;Nick Richards;Rob Dillingham;Jalen Smith;Patrick Williams;Zach Collins;Mac McClung;Yuki Kawamura;Dalen Terry;Jevon Carter;Julian Phillips;Lachlan Olbrich;Emanuel Miller;Trentyn Flowers;Noa Essengue,Miles Bridges;Brandon Miller;LaMelo Ball;Moussa Diabaté;Sion James;Collin Sexton;Ryan Kalkbrenner;Grant Williams;Coby White;KJ Simpson;Josh Green;PJ Hall;Tidjane Salaün;Tre Mann;Liam McNeeley;Drew Peterson;Mason Plumlee;Pat Connaughton;Antonio Reeves;Xavier Tillman Sr.
2026,Orlando Magic,Detroit Pistons,112,109,Desmond Bane;Franz Wagner;Anthony Black;Wendell Carter Jr.;Jalen Suggs;Tristan Da Silva;Jevon Carter;Tyus Jones;Goga Bitadze;Noah Penda;Jett Howard;Jamal Cain;Moritz Wagner;Jase Richardson;Jonathan Isaac;Orlando Robinson;Alex Morales;Colin Castleton,Jalen Duren;Tobias Harris;Duncan Robinson;Ausar Thompson;Isaiah Stewart;Kevin Huerter;Daniss Jenkins;Ron Holland;Caris LeVert;Javonte Green;Jaden Ivey;Paul Reed;Marcus Sasser;Wendell Moore Jr.;Tolu Smith;Chaz Lanier;Colby Jones;Bobi Klintman;Isaac Jones
2026,Washington Wizards,Indiana Pacers,86,119,CJ McCollum;Kyshawn George;Leaky Black;Bub Carrington;Alex Sarr;Bilal Coulibaly;Alondes Williams;Khris Middleton;Tre Johnson;Kadary Richmond;Will Riley;Trae Young;Jamir Watkins;Jaden Hardy;Justin Champagnie;Corey Kispert;Marvin Bagley III;Anthony Gill;Sharife Cooper;Cam Whitmore;Keshon Gilbert;Tristan Vukcevic;Skal Labissière;Malaki Branham;AJ Johnson,Bennedict Mathurin;Andrew Nembhard;Aaron Nesmith;Jarace Walker;Kobe Brown;Jalen Slawson;Ivica Zubac;Ben Sheppard;Jay Huff;Ethan Thompson;Micah Potter;Johnny Furphy;Quenton Jackson;Obi Toppin;Jeremiah Robinson-Earl;T.J. McConnell;Isaiah Jackson;Kam Jones;James Wiseman;Cody Martin;Garrison Mathews;Taelon Peter;RayJ Dennis;Mac McClung;Tony Bradley;Monte Morris
2026,Milwaukee Bucks,New York Knicks,109,118,Ryan Rollins;A.J. Green;Giannis Antetokounmpo;Myles Turner;Ousmane Dieng;Kyle Kuzma;Cormac Ryan;Bobby Portis;Taurean Prince;Gary Trent Jr.;Jericho Sims;Cam Thomas;Pete Nance;Cole Anthony;Gary Harris;Amir Coffey;Andre Jackson Jr.;Thanasis Antetokounmpo;Mark Sears;Alex Antetokounmpo,OG Anunoby;Mikal Bridges;Karl-Anthony Towns;Josh Hart;Miles McBride;Landry Shamet;Mitchell Robinson;Jordan Clarkson;Jose Alvarado;Tyler Kolek;Mohamed Diawara;Ariel Hukporti;Guerschon Yabusele;Kevin McCullar Jr.;Jeremy Sochan;Trey Jemison;Dillon Jones;Pacôme Dadiet;Tosan Evbuomwan
2026,San Antonio Spurs,Denver Nuggets,139,136,Devin Vassell;Stephon Castle;Victor Wembanyama;Julian Champagnie;Harrison Barnes;Keldon Johnson;Dylan Harper;Luke Kornet;Jeremy Sochan;Carter Bryant;Kelly Olynyk;Mason Plumlee;Lindy Waters III;Jordan McLaughlin;David Jones García;Bismack Biyombo;Harrison Ingram;Stanley Umude;Riley Minix,Nikola Jokić;Christian Braun;Cameron Johnson;Peyton Watson;Aaron Gordon;Tim Hardaway Jr.;Bruce Brown;Spencer Jones;Jalen Pickett;Julian Strawther;David Roddy;Jonas Valančiūnas;Zeke Nnaji;Curtis Jones;Tyus Jones;DaRon Holmes;Hunter Tyson;KJ Simpson
2026,Phoenix Suns,Oklahoma City Thunder,119,123,Dillon Brooks;Grayson Allen;Collin Gillespie;Royce O'Neale;Jalen Green;Mark Williams;Jordan Goodwin;Oso Ighodaro;Ryan Dunn;Amir Coffey;Jamaree Bouyea;Haywood Highsmith;Rasheer Fleming;CJ Huntley;Isaiah Livers;Nick Richards;Khaman Maluach;Nigel Hayes-Davis;Koby Brea,Chet Holmgren;Jalen Williams;Luguentz Dort;Cason Wallace;Ajay Mitchell;Isaiah Hartenstein;Aaron Wiggins;Isaiah Joe;Jaylin Williams;Alex Caruso;Jared McCain;Nikola Topić;Payton Sandfort;Kenrich Williams;Branden Carlson;Ousmane Dieng;Brooks Barnhizer;Chris Youngblood;Buddy Boeheim
2026,Sacramento Kings,Utah Jazz,119,128,Zach LaVine;DeMar DeRozan;Domantas Sabonis;Russell Westbrook;Maxime Raynaud;Daeqwon Plowden;Dennis Schröder;De'Andre Hunter;Nique Clifford;Precious Achiuwa;Malik Monk;Dylan Cardwell;DaQuan Jeffries;Devin Carter;Killian Hayes;Keon Ellis;Doug McDermott;Patrick Baldwin Jr.;Isaiah Stevens;Drew Eubanks;Dario Šarić;Isaac Jones,Andersson Garcia;Keyonte George;Bez Mbeng;Kennedy Chandler;Walker Kessler;Ace Bailey;Jusuf Nurkić;John Konchar;Isaiah Collier;Hayden Gray;Cody Williams;Jaren Jackson Jr.;Brice Sensabaugh;Kyle Filipowski;Svi Mykhailiuk;Elijah Harkless;Blake Hinson;Kyle Anderson;Mo Bamba;Walter Clayton;Kevin Love;Oscar Tshiebwe;Taylor Hendricks;Vince Williams Jr.
2026,Memphis Grizzlies,Los Angeles Clippers,112,107,Lucas Williamson;Rayan Rupert;Jaren Jackson Jr.;Dariq Whitehead;Adama-Alpha Bal;Ja Morant;Santi Aldama;Jaylen Wells;Zach Edey;Cedric Coward;Tyler Burton;Walter Clayton;Lawson Lovering;Taylor Hendricks;Cam Spencer;Jock Landale;Ty Jerome;Kyle Anderson;Jahmai Mashack;Vince Williams Jr.;GG Jackson II;Kentavious Caldwell-Pope;Scotty Pippen Jr.;DeJon Jarreau;Javon Small;Olivier-Maxence Prosper;Christian Koloko;Charles Bassey;John Konchar;Brandon Clarke;Taj Gibson;PJ Hall,Kawhi Leonard;Ivica Zubac;Darius Garland;Bennedict Mathurin;Kris Dunn;John Collins;Derrick Jones Jr.;Jordan Miller;Brook Lopez;Bradley Beal;Kobe Sanders;Bogdan Bogdanović;Nicolas Batum;Isaiah Jackson;Chris Paul;Yanic Konan Niederhäuser;Cam Christie;Kobe Brown;Patrick Baldwin Jr.;TyTy Washington Jr.;Dalano Banton;Sean Pedulla;Norchad Omier;RayJ Dennis;Jahmyl Telfort
2026,Dallas Mavericks,Los Angeles Lakers,119,129,Anthony Davis;P.J. Washington;Naji Marshall;Max Christie;Brandon Williams;Klay Thompson;Daniel Gafford;Marvin Bagley III;Khris Middleton;Ryan Nembhard;John Poulakidas;D'Angelo Russell;Tyus Jones;Dereck Lively II;Caleb Martin;Dwight Powell;Moussa Cisse;Tyler Smith;Jaden Hardy;Jeremiah Robinson-Earl;AJ Johnson;Miles Kelly,Austin Reaves;LeBron James;Marcus Smart;Rui Hachimura;Deandre Ayton;Jake LaRavia;Luke Kennard;Gabe Vincent;Jaxson Hayes;Jarred Vanderbilt;Nick Smith Jr.;Maxi Kleber;Dalton Knecht;Bronny James;Drew Timme;Kobe Bufkin;Adou Thiero;Chris Mañon;Christian Koloko
2026,Boston Celtics,Minnesota Timberwolves,115,119,Derrick White;Jayson Tatum;Payton Pritchard;Neemias Queta;Sam Hauser;Anfernee Simons;Nikola Vučević;Baylor Scheierman;Jordan Walsh;Luka Garza;Josh Minott;Hugo González;Dalano Banton;Ron Harper Jr.;Chris Boucher;Xavier Tillman Sr.;John Tonje;Amari Williams;Charles Bassey;Max Shulga,Julius Randle;Jaden McDaniels;Rudy Gobert;Donte DiVincenzo;Ayo Dosunmu;Naz Reid;Kyle Anderson;Mike Conley;Bones Hyland;Jaylen Clark;Terrence Shannon Jr.;Rob Dillingham;Enrique Freeman;Zyon Pullin;Joan Beringer;Julian Phillips;Rocco Zikarsky;Joe Ingles;Leonard Miller;Johnny Juzang
2026,Toronto Raptors,Charlotte Hornets,111,118,Scottie Barnes;Immanuel Quickley;RJ Barrett;Jakob Poeltl;Jamal Shead;Collin Murray-Boyles;Sandro Mamukelashvili;Ja'Kobe Walter;Ochai Agbaji;Gradey Dick;A.J. Lawson;Jamison Battle;Markelle Fultz;Chucky Hepburn;Alijah Martin;Jonathan Mogbo;Trayce Jackson-Davis;Garrett Temple;Mo Bamba,Miles Bridges;Brandon Miller;LaMelo Ball;Moussa Diabaté;Sion James;Collin Sexton;Ryan Kalkbrenner;Grant Williams;Coby White;KJ Simpson;Josh Green;PJ Hall;Tidjane Salaün;Tre Mann;Liam McNeeley;Drew Peterson;Mason Plumlee;Pat Connaughton;Antonio Reeves;Xavier Tillman Sr.
2026,Chicago Bulls,Indiana Pacers,101,103,Nikola Vučević;Matas Buzelis;Coby White;Jaden Ivey;Anfernee Simons;Tre Jones;Isaac Okoro;Ayo Dosunmu;Collin Sexton;Guerschon Yabusele;Kevin Huerter;Leonard Miller;Mouhamadou Gueye;Nick Richards;Rob Dillingham;Jalen Smith;Patrick Williams;Zach Collins;Mac McClung;Yuki Kawamura;Dalen Terry;Jevon Carter;Julian Phillips;Lachlan Olbrich;Emanuel Miller;Trentyn Flowers;Noa Essengue,Bennedict Mathurin;Andrew Nembhard;Aaron Nesmith;Jarace Walker;Kobe Brown;Jalen Slawson;Ivica Zubac;Ben Sheppard;Jay Huff;Ethan Thompson;Micah Potter;Johnny Furphy;Quenton Jackson;Obi Toppin;Jeremiah Robinson-Earl;T.J. McConnell;Isaiah Jackson;Kam Jones;James Wiseman;Cody Martin;Garrison Mathews;Taelon Peter;RayJ Dennis;Mac McClung;Tony Bradley;Monte Morris
2026,Detroit Pistons,Miami Heat,138,135,Jalen Duren;Tobias Harris;Duncan Robinson;Ausar Thompson;Isaiah Stewart;Kevin Huerter;Daniss Jenkins;Ron Holland;Caris LeVert;Javonte Green;Jaden Ivey;Paul Reed;Marcus Sasser;Wendell Moore Jr.;Tolu Smith;Chaz Lanier;Colby Jones;Bobi Klintman;Isaac Jones,Tyler Herro;Andrew Wiggins;Norman Powell;Davion Mitchell;Jaime Jaquez Jr.;Pelle Larsson;Kel'el Ware;Kasparas Jakučionis;Nikola Jović;Simone Fontecchio;Dru Smith;Myron Gardner;Keshad Johnson;Jahmir Young;Vladislav Goldin;Trevor Keels
2026,Brooklyn Nets,Milwaukee Bucks,99,116,Tre Scott;Nic Claxton;Noah Clowney;Egor Dёmin;Terance Mann;Cam Thomas;Malachi Smith;Ziaire Williams;Nolan Traoré;Drake Powell;Danny Wolf;Ben Saraf;Chaney Johnson;Josh Minott;Tyrese Martin;Day'Ron Sharpe;Ochai Agbaji;Jalen Wilson;Tyson Etienne;E.J. Liddell;Grant Nelson,Ryan Rollins;A.J. Green;Giannis Antetokounmpo;Myles Turner;Ousmane Dieng;Kyle Kuzma;Cormac Ryan;Bobby Portis;Taurean Prince;Gary Trent Jr.;Jericho Sims;Cam Thomas;Pete Nance;Cole Anthony;Gary Harris;Amir Coffey;Andre Jackson Jr.;Thanasis Antetokounmpo;Mark Sears;Alex Antetokounmpo
2026,New Orleans Pelicans,Golden State Warriors,96,104,Saddiq Bey;Zion Williamson;Herbert Jones;Dejounte Murray;Josh Oduro;Jeremiah Fears;Derik Queen;Jordan Poole;Jose Alvarado;Bryce McGowens;Yves Missi;DeAndre Jordan;Micah Peavy;Karlo Matković;Kevon Looney;Jordan Hawkins;Trey Alexander;Hunter Dickinson,Stephen Curry;Brandin Podziemski;Draymond Green;Moses Moody;Jonathan Kuminga;Kristaps Porziņģis;De'Anthony Melton;Al Horford;Gui Santos;Charles Bassey;Will Richard;Pat Spencer;Buddy Hield;Quinten Post;Nate Williams;LJ Cryer;Gary Payton II;Seth Curry;Omer Yurtseven;Trayce Jackson-Davis;Malevy Leons
2026,Denver Nuggets,Phoenix Suns,130,112,Nikola Jokić;Christian Braun;Cameron Johnson;Peyton Watson;Aaron Gordon;Tim Hardaway Jr.;Bruce Brown;Spencer Jones;Jalen Pickett;Julian Strawther;David Roddy;Jonas Valančiūnas;Zeke Nnaji;Curtis Jones;Tyus Jones;DaRon Holmes;Hunter Tyson;KJ Simpson,Dillon Brooks;Grayson Allen;Collin Gillespie;Royce O'Neale;Jalen Green;Mark Williams;Jordan Goodwin;Oso Ighodaro;Ryan Dunn;Amir Coffey;Jamaree Bouyea;Haywood Highsmith;Rasheer Fleming;CJ Huntley;Isaiah Livers;Nick Richards;Khaman Maluach;Nigel Hayes-Davis;Koby Brea
2026,Dallas Mavericks,Los Angeles Clippers,114,110,Anthony Davis;P.J. Washington;Naji Marshall;Max Christie;Brandon Williams;Klay Thompson;Daniel Gafford;Marvin Bagley III;Khris Middleton;Ryan Nembhard;John Poulakidas;D'Angelo Russell;Tyus Jones;Dereck Lively II;Caleb Martin;Dwight Powell;Moussa Cisse;Tyler Smith;Jaden Hardy;Jeremiah Robinson-Earl;AJ Johnson;Miles Kelly,Kawhi Leonard;Ivica Zubac;Darius Garland;Bennedict Mathurin;Kris Dunn;John Collins;Derrick Jones Jr.;Jordan Miller;Brook Lopez;Bradley Beal;Kobe Sanders;Bogdan Bogdanović;Nicolas Batum;Isaiah Jackson;Chris Paul;Yanic Konan Niederhäuser;Cam Christie;Kobe Brown;Patrick Baldwin Jr.;TyTy Washington Jr.;Dalano Banton;Sean Pedulla;Norchad Omier;RayJ Dennis;Jahmyl Telfort
2026,Houston Rockets,Utah Jazz,129,101,Kevin Durant;Jabari Smith Jr.;Alperen Şengün;Reed Sheppard;Tari Eason;Steven Adams;Josh Okogie;Dorian Finney-Smith;Aaron Holiday;Clint Capela;Tristen Newton;Jae'Sean Tate;JD Davison;Isaiah Crawford;Jeff Green,Andersson Garcia;Keyonte George;Bez Mbeng;Kennedy Chandler;Walker Kessler;Ace Bailey;Jusuf Nurkić;John Konchar;Isaiah Collier;Hayden Gray;Cody Williams;Jaren Jackson Jr.;Brice Sensabaugh;Kyle Filipowski;Svi Mykhailiuk;Elijah Harkless;Blake Hinson;Kyle Anderson;Mo Bamba;Walter Clayton;Kevin Love;Oscar Tshiebwe;Taylor Hendricks;Vince Williams Jr.
2026,Boston Celtics,Cleveland Cavaliers,117,115,Derrick White;Jayson Tatum;Payton Pritchard;Neemias Queta;Sam Hauser;Anfernee Simons;Nikola Vučević;Baylor Scheierman;Jordan Walsh;Luka Garza;Josh Minott;Hugo González;Dalano Banton;Ron Harper Jr.;Chris Boucher;Xavier Tillman Sr.;John Tonje;Amari Williams;Charles Bassey;Max Shulga,Donovan Mitchell;Evan Mobley;Darius Garland;Jarrett Allen;Jaylon Tyson;Sam Merrill;De'Andre Hunter;Keon Ellis;Max Strus;Dean Wade;Dennis Schröder;Lonzo Ball;Craig Porter Jr.;Nae'Qwan Tomlin;Larry Nance Jr.;Thomas Bryant;Tyrese Proctor;Olivier Sarr;Tristan Enaruna;Luke Travers;Riley Minix;Chris Livingston;Darius Brown II
2026,Toronto Raptors,New York Knicks,94,116,Scottie Barnes;Immanuel Quickley;RJ Barrett;Jakob Poeltl;Jamal Shead;Collin Murray-Boyles;Sandro Mamukelashvili;Ja'Kobe Walter;Ochai Agbaji;Gradey Dick;A.J. Lawson;Jamison Battle;Markelle Fultz;Chucky Hepburn;Alijah Martin;Jonathan Mogbo;Trayce Jackson-Davis;Garrett Temple;Mo Bamba,OG Anunoby;Mikal Bridges;Karl-Anthony Towns;Josh Hart;Miles McBride;Landry Shamet;Mitchell Robinson;Jordan Clarkson;Jose Alvarado;Tyler Kolek;Mohamed Diawara;Ariel Hukporti;Guerschon Yabusele;Kevin McCullar Jr.;Jeremy Sochan;Trey Jemison;Dillon Jones;Pacôme Dadiet;Tosan Evbuomwan
2026,Atlanta Hawks,Philadelphia 76ers,142,134,Nickeil Alexander-Walker;Dyson Daniels;Onyeka Okongwu;CJ McCollum;Trae Young;Keshon Gilbert;Kristaps Porziņģis;Zaccharie Risacher;Vít Krejčí;Jonathan Kuminga;Luke Kennard;Jock Landale;Corey Kispert;Mouhamed Gueye;Gabe Vincent;Asa Newell;RayJ Dennis;Tony Bradley;Christian Koloko;Keaton Wallace;Buddy Hield;Caleb Houstan;N'Faly Dante;Jacob Toppin,VJ Edgecombe;Joel Embiid;Kelly Oubre Jr.;Paul George;Quentin Grimes;Dominick Barlow;Andre Drummond;Adem Bona;Cameron Payne;Jared McCain;Trendon Watford;Justin Edwards;MarJon Beauchamp;Dalen Terry;Eric Gordon;Jabari Walker;Tyrese Martin;Kyle Lowry;Johni Broome;Charles Bassey;Hunter Sallis;Patrick Baldwin Jr.
2026,Oklahoma City Thunder,Portland Trail Blazers,123,115,Chet Holmgren;Jalen Williams;Luguentz Dort;Cason Wallace;Ajay Mitchell;Isaiah Hartenstein;Aaron Wiggins;Isaiah Joe;Jaylin Williams;Alex Caruso;Jared McCain;Nikola Topić;Payton Sandfort;Kenrich Williams;Branden Carlson;Ousmane Dieng;Brooks Barnhizer;Chris Youngblood;Buddy Boeheim,Deni Avdija;Jerami Grant;Shaedon Sharpe;Jrue Holiday;Donovan Clingan;Scoot Henderson;Kris Murray;Caleb Love;Vít Krejčí;Sidy Cissoko;Robert Williams;Matisse Thybulle;Rayan Rupert;Blake Wesley;Duop Reath;Yang Hansen;Chris Youngblood;Javonte Cooke;Jayson Kent
2026,San Antonio Spurs,Minnesota Timberwolves,112,125,Devin Vassell;Stephon Castle;Victor Wembanyama;Julian Champagnie;Harrison Barnes;Keldon Johnson;Dylan Harper;Luke Kornet;Jeremy Sochan;Carter Bryant;Kelly Olynyk;Mason Plumlee;Lindy Waters III;Jordan McLaughlin;David Jones García;Bismack Biyombo;Harrison Ingram;Stanley Umude;Riley Minix,Julius Randle;Jaden McDaniels;Rudy Gobert;Donte DiVincenzo;Ayo Dosunmu;Naz Reid;Kyle Anderson;Mike Conley;Bones Hyland;Jaylen Clark;Terrence Shannon Jr.;Rob Dillingham;Enrique Freeman;Zyon Pullin;Joan Beringer;Julian Phillips;Rocco Zikarsky;Joe Ingles;Leonard Miller;Johnny Juzang
2026,Memphis Grizzlies,Sacramento Kings,115,107,Lucas Williamson;Rayan Rupert;Jaren Jackson Jr.;Dariq Whitehead;Adama-Alpha Bal;Ja Morant;Santi Aldama;Jaylen Wells;Zach Edey;Cedric Coward;Tyler Burton;Walter Clayton;Lawson Lovering;Taylor Hendricks;Cam Spencer;Jock Landale;Ty Jerome;Kyle Anderson;Jahmai Mashack;Vince Williams Jr.;GG Jackson II;Kentavious Caldwell-Pope;Scotty Pippen Jr.;DeJon Jarreau;Javon Small;Olivier-Maxence Prosper;Christian Koloko;Charles Bassey;John Konchar;Brandon Clarke;Taj Gibson;PJ Hall,Zach LaVine;DeMar DeRozan;Domantas Sabonis;Russell Westbrook;Maxime Raynaud;Daeqwon Plowden;Dennis Schröder;De'Andre Hunter;Nique Clifford;Precious Achiuwa;Malik Monk;Dylan Cardwell;DaQuan Jeffries;Devin Carter;Killian Hayes;Keon Ellis;Doug McDermott;Patrick Baldwin Jr.;Isaiah Stevens;Drew Eubanks;Dario Šarić;Isaac Jones
2026,New Orleans Pelicans,Los Angeles Lakers,121,133,Saddiq Bey;Zion Williamson;Herbert Jones;Dejounte Murray;Josh Oduro;Jeremiah Fears;Derik Queen;Jordan Poole;Jose Alvarado;Bryce McGowens;Yves Missi;DeAndre Jordan;Micah Peavy;Karlo Matković;Kevon Looney;Jordan Hawkins;Trey Alexander;Hunter Dickinson,Austin Reaves;LeBron James;Marcus Smart;Rui Hachimura;Deandre Ayton;Jake LaRavia;Luke Kennard;Gabe Vincent;Jaxson Hayes;Jarred Vanderbilt;Nick Smith Jr.;Maxi Kleber;Dalton Knecht;Bronny James;Drew Timme;Kobe Bufkin;Adou Thiero;Chris Mañon;Christian Koloko
2026,Atlanta Hawks,Detroit Pistons,98,99,Nickeil Alexander-Walker;Dyson Daniels;Onyeka Okongwu;CJ McCollum;Trae Young;Keshon Gilbert;Kristaps Porziņģis;Zaccharie Risacher;Vít Krejčí;Jonathan Kuminga;Luke Kennard;Jock Landale;Corey Kispert;Mouhamed Gueye;Gabe Vincent;Asa Newell;RayJ Dennis;Tony Bradley;Christian Koloko;Keaton Wallace;Buddy Hield;Caleb Houstan;N'Faly Dante;Jacob Toppin,Jalen Duren;Tobias Harris;Duncan Robinson;Ausar Thompson;Isaiah Stewart;Kevin Huerter;Daniss Jenkins;Ron Holland;Caris LeVert;Javonte Green;Jaden Ivey;Paul Reed;Marcus Sasser;Wendell Moore Jr.;Tolu Smith;Chaz Lanier;Colby Jones;Bobi Klintman;Isaac Jones
2026,Cleveland Cavaliers,Indiana Pacers,135,119,Donovan Mitchell;Evan Mobley;Darius Garland;Jarrett Allen;Jaylon Tyson;Sam Merrill;De'Andre Hunter;Keon Ellis;Max Strus;Dean Wade;Dennis Schröder;Lonzo Ball;Craig Porter Jr.;Nae'Qwan Tomlin;Larry Nance Jr.;Thomas Bryant;Tyrese Proctor;Olivier Sarr;Tristan Enaruna;Luke Travers;Riley Minix;Chris Livingston;Darius Brown II,Bennedict Mathurin;Andrew Nembhard;Aaron Nesmith;Jarace Walker;Kobe Brown;Jalen Slawson;Ivica Zubac;Ben Sheppard;Jay Huff;Ethan Thompson;Micah Potter;Johnny Furphy;Quenton Jackson;Obi Toppin;Jeremiah Robinson-Earl;T.J. McConnell;Isaiah Jackson;Kam Jones;James Wiseman;Cody Martin;Garrison Mathews;Taelon Peter;RayJ Dennis;Mac McClung;Tony Bradley;Monte Morris
2026,Milwaukee Bucks,Washington Wizards,126,129,Ryan Rollins;A.J. Green;Giannis Antetokounmpo;Myles Turner;Ousmane Dieng;Kyle Kuzma;Cormac Ryan;Bobby Portis;Taurean Prince;Gary Trent Jr.;Jericho Sims;Cam Thomas;Pete Nance;Cole Anthony;Gary Harris;Amir Coffey;Andre Jackson Jr.;Thanasis Antetokounmpo;Mark Sears;Alex Antetokounmpo,CJ McCollum;Kyshawn George;Leaky Black;Bub Carrington;Alex Sarr;Bilal Coulibaly;Alondes Williams;Khris Middleton;Tre Johnson;Kadary Richmond;Will Riley;Trae Young;Jamir Watkins;Jaden Hardy;Justin Champagnie;Corey Kispert;Marvin Bagley III;Anthony Gill;Sharife Cooper;Cam Whitmore;Keshon Gilbert;Tristan Vukcevic;Skal Labissière;Malaki Branham;AJ Johnson
2026,Charlotte Hornets,Brooklyn Nets,103,116,Miles Bridges;Brandon Miller;LaMelo Ball;Moussa Diabaté;Sion James;Collin Sexton;Ryan Kalkbrenner;Grant Williams;Coby White;KJ Simpson;Josh Green;PJ Hall;Tidjane Salaün;Tre Mann;Liam McNeeley;Drew Peterson;Mason Plumlee;Pat Connaughton;Antonio Reeves;Xavier Tillman Sr.,Tre Scott;Nic Claxton;Noah Clowney;Egor Dёmin;Terance Mann;Cam Thomas;Malachi Smith;Ziaire Williams;Nolan Traoré;Drake Powell;Danny Wolf;Ben Saraf;Chaney Johnson;Josh Minott;Tyrese Martin;Day'Ron Sharpe;Ochai Agbaji;Jalen Wilson;Tyson Etienne;E.J. Liddell;Grant Nelson
2026,Los Angeles Clippers,Miami Heat,123,140,Kawhi Leonard;Ivica Zubac;Darius Garland;Bennedict Mathurin;Kris Dunn;John Collins;Derrick Jones Jr.;Jordan Miller;Brook Lopez;Bradley Beal;Kobe Sanders;Bogdan Bogdanović;Nicolas Batum;Isaiah Jackson;Chris Paul;Yanic Konan Niederhäuser;Cam Christie;Kobe Brown;Patrick Baldwin Jr.;TyTy Washington Jr.;Dalano Banton;Sean Pedulla;Norchad Omier;RayJ Dennis;Jahmyl Telfort,Tyler Herro;Andrew Wiggins;Norman Powell;Davion Mitchell;Jaime Jaquez Jr.;Pelle Larsson;Kel'el Ware;Kasparas Jakučionis;Nikola Jović;Simone Fontecchio;Dru Smith;Myron Gardner;Keshad Johnson;Jahmir Young;Vladislav Goldin;Trevor Keels
2026,Chicago Bulls,Orlando Magic,120,125,Nikola Vučević;Matas Buzelis;Coby White;Jaden Ivey;Anfernee Simons;Tre Jones;Isaac Okoro;Ayo Dosunmu;Collin Sexton;Guerschon Yabusele;Kevin Huerter;Leonard Miller;Mouhamadou Gueye;Nick Richards;Rob Dillingham;Jalen Smith;Patrick Williams;Zach Collins;Mac McClung;Yuki Kawamura;Dalen Terry;Jevon Carter;Julian Phillips;Lachlan Olbrich;Emanuel Miller;Trentyn Flowers;Noa Essengue,Desmond Bane;Franz Wagner;Anthony Black;Wendell Carter Jr.;Jalen Suggs;Tristan Da Silva;Jevon Carter;Tyus Jones;Goga Bitadze;Noah Penda;Jett Howard;Jamal Cain;Moritz Wagner;Jase Richardson;Jonathan Isaac;Orlando Robinson;Alex Morales;Colin Castleton
2026,Dallas Mavericks,Denver Nuggets,131,121,Anthony Davis;P.J. Washington;Naji Marshall;Max Christie;Brandon Williams;Klay Thompson;Daniel Gafford;Marvin Bagley III;Khris Middleton;Ryan Nembhard;John Poulakidas;D'Angelo Russell;Tyus Jones;Dereck Lively II;Caleb Martin;Dwight Powell;Moussa Cisse;Tyler Smith;Jaden Hardy;Jeremiah Robinson-Earl;AJ Johnson;Miles Kelly,Nikola Jokić;Christian Braun;Cameron Johnson;Peyton Watson;Aaron Gordon;Tim Hardaway Jr.;Bruce Brown;Spencer Jones;Jalen Pickett;Julian Strawther;David Roddy;Jonas Valančiūnas;Zeke Nnaji;Curtis Jones;Tyus Jones;DaRon Holmes;Hunter Tyson;KJ Simpson
2026,Houston Rockets,Utah Jazz,125,133,Kevin Durant;Jabari Smith Jr.;Alperen Şengün;Reed Sheppard;Tari Eason;Steven Adams;Josh Okogie;Dorian Finney-Smith;Aaron Holiday;Clint Capela;Tristen Newton;Jae'Sean Tate;JD Davison;Isaiah Crawford;Jeff Green,Andersson Garcia;Keyonte George;Bez Mbeng;Kennedy Chandler;Walker Kessler;Ace Bailey;Jusuf Nurkić;John Konchar;Isaiah Collier;Hayden Gray;Cody Williams;Jaren Jackson Jr.;Brice Sensabaugh;Kyle Filipowski;Svi Mykhailiuk;Elijah Harkless;Blake Hinson;Kyle Anderson;Mo Bamba;Walter Clayton;Kevin Love;Oscar Tshiebwe;Taylor Hendricks;Vince Williams Jr.
2026,Phoenix Suns,Los Angeles Lakers,125,108,Dillon Brooks;Grayson Allen;Collin Gillespie;Royce O'Neale;Jalen Green;Mark Williams;Jordan Goodwin;Oso Ighodaro;Ryan Dunn;Amir Coffey;Jamaree Bouyea;Haywood Highsmith;Rasheer Fleming;CJ Huntley;Isaiah Livers;Nick Richards;Khaman Maluach;Nigel Hayes-Davis;Koby Brea,Austin Reaves;LeBron James;Marcus Smart;Rui Hachimura;Deandre Ayton;Jake LaRavia;Luke Kennard;Gabe Vincent;Jaxson Hayes;Jarred Vanderbilt;Nick Smith Jr.;Maxi Kleber;Dalton Knecht;Bronny James;Drew Timme;Kobe Bufkin;Adou Thiero;Chris Mañon;Christian Koloko
2026,Washington Wizards,Philadelphia 76ers,102,121,CJ McCollum;Kyshawn George;Leaky Black;Bub Carrington;Alex Sarr;Bilal Coulibaly;Alondes Williams;Khris Middleton;Tre Johnson;Kadary Richmond;Will Riley;Trae Young;Jamir Watkins;Jaden Hardy;Justin Champagnie;Corey Kispert;Marvin Bagley III;Anthony Gill;Sharife Cooper;Cam Whitmore;Keshon Gilbert;Tristan Vukcevic;Skal Labissière;Malaki Branham;AJ Johnson,VJ Edgecombe;Joel Embiid;Kelly Oubre Jr.;Paul George;Quentin Grimes;Dominick Barlow;Andre Drummond;Adem Bona;Cameron Payne;Jared McCain;Trendon Watford;Justin Edwards;MarJon Beauchamp;Dalen Terry;Eric Gordon;Jabari Walker;Tyrese Martin;Kyle Lowry;Johni Broome;Charles Bassey;Hunter Sallis;Patrick Baldwin Jr.
2026,Portland Trail Blazers,Toronto Raptors,118,121,Deni Avdija;Jerami Grant;Shaedon Sharpe;Jrue Holiday;Donovan Clingan;Scoot Henderson;Kris Murray;Caleb Love;Vít Krejčí;Sidy Cissoko;Robert Williams;Matisse Thybulle;Rayan Rupert;Blake Wesley;Duop Reath;Yang Hansen;Chris Youngblood;Javonte Cooke;Jayson Kent,Scottie Barnes;Immanuel Quickley;RJ Barrett;Jakob Poeltl;Jamal Shead;Collin Murray-Boyles;Sandro Mamukelashvili;Ja'Kobe Walter;Ochai Agbaji;Gradey Dick;A.J. Lawson;Jamison Battle;Markelle Fultz;Chucky Hepburn;Alijah Martin;Jonathan Mogbo;Trayce Jackson-Davis;Garrett Temple;Mo Bamba
2026,New York Knicks,Boston Celtics,117,123,OG Anunoby;Mikal Bridges;Karl-Anthony Towns;Josh Hart;Miles McBride;Landry Shamet;Mitchell Robinson;Jordan Clarkson;Jose Alvarado;Tyler Kolek;Mohamed Diawara;Ariel Hukporti;Guerschon Yabusele;Kevin McCullar Jr.;Jeremy Sochan;Trey Jemison;Dillon Jones;Pacôme Dadiet;Tosan Evbuomwan,Derrick White;Jayson Tatum;Payton Pritchard;Neemias Queta;Sam Hauser;Anfernee Simons;Nikola Vučević;Baylor Scheierman;Jordan Walsh;Luka Garza;Josh Minott;Hugo González;Dalano Banton;Ron Harper Jr.;Chris Boucher;Xavier Tillman Sr.;John Tonje;Amari Williams;Charles Bassey;Max Shulga
2026,Minnesota Timberwolves,New Orleans Pelicans,149,142,Julius Randle;Jaden McDaniels;Rudy Gobert;Donte DiVincenzo;Ayo Dosunmu;Naz Reid;Kyle Anderson;Mike Conley;Bones Hyland;Jaylen Clark;Terrence Shannon Jr.;Rob Dillingham;Enrique Freeman;Zyon Pullin;Joan Beringer;Julian Phillips;Rocco Zikarsky;Joe Ingles;Leonard Miller;Johnny Juzang,Saddiq Bey;Zion Williamson;Herbert Jones;Dejounte Murray;Josh Oduro;Jeremiah Fears;Derik Queen;Jordan Poole;Jose Alvarado;Bryce McGowens;Yves Missi;DeAndre Jordan;Micah Peavy;Karlo Matković;Kevon Looney;Jordan Hawkins;Trey Alexander;Hunter Dickinson
2026,Memphis Grizzlies,San Antonio Spurs,119,126,Lucas Williamson;Rayan Rupert;Jaren Jackson Jr.;Dariq Whitehead;Adama-Alpha Bal;Ja Morant;Santi Aldama;Jaylen Wells;Zach Edey;Cedric Coward;Tyler Burton;Walter Clayton;Lawson Lovering;Taylor Hendricks;Cam Spencer;Jock Landale;Ty Jerome;Kyle Anderson;Jahmai Mashack;Vince Williams Jr.;GG Jackson II;Kentavious Caldwell-Pope;Scotty Pippen Jr.;DeJon Jarreau;Javon Small;Olivier-Maxence Prosper;Christian Koloko;Charles Bassey;John Konchar;Brandon Clarke;Taj Gibson;PJ Hall,Devin Vassell;Stephon Castle;Victor Wembanyama;Julian Champagnie;Harrison Barnes;Keldon Johnson;Dylan Harper;Luke Kornet;Jeremy Sochan;Carter Bryant;Kelly Olynyk;Mason Plumlee;Lindy Waters III;Jordan McLaughlin;David Jones García;Bismack Biyombo;Harrison Ingram;Stanley Umude;Riley Minix
2026,Oklahoma City Thunder,Golden State Warriors,124,112,Chet Holmgren;Jalen Williams;Luguentz Dort;Cason Wallace;Ajay Mitchell;Isaiah Hartenstein;Aaron Wiggins;Isaiah Joe;Jaylin Williams;Alex Caruso;Jared McCain;Nikola Topić;Payton Sandfort;Kenrich Williams;Branden Carlson;Ousmane Dieng;Brooks Barnhizer;Chris Youngblood;Buddy Boeheim,Stephen Curry;Brandin Podziemski;Draymond Green;Moses Moody;Jonathan Kuminga;Kristaps Porziņģis;De'Anthony Melton;Al Horford;Gui Santos;Charles Bassey;Will Richard;Pat Spencer;Buddy Hield;Quinten Post;Nate Williams;LJ Cryer;Gary Payton II;Seth Curry;Omer Yurtseven;Trayce Jackson-Davis;Malevy Leons
2026,Portland Trail Blazers,Cleveland Cavaliers,122,110,Deni Avdija;Jerami Grant;Shaedon Sharpe;Jrue Holiday;Donovan Clingan;Scoot Henderson;Kris Murray;Caleb Love;Vít Krejčí;Sidy Cissoko;Robert Williams;Matisse Thybulle;Rayan Rupert;Blake Wesley;Duop Reath;Yang Hansen;Chris Youngblood;Javonte Cooke;Jayson Kent,Donovan Mitchell;Evan Mobley;Darius Garland;Jarrett Allen;Jaylon Tyson;Sam Merrill;De'Andre Hunter;Keon Ellis;Max Strus;Dean Wade;Dennis Schröder;Lonzo Ball;Craig Porter Jr.;Nae'Qwan Tomlin;Larry Nance Jr.;Thomas Bryant;Tyrese Proctor;Olivier Sarr;Tristan Enaruna;Luke Travers;Riley Minix;Chris Livingston;Darius Brown II
2026,Denver Nuggets,Indiana Pacers,135,120,Nikola Jokić;Christian Braun;Cameron Johnson;Peyton Watson;Aaron Gordon;Tim Hardaway Jr.;Bruce Brown;Spencer Jones;Jalen Pickett;Julian Strawther;David Roddy;Jonas Valančiūnas;Zeke Nnaji;Curtis Jones;Tyus Jones;DaRon Holmes;Hunter Tyson;KJ Simpson,Bennedict Mathurin;Andrew Nembhard;Aaron Nesmith;Jarace Walker;Kobe Brown;Jalen Slawson;Ivica Zubac;Ben Sheppard;Jay Huff;Ethan Thompson;Micah Potter;Johnny Furphy;Quenton Jackson;Obi Toppin;Jeremiah Robinson-Earl;T.J. McConnell;Isaiah Jackson;Kam Jones;James Wiseman;Cody Martin;Garrison Mathews;Taelon Peter;RayJ Dennis;Mac McClung;Tony Bradley;Monte Morris
2026,San Antonio Spurs,Orlando Magic,114,112,Devin Vassell;Stephon Castle;Victor Wembanyama;Julian Champagnie;Harrison Barnes;Keldon Johnson;Dylan Harper;Luke Kornet;Jeremy Sochan;Carter Bryant;Kelly Olynyk;Mason Plumlee;Lindy Waters III;Jordan McLaughlin;David Jones García;Bismack Biyombo;Harrison Ingram;Stanley Umude;Riley Minix,Desmond Bane;Franz Wagner;Anthony Black;Wendell Carter Jr.;Jalen Suggs;Tristan Da Silva;Jevon Carter;Tyus Jones;Goga Bitadze;Noah Penda;Jett Howard;Jamal Cain;Moritz Wagner;Jase Richardson;Jonathan Isaac;Orlando Robinson;Alex Morales;Colin Castleton
2026,Los Angeles Clippers,Atlanta Hawks,115,92,Kawhi Leonard;Ivica Zubac;Darius Garland;Bennedict Mathurin;Kris Dunn;John Collins;Derrick Jones Jr.;Jordan Miller;Brook Lopez;Bradley Beal;Kobe Sanders;Bogdan Bogdanović;Nicolas Batum;Isaiah Jackson;Chris Paul;Yanic Konan Niederhäuser;Cam Christie;Kobe Brown;Patrick Baldwin Jr.;TyTy Washington Jr.;Dalano Banton;Sean Pedulla;Norchad Omier;RayJ Dennis;Jahmyl Telfort,Nickeil Alexander-Walker;Dyson Daniels;Onyeka Okongwu;CJ McCollum;Trae Young;Keshon Gilbert;Kristaps Porziņģis;Zaccharie Risacher;Vít Krejčí;Jonathan Kuminga;Luke Kennard;Jock Landale;Corey Kispert;Mouhamed Gueye;Gabe Vincent;Asa Newell;RayJ Dennis;Tony Bradley;Christian Koloko;Keaton Wallace;Buddy Hield;Caleb Houstan;N'Faly Dante;Jacob Toppin
2026,Charlotte Hornets,New York Knicks,104,119,Miles Bridges;Brandon Miller;LaMelo Ball;Moussa Diabaté;Sion James;Collin Sexton;Ryan Kalkbrenner;Grant Williams;Coby White;KJ Simpson;Josh Green;PJ Hall;Tidjane Salaün;Tre Mann;Liam McNeeley;Drew Peterson;Mason Plumlee;Pat Connaughton;Antonio Reeves;Xavier Tillman Sr.,OG Anunoby;Mikal Bridges;Karl-Anthony Towns;Josh Hart;Miles McBride;Landry Shamet;Mitchell Robinson;Jordan Clarkson;Jose Alvarado;Tyler Kolek;Mohamed Diawara;Ariel Hukporti;Guerschon Yabusele;Kevin McCullar Jr.;Jeremy Sochan;Trey Jemison;Dillon Jones;Pacôme Dadiet;Tosan Evbuomwan
2026,Brooklyn Nets,Chicago Bulls,113,103,Tre Scott;Nic Claxton;Noah Clowney;Egor Dёmin;Terance Mann;Cam Thomas;Malachi Smith;Ziaire Williams;Nolan Traoré;Drake Powell;Danny Wolf;Ben Saraf;Chaney Johnson;Josh Minott;Tyrese Martin;Day'Ron Sharpe;Ochai Agbaji;Jalen Wilson;Tyson Etienne;E.J. Liddell;Grant Nelson,Nikola Vučević;Matas Buzelis;Coby White;Jaden Ivey;Anfernee Simons;Tre Jones;Isaac Okoro;Ayo Dosunmu;Collin Sexton;Guerschon Yabusele;Kevin Huerter;Leonard Miller;Mouhamadou Gueye;Nick Richards;Rob Dillingham;Jalen Smith;Patrick Williams;Zach Collins;Mac McClung;Yuki Kawamura;Dalen Terry;Jevon Carter;Julian Phillips;Lachlan Olbrich;Emanuel Miller;Trentyn Flowers;Noa Essengue
2026,Sacramento Kings,Houston Rockets,95,121,Zach LaVine;DeMar DeRozan;Domantas Sabonis;Russell Westbrook;Maxime Raynaud;Daeqwon Plowden;Dennis Schröder;De'Andre Hunter;Nique Clifford;Precious Achiuwa;Malik Monk;Dylan Cardwell;DaQuan Jeffries;Devin Carter;Killian Hayes;Keon Ellis;Doug McDermott;Patrick Baldwin Jr.;Isaiah Stevens;Drew Eubanks;Dario Šarić;Isaac Jones,Kevin Durant;Jabari Smith Jr.;Alperen Şengün;Reed Sheppard;Tari Eason;Steven Adams;Josh Okogie;Dorian Finney-Smith;Aaron Holiday;Clint Capela;Tristen Newton;Jae'Sean Tate;JD Davison;Isaiah Crawford;Jeff Green
2026,Detroit Pistons,Milwaukee Bucks,109,113,Jalen Duren;Tobias Harris;Duncan Robinson;Ausar Thompson;Isaiah Stewart;Kevin Huerter;Daniss Jenkins;Ron Holland;Caris LeVert;Javonte Green;Jaden Ivey;Paul Reed;Marcus Sasser;Wendell Moore Jr.;Tolu Smith;Chaz Lanier;Colby Jones;Bobi Klintman;Isaac Jones,Ryan Rollins;A.J. Green;Giannis Antetokounmpo;Myles Turner;Ousmane Dieng;Kyle Kuzma;Cormac Ryan;Bobby Portis;Taurean Prince;Gary Trent Jr.;Jericho Sims;Cam Thomas;Pete Nance;Cole Anthony;Gary Harris;Amir Coffey;Andre Jackson Jr.;Thanasis Antetokounmpo;Mark Sears;Alex Antetokounmpo
2026,Miami Heat,Dallas Mavericks,108,118,Tyler Herro;Andrew Wiggins;Norman Powell;Davion Mitchell;Jaime Jaquez Jr.;Pelle Larsson;Kel'el Ware;Kasparas Jakučionis;Nikola Jović;Simone Fontecchio;Dru Smith;Myron Gardner;Keshad Johnson;Jahmir Young;Vladislav Goldin;Trevor Keels,Anthony Davis;P.J. Washington;Naji Marshall;Max Christie;Brandon Williams;Klay Thompson;Daniel Gafford;Marvin Bagley III;Khris Middleton;Ryan Nembhard;John Poulakidas;D'Angelo Russell;Tyus Jones;Dereck Lively II;Caleb Martin;Dwight Powell;Moussa Cisse;Tyler Smith;Jaden Hardy;Jeremiah Robinson-Earl;AJ Johnson;Miles Kelly
2026,Golden State Warriors,Philadelphia 76ers,98,99,Stephen Curry;Brandin Podziemski;Draymond Green;Moses Moody;Jonathan Kuminga;Kristaps Porziņģis;De'Anthony Melton;Al Horford;Gui Santos;Charles Bassey;Will Richard;Pat Spencer;Buddy Hield;Quinten Post;Nate Williams;LJ Cryer;Gary Payton II;Seth Curry;Omer Yurtseven;Trayce Jackson-Davis;Malevy Leons,VJ Edgecombe;Joel Embiid;Kelly Oubre Jr.;Paul George;Quentin Grimes;Dominick Barlow;Andre Drummond;Adem Bona;Cameron Payne;Jared McCain;Trendon Watford;Justin Edwards;MarJon Beauchamp;Dalen Terry;Eric Gordon;Jabari Walker;Tyrese Martin;Kyle Lowry;Johni Broome;Charles Bassey;Hunter Sallis;Patrick Baldwin Jr.
2026,Boston Celtics,Washington Wizards,146,101,Derrick White;Jayson Tatum;Payton Pritchard;Neemias Queta;Sam Hauser;Anfernee Simons;Nikola Vučević;Baylor Scheierman;Jordan Walsh;Luka Garza;Josh Minott;Hugo González;Dalano Banton;Ron Harper Jr.;Chris Boucher;Xavier Tillman Sr.;John Tonje;Amari Williams;Charles Bassey;Max Shulga,CJ McCollum;Kyshawn George;Leaky Black;Bub Carrington;Alex Sarr;Bilal Coulibaly;Alondes Williams;Khris Middleton;Tre Johnson;Kadary Richmond;Will Riley;Trae Young;Jamir Watkins;Jaden Hardy;Justin Champagnie;Corey Kispert;Marvin Bagley III;Anthony Gill;Sharife Cooper;Cam Whitmore;Keshon Gilbert;Tristan Vukcevic;Skal Labissière;Malaki Branham;AJ Johnson
2026,Utah Jazz,Brooklyn Nets,123,110,Andersson Garcia;Keyonte George;Bez Mbeng;Kennedy Chandler;Walker Kessler;Ace Bailey;Jusuf Nurkić;John Konchar;Isaiah Collier;Hayden Gray;Cody Williams;Jaren Jackson Jr.;Brice Sensabaugh;Kyle Filipowski;Svi Mykhailiuk;Elijah Harkless;Blake Hinson;Kyle Anderson;Mo Bamba;Walter Clayton;Kevin Love;Oscar Tshiebwe;Taylor Hendricks;Vince Williams Jr.,Tre Scott;Nic Claxton;Noah Clowney;Egor Dёmin;Terance Mann;Cam Thomas;Malachi Smith;Ziaire Williams;Nolan Traoré;Drake Powell;Danny Wolf;Ben Saraf;Chaney Johnson;Josh Minott;Tyrese Martin;Day'Ron Sharpe;Ochai Agbaji;Jalen Wilson;Tyson Etienne;E.J. Liddell;Grant Nelson
2026,Los Angeles Lakers,Toronto Raptors,123,120,Austin Reaves;LeBron James;Marcus Smart;Rui Hachimura;Deandre Ayton;Jake LaRavia;Luke Kennard;Gabe Vincent;Jaxson Hayes;Jarred Vanderbilt;Nick Smith Jr.;Maxi Kleber;Dalton Knecht;Bronny James;Drew Timme;Kobe Bufkin;Adou Thiero;Chris Mañon;Christian Koloko,Scottie Barnes;Immanuel Quickley;RJ Barrett;Jakob Poeltl;Jamal Shead;Collin Murray-Boyles;Sandro Mamukelashvili;Ja'Kobe Walter;Ochai Agbaji;Gradey Dick;A.J. Lawson;Jamison Battle;Markelle Fultz;Chucky Hepburn;Alijah Martin;Jonathan Mogbo;Trayce Jackson-Davis;Garrett Temple;Mo Bamba
2026,Minnesota Timberwolves,New Orleans Pelicans,125,116,Julius Randle;Jaden McDaniels;Rudy Gobert;Donte DiVincenzo;Ayo Dosunmu;Naz Reid;Kyle Anderson;Mike Conley;Bones Hyland;Jaylen Clark;Terrence Shannon Jr.;Rob Dillingham;Enrique Freeman;Zyon Pullin;Joan Beringer;Julian Phillips;Rocco Zikarsky;Joe Ingles;Leonard Miller;Johnny Juzang,Saddiq Bey;Zion Williamson;Herbert Jones;Dejounte Murray;Josh Oduro;Jeremiah Fears;Derik Queen;Jordan Poole;Jose Alvarado;Bryce McGowens;Yves Missi;DeAndre Jordan;Micah Peavy;Karlo Matković;Kevon Looney;Jordan Hawkins;Trey Alexander;Hunter Dickinson
2026,Los Angeles Lakers,Boston Celtics,105,126,Austin Reaves;LeBron James;Marcus Smart;Rui Hachimura;Deandre Ayton;Jake LaRavia;Luke Kennard;Gabe Vincent;Jaxson Hayes;Jarred Vanderbilt;Nick Smith Jr.;Maxi Kleber;Dalton Knecht;Bronny James;Drew Timme;Kobe Bufkin;Adou Thiero;Chris Mañon;Christian Koloko,Derrick White;Jayson Tatum;Payton Pritchard;Neemias Queta;Sam Hauser;Anfernee Simons;Nikola Vučević;Baylor Scheierman;Jordan Walsh;Luka Garza;Josh Minott;Hugo González;Dalano Banton;Ron Harper Jr.;Chris Boucher;Xavier Tillman Sr.;John Tonje;Amari Williams;Charles Bassey;Max Shulga
2026,Miami Heat,Orlando Magic,105,106,Tyler Herro;Andrew Wiggins;Norman Powell;Davion Mitchell;Jaime Jaquez Jr.;Pelle Larsson;Kel'el Ware;Kasparas Jakučionis;Nikola Jović;Simone Fontecchio;Dru Smith;Myron Gardner;Keshad Johnson;Jahmir Young;Vladislav Goldin;Trevor Keels,Desmond Bane;Franz Wagner;Anthony Black;Wendell Carter Jr.;Jalen Suggs;Tristan Da Silva;Jevon Carter;Tyus Jones;Goga Bitadze;Noah Penda;Jett Howard;Jamal Cain;Moritz Wagner;Jase Richardson;Jonathan Isaac;Orlando Robinson;Alex Morales;Colin Castleton
2026,Denver Nuggets,Atlanta Hawks,134,133,Nikola Jokić;Christian Braun;Cameron Johnson;Peyton Watson;Aaron Gordon;Tim Hardaway Jr.;Bruce Brown;Spencer Jones;Jalen Pickett;Julian Strawther;David Roddy;Jonas Valančiūnas;Zeke Nnaji;Curtis Jones;Tyus Jones;DaRon Holmes;Hunter Tyson;KJ Simpson,Nickeil Alexander-Walker;Dyson Daniels;Onyeka Okongwu;CJ McCollum;Trae Young;Keshon Gilbert;Kristaps Porziņģis;Zaccharie Risacher;Vít Krejčí;Jonathan Kuminga;Luke Kennard;Jock Landale;Corey Kispert;Mouhamed Gueye;Gabe Vincent;Asa Newell;RayJ Dennis;Tony Bradley;Christian Koloko;Keaton Wallace;Buddy Hield;Caleb Houstan;N'Faly Dante;Jacob Toppin
2026,San Antonio Spurs,Cleveland Cavaliers,117,130,Devin Vassell;Stephon Castle;Victor Wembanyama;Julian Champagnie;Harrison Barnes;Keldon Johnson;Dylan Harper;Luke Kornet;Jeremy Sochan;Carter Bryant;Kelly Olynyk;Mason Plumlee;Lindy Waters III;Jordan McLaughlin;David Jones García;Bismack Biyombo;Harrison Ingram;Stanley Umude;Riley Minix,Donovan Mitchell;Evan Mobley;Darius Garland;Jarrett Allen;Jaylon Tyson;Sam Merrill;De'Andre Hunter;Keon Ellis;Max Strus;Dean Wade;Dennis Schröder;Lonzo Ball;Craig Porter Jr.;Nae'Qwan Tomlin;Larry Nance Jr.;Thomas Bryant;Tyrese Proctor;Olivier Sarr;Tristan Enaruna;Luke Travers;Riley Minix;Chris Livingston;Darius Brown II
2026,Portland Trail Blazers,Detroit Pistons,116,122,Deni Avdija;Jerami Grant;Shaedon Sharpe;Jrue Holiday;Donovan Clingan;Scoot Henderson;Kris Murray;Caleb Love;Vít Krejčí;Sidy Cissoko;Robert Williams;Matisse Thybulle;Rayan Rupert;Blake Wesley;Duop Reath;Yang Hansen;Chris Youngblood;Javonte Cooke;Jayson Kent,Jalen Duren;Tobias Harris;Duncan Robinson;Ausar Thompson;Isaiah Stewart;Kevin Huerter;Daniss Jenkins;Ron Holland;Caris LeVert;Javonte Green;Jaden Ivey;Paul Reed;Marcus Sasser;Wendell Moore Jr.;Tolu Smith;Chaz Lanier;Colby Jones;Bobi Klintman;Isaac Jones
2026,Utah Jazz,New York Knicks,112,146,Andersson Garcia;Keyonte George;Bez Mbeng;Kennedy Chandler;Walker Kessler;Ace Bailey;Jusuf Nurkić;John Konchar;Isaiah Collier;Hayden Gray;Cody Williams;Jaren Jackson Jr.;Brice Sensabaugh;Kyle Filipowski;Svi Mykhailiuk;Elijah Harkless;Blake Hinson;Kyle Anderson;Mo Bamba;Walter Clayton;Kevin Love;Oscar Tshiebwe;Taylor Hendricks;Vince Williams Jr.,OG Anunoby;Mikal Bridges;Karl-Anthony Towns;Josh Hart;Miles McBride;Landry Shamet;Mitchell Robinson;Jordan Clarkson;Jose Alvarado;Tyler Kolek;Mohamed Diawara;Ariel Hukporti;Guerschon Yabusele;Kevin McCullar Jr.;Jeremy Sochan;Trey Jemison;Dillon Jones;Pacôme Dadiet;Tosan Evbuomwan
2026,Charlotte Hornets,Toronto Raptors,111,86,Miles Bridges;Brandon Miller;LaMelo Ball;Moussa Diabaté;Sion James;Collin Sexton;Ryan Kalkbrenner;Grant Williams;Coby White;KJ Simpson;Josh Green;PJ Hall;Tidjane Salaün;Tre Mann;Liam McNeeley;Drew Peterson;Mason Plumlee;Pat Connaughton;Antonio Reeves;Xavier Tillman Sr.,Scottie Barnes;Immanuel Quickley;RJ Barrett;Jakob Poeltl;Jamal Shead;Collin Murray-Boyles;Sandro Mamukelashvili;Ja'Kobe Walter;Ochai Agbaji;Gradey Dick;A.J. Lawson;Jamison Battle;Markelle Fultz;Chucky Hepburn;Alijah Martin;Jonathan Mogbo;Trayce Jackson-Davis;Garrett Temple;Mo Bamba
2026,Indiana Pacers,Chicago Bulls,120,105,Bennedict Mathurin;Andrew Nembhard;Aaron Nesmith;Jarace Walker;Kobe Brown;Jalen Slawson;Ivica Zubac;Ben Sheppard;Jay Huff;Ethan Thompson;Micah Potter;Johnny Furphy;Quenton Jackson;Obi Toppin;Jeremiah Robinson-Earl;T.J. McConnell;Isaiah Jackson;Kam Jones;James Wiseman;Cody Martin;Garrison Mathews;Taelon Peter;RayJ Dennis;Mac McClung;Tony Bradley;Monte Morris,Nikola Vučević;Matas Buzelis;Coby White;Jaden Ivey;Anfernee Simons;Tre Jones;Isaac Okoro;Ayo Dosunmu;Collin Sexton;Guerschon Yabusele;Kevin Huerter;Leonard Miller;Mouhamadou Gueye;Nick Richards;Rob Dillingham;Jalen Smith;Patrick Williams;Zach Collins;Mac McClung;Yuki Kawamura;Dalen Terry;Jevon Carter;Julian Phillips;Lachlan Olbrich;Emanuel Miller;Trentyn Flowers;Noa Essengue
2026,Phoenix Suns,Houston Rockets,98,117,Dillon Brooks;Grayson Allen;Collin Gillespie;Royce O'Neale;Jalen Green;Mark Williams;Jordan Goodwin;Oso Ighodaro;Ryan Dunn;Amir Coffey;Jamaree Bouyea;Haywood Highsmith;Rasheer Fleming;CJ Huntley;Isaiah Livers;Nick Richards;Khaman Maluach;Nigel Hayes-Davis;Koby Brea,Kevin Durant;Jabari Smith Jr.;Alperen Şengün;Reed Sheppard;Tari Eason;Steven Adams;Josh Okogie;Dorian Finney-Smith;Aaron Holiday;Clint Capela;Tristen Newton;Jae'Sean Tate;JD Davison;Isaiah Crawford;Jeff Green
2026,Los Angeles Clippers,Memphis Grizzlies,98,107,Kawhi Leonard;Ivica Zubac;Darius Garland;Bennedict Mathurin;Kris Dunn;John Collins;Derrick Jones Jr.;Jordan Miller;Brook Lopez;Bradley Beal;Kobe Sanders;Bogdan Bogdanović;Nicolas Batum;Isaiah Jackson;Chris Paul;Yanic Konan Niederhäuser;Cam Christie;Kobe Brown;Patrick Baldwin Jr.;TyTy Washington Jr.;Dalano Banton;Sean Pedulla;Norchad Omier;RayJ Dennis;Jahmyl Telfort,Lucas Williamson;Rayan Rupert;Jaren Jackson Jr.;Dariq Whitehead;Adama-Alpha Bal;Ja Morant;Santi Aldama;Jaylen Wells;Zach Edey;Cedric Coward;Tyler Burton;Walter Clayton;Lawson Lovering;Taylor Hendricks;Cam Spencer;Jock Landale;Ty Jerome;Kyle Anderson;Jahmai Mashack;Vince Williams Jr.;GG Jackson II;Kentavious Caldwell-Pope;Scotty Pippen Jr.;DeJon Jarreau;Javon Small;Olivier-Maxence Prosper;Christian Koloko;Charles Bassey;John Konchar;Brandon Clarke;Taj Gibson;PJ Hall
2026,Philadelphia 76ers,Milwaukee Bucks,116,101,VJ Edgecombe;Joel Embiid;Kelly Oubre Jr.;Paul George;Quentin Grimes;Dominick Barlow;Andre Drummond;Adem Bona;Cameron Payne;Jared McCain;Trendon Watford;Justin Edwards;MarJon Beauchamp;Dalen Terry;Eric Gordon;Jabari Walker;Tyrese Martin;Kyle Lowry;Johni Broome;Charles Bassey;Hunter Sallis;Patrick Baldwin Jr.,Ryan Rollins;A.J. Green;Giannis Antetokounmpo;Myles Turner;Ousmane Dieng;Kyle Kuzma;Cormac Ryan;Bobby Portis;Taurean Prince;Gary Trent Jr.;Jericho Sims;Cam Thomas;Pete Nance;Cole Anthony;Gary Harris;Amir Coffey;Andre Jackson Jr.;Thanasis Antetokounmpo;Mark Sears;Alex Antetokounmpo
2026,Dallas Mavericks,Oklahoma City Thunder,111,132,Anthony Davis;P.J. Washington;Naji Marshall;Max Christie;Brandon Williams;Klay Thompson;Daniel Gafford;Marvin Bagley III;Khris Middleton;Ryan Nembhard;John Poulakidas;D'Angelo Russell;Tyus Jones;Dereck Lively II;Caleb Martin;Dwight Powell;Moussa Cisse;Tyler Smith;Jaden Hardy;Jeremiah Robinson-Earl;AJ Johnson;Miles Kelly,Chet Holmgren;Jalen Williams;Luguentz Dort;Cason Wallace;Ajay Mitchell;Isaiah Hartenstein;Aaron Wiggins;Isaiah Joe;Jaylin Williams;Alex Caruso;Jared McCain;Nikola Topić;Payton Sandfort;Kenrich Williams;Branden Carlson;Ousmane Dieng;Brooks Barnhizer;Chris Youngblood;Buddy Boeheim
2026,New Orleans Pelicans,Brooklyn Nets,101,119,Saddiq Bey;Zion Williamson;Herbert Jones;Dejounte Murray;Josh Oduro;Jeremiah Fears;Derik Queen;Jordan Poole;Jose Alvarado;Bryce McGowens;Yves Missi;DeAndre Jordan;Micah Peavy;Karlo Matković;Kevon Looney;Jordan Hawkins;Trey Alexander;Hunter Dickinson,Tre Scott;Nic Claxton;Noah Clowney;Egor Dёmin;Terance Mann;Cam Thomas;Malachi Smith;Ziaire Williams;Nolan Traoré;Drake Powell;Danny Wolf;Ben Saraf;Chaney Johnson;Josh Minott;Tyrese Martin;Day'Ron Sharpe;Ochai Agbaji;Jalen Wilson;Tyson Etienne;E.J. Liddell;Grant Nelson
2026,Atlanta Hawks,Washington Wizards,131,116,Nickeil Alexander-Walker;Dyson Daniels;Onyeka Okongwu;CJ McCollum;Trae Young;Keshon Gilbert;Kristaps Porziņģis;Zaccharie Risacher;Vít Krejčí;Jonathan Kuminga;Luke Kennard;Jock Landale;Corey Kispert;Mouhamed Gueye;Gabe Vincent;Asa Newell;RayJ Dennis;Tony Bradley;Christian Koloko;Keaton Wallace;Buddy Hield;Caleb Houstan;N'Faly Dante;Jacob Toppin,CJ McCollum;Kyshawn George;Leaky Black;Bub Carrington;Alex Sarr;Bilal Coulibaly;Alondes Williams;Khris Middleton;Tre Johnson;Kadary Richmond;Will Riley;Trae Young;Jamir Watkins;Jaden Hardy;Justin Champagnie;Corey Kispert;Marvin Bagley III;Anthony Gill;Sharife Cooper;Cam Whitmore;Keshon Gilbert;Tristan Vukcevic;Skal Labissière;Malaki Branham;AJ Johnson
2026,Golden State Warriors,Cleveland Cavaliers,99,94,Stephen Curry;Brandin Podziemski;Draymond Green;Moses Moody;Jonathan Kuminga;Kristaps Porziņģis;De'Anthony Melton;Al Horford;Gui Santos;Charles Bassey;Will Richard;Pat Spencer;Buddy Hield;Quinten Post;Nate Williams;LJ Cryer;Gary Payton II;Seth Curry;Omer Yurtseven;Trayce Jackson-Davis;Malevy Leons,Donovan Mitchell;Evan Mobley;Darius Garland;Jarrett Allen;Jaylon Tyson;Sam Merrill;De'Andre Hunter;Keon Ellis;Max Strus;Dean Wade;Dennis Schröder;Lonzo Ball;Craig Porter Jr.;Nae'Qwan Tomlin;Larry Nance Jr.;Thomas Bryant;Tyrese Proctor;Olivier Sarr;Tristan Enaruna;Luke Travers;Riley Minix;Chris Livingston;Darius Brown II
2026,Milwaukee Bucks,Detroit Pistons,112,124,Ryan Rollins;A.J. Green;Giannis Antetokounmpo;Myles Turner;Ousmane Dieng;Kyle Kuzma;Cormac Ryan;Bobby Portis;Taurean Prince;Gary Trent Jr.;Jericho Sims;Cam Thomas;Pete Nance;Cole Anthony;Gary Harris;Amir Coffey;Andre Jackson Jr.;Thanasis Antetokounmpo;Mark Sears;Alex Antetokounmpo,Jalen Duren;Tobias Harris;Duncan Robinson;Ausar Thompson;Isaiah Stewart;Kevin Huerter;Daniss Jenkins;Ron Holland;Caris LeVert;Javonte Green;Jaden Ivey;Paul Reed;Marcus Sasser;Wendell Moore Jr.;Tolu Smith;Chaz Lanier;Colby Jones;Bobi Klintman;Isaac Jones
2026,Sacramento Kings,Miami Heat,127,111,Zach LaVine;DeMar DeRozan;Domantas Sabonis;Russell Westbrook;Maxime Raynaud;Daeqwon Plowden;Dennis Schröder;De'Andre Hunter;Nique Clifford;Precious Achiuwa;Malik Monk;Dylan Cardwell;DaQuan Jeffries;Devin Carter;Killian Hayes;Keon Ellis;Doug McDermott;Patrick Baldwin Jr.;Isaiah Stevens;Drew Eubanks;Dario Šarić;Isaac Jones,Tyler Herro;Andrew Wiggins;Norman Powell;Davion Mitchell;Jaime Jaquez Jr.;Pelle Larsson;Kel'el Ware;Kasparas Jakučionis;Nikola Jović;Simone Fontecchio;Dru Smith;Myron Gardner;Keshad Johnson;Jahmir Young;Vladislav Goldin;Trevor Keels
2026,Los Angeles Clippers,Minnesota Timberwolves,106,109,Kawhi Leonard;Ivica Zubac;Darius Garland;Bennedict Mathurin;Kris Dunn;John Collins;Derrick Jones Jr.;Jordan Miller;Brook Lopez;Bradley Beal;Kobe Sanders;Bogdan Bogdanović;Nicolas Batum;Isaiah Jackson;Chris Paul;Yanic Konan Niederhäuser;Cam Christie;Kobe Brown;Patrick Baldwin Jr.;TyTy Washington Jr.;Dalano Banton;Sean Pedulla;Norchad Omier;RayJ Dennis;Jahmyl Telfort,Julius Randle;Jaden McDaniels;Rudy Gobert;Donte DiVincenzo;Ayo Dosunmu;Naz Reid;Kyle Anderson;Mike Conley;Bones Hyland;Jaylen Clark;Terrence Shannon Jr.;Rob Dillingham;Enrique Freeman;Zyon Pullin;Joan Beringer;Julian Phillips;Rocco Zikarsky;Joe Ingles;Leonard Miller;Johnny Juzang
2026,Houston Rockets,Dallas Mavericks,109,122,Kevin Durant;Jabari Smith Jr.;Alperen Şengün;Reed Sheppard;Tari Eason;Steven Adams;Josh Okogie;Dorian Finney-Smith;Aaron Holiday;Clint Capela;Tristen Newton;Jae'Sean Tate;JD Davison;Isaiah Crawford;Jeff Green,Anthony Davis;P.J. Washington;Naji Marshall;Max Christie;Brandon Williams;Klay Thompson;Daniel Gafford;Marvin Bagley III;Khris Middleton;Ryan Nembhard;John Poulakidas;D'Angelo Russell;Tyus Jones;Dereck Lively II;Caleb Martin;Dwight Powell;Moussa Cisse;Tyler Smith;Jaden Hardy;Jeremiah Robinson-Earl;AJ Johnson;Miles Kelly
2026,Orlando Magic,New York Knicks,100,106,Desmond Bane;Franz Wagner;Anthony Black;Wendell Carter Jr.;Jalen Suggs;Tristan Da Silva;Jevon Carter;Tyus Jones;Goga Bitadze;Noah Penda;Jett Howard;Jamal Cain;Moritz Wagner;Jase Richardson;Jonathan Isaac;Orlando Robinson;Alex Morales;Colin Castleton,OG Anunoby;Mikal Bridges;Karl-Anthony Towns;Josh Hart;Miles McBride;Landry Shamet;Mitchell Robinson;Jordan Clarkson;Jose Alvarado;Tyler Kolek;Mohamed Diawara;Ariel Hukporti;Guerschon Yabusele;Kevin McCullar Jr.;Jeremy Sochan;Trey Jemison;Dillon Jones;Pacôme Dadiet;Tosan Evbuomwan
2026,Boston Celtics,Toronto Raptors,121,113,Derrick White;Jayson Tatum;Payton Pritchard;Neemias Queta;Sam Hauser;Anfernee Simons;Nikola Vučević;Baylor Scheierman;Jordan Walsh;Luka Garza;Josh Minott;Hugo González;Dalano Banton;Ron Harper Jr.;Chris Boucher;Xavier Tillman Sr.;John Tonje;Amari Williams;Charles Bassey;Max Shulga,Scottie Barnes;Immanuel Quickley;RJ Barrett;Jakob Poeltl;Jamal Shead;Collin Murray-Boyles;Sandro Mamukelashvili;Ja'Kobe Walter;Ochai Agbaji;Gradey Dick;A.J. Lawson;Jamison Battle;Markelle Fultz;Chucky Hepburn;Alijah Martin;Jonathan Mogbo;Trayce Jackson-Davis;Garrett Temple;Mo Bamba
2026,Denver Nuggets,Charlotte Hornets,115,106,Nikola Jokić;Christian Braun;Cameron Johnson;Peyton Watson;Aaron Gordon;Tim Hardaway Jr.;Bruce Brown;Spencer Jones;Jalen Pickett;Julian Strawther;David Roddy;Jonas Valančiūnas;Zeke Nnaji;Curtis Jones;Tyus Jones;DaRon Holmes;Hunter Tyson;KJ Simpson,Miles Bridges;Brandon Miller;LaMelo Ball;Moussa Diabaté;Sion James;Collin Sexton;Ryan Kalkbrenner;Grant Williams;Coby White;KJ Simpson;Josh Green;PJ Hall;Tidjane Salaün;Tre Mann;Liam McNeeley;Drew Peterson;Mason Plumlee;Pat Connaughton;Antonio Reeves;Xavier Tillman Sr.
2026,Portland Trail Blazers,Memphis Grizzlies,96,119,Deni Avdija;Jerami Grant;Shaedon Sharpe;Jrue Holiday;Donovan Clingan;Scoot Henderson;Kris Murray;Caleb Love;Vít Krejčí;Sidy Cissoko;Robert Williams;Matisse Thybulle;Rayan Rupert;Blake Wesley;Duop Reath;Yang Hansen;Chris Youngblood;Javonte Cooke;Jayson Kent,Lucas Williamson;Rayan Rupert;Jaren Jackson Jr.;Dariq Whitehead;Adama-Alpha Bal;Ja Morant;Santi Aldama;Jaylen Wells;Zach Edey;Cedric Coward;Tyler Burton;Walter Clayton;Lawson Lovering;Taylor Hendricks;Cam Spencer;Jock Landale;Ty Jerome;Kyle Anderson;Jahmai Mashack;Vince Williams Jr.;GG Jackson II;Kentavious Caldwell-Pope;Scotty Pippen Jr.;DeJon Jarreau;Javon Small;Olivier-Maxence Prosper;Christian Koloko;Charles Bassey;John Konchar;Brandon Clarke;Taj Gibson;PJ Hall
2026,Golden State Warriors,Chicago Bulls,123,91,Stephen Curry;Brandin Podziemski;Draymond Green;Moses Moody;Jonathan Kuminga;Kristaps Porziņģis;De'Anthony Melton;Al Horford;Gui Santos;Charles Bassey;Will Richard;Pat Spencer;Buddy Hield;Quinten Post;Nate Williams;LJ Cryer;Gary Payton II;Seth Curry;Omer Yurtseven;Trayce Jackson-Davis;Malevy Leons,Nikola Vučević;Matas Buzelis;Coby White;Jaden Ivey;Anfernee Simons;Tre Jones;Isaac Okoro;Ayo Dosunmu;Collin Sexton;Guerschon Yabusele;Kevin Huerter;Leonard Miller;Mouhamadou Gueye;Nick Richards;Rob Dillingham;Jalen Smith;Patrick Williams;Zach Collins;Mac McClung;Yuki Kawamura;Dalen Terry;Jevon Carter;Julian Phillips;Lachlan Olbrich;Emanuel Miller;Trentyn Flowers;Noa Essengue
2026,Los Angeles Lakers,Philadelphia 76ers,112,108,Austin Reaves;LeBron James;Marcus Smart;Rui Hachimura;Deandre Ayton;Jake LaRavia;Luke Kennard;Gabe Vincent;Jaxson Hayes;Jarred Vanderbilt;Nick Smith Jr.;Maxi Kleber;Dalton Knecht;Bronny James;Drew Timme;Kobe Bufkin;Adou Thiero;Chris Mañon;Christian Koloko,VJ Edgecombe;Joel Embiid;Kelly Oubre Jr.;Paul George;Quentin Grimes;Dominick Barlow;Andre Drummond;Adem Bona;Cameron Payne;Jared McCain;Trendon Watford;Justin Edwards;MarJon Beauchamp;Dalen Terry;Eric Gordon;Jabari Walker;Tyrese Martin;Kyle Lowry;Johni Broome;Charles Bassey;Hunter Sallis;Patrick Baldwin Jr.
2026,Oklahoma City Thunder,Utah Jazz,131,101,Chet Holmgren;Jalen Williams;Luguentz Dort;Cason Wallace;Ajay Mitchell;Isaiah Hartenstein;Aaron Wiggins;Isaiah Joe;Jaylin Williams;Alex Caruso;Jared McCain;Nikola Topić;Payton Sandfort;Kenrich Williams;Branden Carlson;Ousmane Dieng;Brooks Barnhizer;Chris Youngblood;Buddy Boeheim,Andersson Garcia;Keyonte George;Bez Mbeng;Kennedy Chandler;Walker Kessler;Ace Bailey;Jusuf Nurkić;John Konchar;Isaiah Collier;Hayden Gray;Cody Williams;Jaren Jackson Jr.;Brice Sensabaugh;Kyle Filipowski;Svi Mykhailiuk;Elijah Harkless;Blake Hinson;Kyle Anderson;Mo Bamba;Walter Clayton;Kevin Love;Oscar Tshiebwe;Taylor Hendricks;Vince Williams Jr.
2026,Sacramento Kings,Indiana Pacers,105,116,Zach LaVine;DeMar DeRozan;Domantas Sabonis;Russell Westbrook;Maxime Raynaud;Daeqwon Plowden;Dennis Schröder;De'Andre Hunter;Nique Clifford;Precious Achiuwa;Malik Monk;Dylan Cardwell;DaQuan Jeffries;Devin Carter;Killian Hayes;Keon Ellis;Doug McDermott;Patrick Baldwin Jr.;Isaiah Stevens;Drew Eubanks;Dario Šarić;Isaac Jones,Bennedict Mathurin;Andrew Nembhard;Aaron Nesmith;Jarace Walker;Kobe Brown;Jalen Slawson;Ivica Zubac;Ben Sheppard;Jay Huff;Ethan Thompson;Micah Potter;Johnny Furphy;Quenton Jackson;Obi Toppin;Jeremiah Robinson-Earl;T.J. McConnell;Isaiah Jackson;Kam Jones;James Wiseman;Cody Martin;Garrison Mathews;Taelon Peter;RayJ Dennis;Mac McClung;Tony Bradley;Monte Morris
2026,Phoenix Suns,Minnesota Timberwolves,108,105,Dillon Brooks;Grayson Allen;Collin Gillespie;Royce O'Neale;Jalen Green;Mark Williams;Jordan Goodwin;Oso Ighodaro;Ryan Dunn;Amir Coffey;Jamaree Bouyea;Haywood Highsmith;Rasheer Fleming;CJ Huntley;Isaiah Livers;Nick Richards;Khaman Maluach;Nigel Hayes-Davis;Koby Brea,Julius Randle;Jaden McDaniels;Rudy Gobert;Donte DiVincenzo;Ayo Dosunmu;Naz Reid;Kyle Anderson;Mike Conley;Bones Hyland;Jaylen Clark;Terrence Shannon Jr.;Rob Dillingham;Enrique Freeman;Zyon Pullin;Joan Beringer;Julian Phillips;Rocco Zikarsky;Joe Ingles;Leonard Miller;Johnny Juzang
2026,San Antonio Spurs,New Orleans Pelicans,135,132,Devin Vassell;Stephon Castle;Victor Wembanyama;Julian Champagnie;Harrison Barnes;Keldon Johnson;Dylan Harper;Luke Kornet;Jeremy Sochan;Carter Bryant;Kelly Olynyk;Mason Plumlee;Lindy Waters III;Jordan McLaughlin;David Jones García;Bismack Biyombo;Harrison Ingram;Stanley Umude;Riley Minix,Saddiq Bey;Zion Williamson;Herbert Jones;Dejounte Murray;Josh Oduro;Jeremiah Fears;Derik Queen;Jordan Poole;Jose Alvarado;Bryce McGowens;Yves Missi;DeAndre Jordan;Micah Peavy;Karlo Matković;Kevon Looney;Jordan Hawkins;Trey Alexander;Hunter Dickinson
2026,Miami Heat,Orlando Magic,108,117,Tyler Herro;Andrew Wiggins;Norman Powell;Davion Mitchell;Jaime Jaquez Jr.;Pelle Larsson;Kel'el Ware;Kasparas Jakučionis;Nikola Jović;Simone Fontecchio;Dru Smith;Myron Gardner;Keshad Johnson;Jahmir Young;Vladislav Goldin;Trevor Keels,Desmond Bane;Franz Wagner;Anthony Black;Wendell Carter Jr.;Jalen Suggs;Tristan Da Silva;Jevon Carter;Tyus Jones;Goga Bitadze;Noah Penda;Jett Howard;Jamal Cain;Moritz Wagner;Jase Richardson;Jonathan Isaac;Orlando Robinson;Alex Morales;Colin Castleton
2026,New York Knicks,Toronto Raptors,117,101,OG Anunoby;Mikal Bridges;Karl-Anthony Towns;Josh Hart;Miles McBride;Landry Shamet;Mitchell Robinson;Jordan Clarkson;Jose Alvarado;Tyler Kolek;Mohamed Diawara;Ariel Hukporti;Guerschon Yabusele;Kevin McCullar Jr.;Jeremy Sochan;Trey Jemison;Dillon Jones;Pacôme Dadiet;Tosan Evbuomwan,Scottie Barnes;Immanuel Quickley;RJ Barrett;Jakob Poeltl;Jamal Shead;Collin Murray-Boyles;Sandro Mamukelashvili;Ja'Kobe Walter;Ochai Agbaji;Gradey Dick;A.J. Lawson;Jamison Battle;Markelle Fultz;Chucky Hepburn;Alijah Martin;Jonathan Mogbo;Trayce Jackson-Davis;Garrett Temple;Mo Bamba
2026,Phoenix Suns,Oklahoma City Thunder,89,138,Dillon Brooks;Grayson Allen;Collin Gillespie;Royce O'Neale;Jalen Green;Mark Williams;Jordan Goodwin;Oso Ighodaro;Ryan Dunn;Amir Coffey;Jamaree Bouyea;Haywood Highsmith;Rasheer Fleming;CJ Huntley;Isaiah Livers;Nick Richards;Khaman Maluach;Nigel Hayes-Davis;Koby Brea,Chet Holmgren;Jalen Williams;Luguentz Dort;Cason Wallace;Ajay Mitchell;Isaiah Hartenstein;Aaron Wiggins;Isaiah Joe;Jaylin Williams;Alex Caruso;Jared McCain;Nikola Topić;Payton Sandfort;Kenrich Williams;Branden Carlson;Ousmane Dieng;Brooks Barnhizer;Chris Youngblood;Buddy Boeheim
2026,San Antonio Spurs,Los Angeles Lakers,132,119,Devin Vassell;Stephon Castle;Victor Wembanyama;Julian Champagnie;Harrison Barnes;Keldon Johnson;Dylan Harper;Luke Kornet;Jeremy Sochan;Carter Bryant;Kelly Olynyk;Mason Plumlee;Lindy Waters III;Jordan McLaughlin;David Jones García;Bismack Biyombo;Harrison Ingram;Stanley Umude;Riley Minix,Austin Reaves;LeBron James;Marcus Smart;Rui Hachimura;Deandre Ayton;Jake LaRavia;Luke Kennard;Gabe Vincent;Jaxson Hayes;Jarred Vanderbilt;Nick Smith Jr.;Maxi Kleber;Dalton Knecht;Bronny James;Drew Timme;Kobe Bufkin;Adou Thiero;Chris Mañon;Christian Koloko
2026,Los Angeles Clippers,Houston Rockets,113,115,Kawhi Leonard;Ivica Zubac;Darius Garland;Bennedict Mathurin;Kris Dunn;John Collins;Derrick Jones Jr.;Jordan Miller;Brook Lopez;Bradley Beal;Kobe Sanders;Bogdan Bogdanović;Nicolas Batum;Isaiah Jackson;Chris Paul;Yanic Konan Niederhäuser;Cam Christie;Kobe Brown;Patrick Baldwin Jr.;TyTy Washington Jr.;Dalano Banton;Sean Pedulla;Norchad Omier;RayJ Dennis;Jahmyl Telfort,Kevin Durant;Jabari Smith Jr.;Alperen Şengün;Reed Sheppard;Tari Eason;Steven Adams;Josh Okogie;Dorian Finney-Smith;Aaron Holiday;Clint Capela;Tristen Newton;Jae'Sean Tate;JD Davison;Isaiah Crawford;Jeff Green
2026,Boston Celtics,Milwaukee Bucks,101,116,Derrick White;Jayson Tatum;Payton Pritchard;Neemias Queta;Sam Hauser;Anfernee Simons;Nikola Vučević;Baylor Scheierman;Jordan Walsh;Luka Garza;Josh Minott;Hugo González;Dalano Banton;Ron Harper Jr.;Chris Boucher;Xavier Tillman Sr.;John Tonje;Amari Williams;Charles Bassey;Max Shulga,Ryan Rollins;A.J. Green;Giannis Antetokounmpo;Myles Turner;Ousmane Dieng;Kyle Kuzma;Cormac Ryan;Bobby Portis;Taurean Prince;Gary Trent Jr.;Jericho Sims;Cam Thomas;Pete Nance;Cole Anthony;Gary Harris;Amir Coffey;Andre Jackson Jr.;Thanasis Antetokounmpo;Mark Sears;Alex Antetokounmpo
2026,Portland Trail Blazers,New Orleans Pelicans,120,143,Deni Avdija;Jerami Grant;Shaedon Sharpe;Jrue Holiday;Donovan Clingan;Scoot Henderson;Kris Murray;Caleb Love;Vít Krejčí;Sidy Cissoko;Robert Williams;Matisse Thybulle;Rayan Rupert;Blake Wesley;Duop Reath;Yang Hansen;Chris Youngblood;Javonte Cooke;Jayson Kent,Saddiq Bey;Zion Williamson;Herbert Jones;Dejounte Murray;Josh Oduro;Jeremiah Fears;Derik Queen;Jordan Poole;Jose Alvarado;Bryce McGowens;Yves Missi;DeAndre Jordan;Micah Peavy;Karlo Matković;Kevon Looney;Jordan Hawkins;Trey Alexander;Hunter Dickinson
2026,Denver Nuggets,Sacramento Kings,136,105,Nikola Jokić;Christian Braun;Cameron Johnson;Peyton Watson;Aaron Gordon;Tim Hardaway Jr.;Bruce Brown;Spencer Jones;Jalen Pickett;Julian Strawther;David Roddy;Jonas Valančiūnas;Zeke Nnaji;Curtis Jones;Tyus Jones;DaRon Holmes;Hunter Tyson;KJ Simpson,Zach LaVine;DeMar DeRozan;Domantas Sabonis;Russell Westbrook;Maxime Raynaud;Daeqwon Plowden;Dennis Schröder;De'Andre Hunter;Nique Clifford;Precious Achiuwa;Malik Monk;Dylan Cardwell;DaQuan Jeffries;Devin Carter;Killian Hayes;Keon Ellis;Doug McDermott;Patrick Baldwin Jr.;Isaiah Stevens;Drew Eubanks;Dario Šarić;Isaac Jones
2026,Chicago Bulls,Charlotte Hornets,129,126,Nikola Vučević;Matas Buzelis;Coby White;Jaden Ivey;Anfernee Simons;Tre Jones;Isaac Okoro;Ayo Dosunmu;Collin Sexton;Guerschon Yabusele;Kevin Huerter;Leonard Miller;Mouhamadou Gueye;Nick Richards;Rob Dillingham;Jalen Smith;Patrick Williams;Zach Collins;Mac McClung;Yuki Kawamura;Dalen Terry;Jevon Carter;Julian Phillips;Lachlan Olbrich;Emanuel Miller;Trentyn Flowers;Noa Essengue,Miles Bridges;Brandon Miller;LaMelo Ball;Moussa Diabaté;Sion James;Collin Sexton;Ryan Kalkbrenner;Grant Williams;Coby White;KJ Simpson;Josh Green;PJ Hall;Tidjane Salaün;Tre Mann;Liam McNeeley;Drew Peterson;Mason Plumlee;Pat Connaughton;Antonio Reeves;Xavier Tillman Sr.
2026,Atlanta Hawks,Detroit Pistons,115,142,Nickeil Alexander-Walker;Dyson Daniels;Onyeka Okongwu;CJ McCollum;Trae Young;Keshon Gilbert;Kristaps Porziņģis;Zaccharie Risacher;Vít Krejčí;Jonathan Kuminga;Luke Kennard;Jock Landale;Corey Kispert;Mouhamed Gueye;Gabe Vincent;Asa Newell;RayJ Dennis;Tony Bradley;Christian Koloko;Keaton Wallace;Buddy Hield;Caleb Houstan;N'Faly Dante;Jacob Toppin,Jalen Duren;Tobias Harris;Duncan Robinson;Ausar Thompson;Isaiah Stewart;Kevin Huerter;Daniss Jenkins;Ron Holland;Caris LeVert;Javonte Green;Jaden Ivey;Paul Reed;Marcus Sasser;Wendell Moore Jr.;Tolu Smith;Chaz Lanier;Colby Jones;Bobi Klintman;Isaac Jones
2026,Indiana Pacers,Philadelphia 76ers,105,115,Bennedict Mathurin;Andrew Nembhard;Aaron Nesmith;Jarace Walker;Kobe Brown;Jalen Slawson;Ivica Zubac;Ben Sheppard;Jay Huff;Ethan Thompson;Micah Potter;Johnny Furphy;Quenton Jackson;Obi Toppin;Jeremiah Robinson-Earl;T.J. McConnell;Isaiah Jackson;Kam Jones;James Wiseman;Cody Martin;Garrison Mathews;Taelon Peter;RayJ Dennis;Mac McClung;Tony Bradley;Monte Morris,VJ Edgecombe;Joel Embiid;Kelly Oubre Jr.;Paul George;Quentin Grimes;Dominick Barlow;Andre Drummond;Adem Bona;Cameron Payne;Jared McCain;Trendon Watford;Justin Edwards;MarJon Beauchamp;Dalen Terry;Eric Gordon;Jabari Walker;Tyrese Martin;Kyle Lowry;Johni Broome;Charles Bassey;Hunter Sallis;Patrick Baldwin Jr.
2026,Cleveland Cavaliers,Washington Wizards,130,126,Donovan Mitchell;Evan Mobley;Darius Garland;Jarrett Allen;Jaylon Tyson;Sam Merrill;De'Andre Hunter;Keon Ellis;Max Strus;Dean Wade;Dennis Schröder;Lonzo Ball;Craig Porter Jr.;Nae'Qwan Tomlin;Larry Nance Jr.;Thomas Bryant;Tyrese Proctor;Olivier Sarr;Tristan Enaruna;Luke Travers;Riley Minix;Chris Livingston;Darius Brown II,CJ McCollum;Kyshawn George;Leaky Black;Bub Carrington;Alex Sarr;Bilal Coulibaly;Alondes Williams;Khris Middleton;Tre Johnson;Kadary Richmond;Will Riley;Trae Young;Jamir Watkins;Jaden Hardy;Justin Champagnie;Corey Kispert;Marvin Bagley III;Anthony Gill;Sharife Cooper;Cam Whitmore;Keshon Gilbert;Tristan Vukcevic;Skal Labissière;Malaki Branham;AJ Johnson
2026,Utah Jazz,Memphis Grizzlies,130,126,Andersson Garcia;Keyonte George;Bez Mbeng;Kennedy Chandler;Walker Kessler;Ace Bailey;Jusuf Nurkić;John Konchar;Isaiah Collier;Hayden Gray;Cody Williams;Jaren Jackson Jr.;Brice Sensabaugh;Kyle Filipowski;Svi Mykhailiuk;Elijah Harkless;Blake Hinson;Kyle Anderson;Mo Bamba;Walter Clayton;Kevin Love;Oscar Tshiebwe;Taylor Hendricks;Vince Williams Jr.,Lucas Williamson;Rayan Rupert;Jaren Jackson Jr.;Dariq Whitehead;Adama-Alpha Bal;Ja Morant;Santi Aldama;Jaylen Wells;Zach Edey;Cedric Coward;Tyler Burton;Walter Clayton;Lawson Lovering;Taylor Hendricks;Cam Spencer;Jock Landale;Ty Jerome;Kyle Anderson;Jahmai Mashack;Vince Williams Jr.;GG Jackson II;Kentavious Caldwell-Pope;Scotty Pippen Jr.;DeJon Jarreau;Javon Small;Olivier-Maxence Prosper;Christian Koloko;Charles Bassey;John Konchar;Brandon Clarke;Taj Gibson;PJ Hall
2026,Brooklyn Nets,Dallas Mavericks,111,119,Tre Scott;Nic Claxton;Noah Clowney;Egor Dёmin;Terance Mann;Cam Thomas;Malachi Smith;Ziaire Williams;Nolan Traoré;Drake Powell;Danny Wolf;Ben Saraf;Chaney Johnson;Josh Minott;Tyrese Martin;Day'Ron Sharpe;Ochai Agbaji;Jalen Wilson;Tyson Etienne;E.J. Liddell;Grant Nelson,Anthony Davis;P.J. Washington;Naji Marshall;Max Christie;Brandon Williams;Klay Thompson;Daniel Gafford;Marvin Bagley III;Khris Middleton;Ryan Nembhard;John Poulakidas;D'Angelo Russell;Tyus Jones;Dereck Lively II;Caleb Martin;Dwight Powell;Moussa Cisse;Tyler Smith;Jaden Hardy;Jeremiah Robinson-Earl;AJ Johnson;Miles Kelly
2026,Minnesota Timberwolves,Golden State Warriors,127,120,Julius Randle;Jaden McDaniels;Rudy Gobert;Donte DiVincenzo;Ayo Dosunmu;Naz Reid;Kyle Anderson;Mike Conley;Bones Hyland;Jaylen Clark;Terrence Shannon Jr.;Rob Dillingham;Enrique Freeman;Zyon Pullin;Joan Beringer;Julian Phillips;Rocco Zikarsky;Joe Ingles;Leonard Miller;Johnny Juzang,Stephen Curry;Brandin Podziemski;Draymond Green;Moses Moody;Jonathan Kuminga;Kristaps Porziņģis;De'Anthony Melton;Al Horford;Gui Santos;Charles Bassey;Will Richard;Pat Spencer;Buddy Hield;Quinten Post;Nate Williams;LJ Cryer;Gary Payton II;Seth Curry;Omer Yurtseven;Trayce Jackson-Davis;Malevy Leons
2026,New York Knicks,Orlando Magic,132,120,OG Anunoby;Mikal Bridges;Karl-Anthony Towns;Josh Hart;Miles McBride;Landry Shamet;Mitchell Robinson;Jordan Clarkson;Jose Alvarado;Tyler Kolek;Mohamed Diawara;Ariel Hukporti;Guerschon Yabusele;Kevin McCullar Jr.;Jeremy Sochan;Trey Jemison;Dillon Jones;Pacôme Dadiet;Tosan Evbuomwan,Desmond Bane;Franz Wagner;Anthony Black;Wendell Carter Jr.;Jalen Suggs;Tristan Da Silva;Jevon Carter;Tyus Jones;Goga Bitadze;Noah Penda;Jett Howard;Jamal Cain;Moritz Wagner;Jase Richardson;Jonathan Isaac;Orlando Robinson;Alex Morales;Colin Castleton
2026,San Antonio Spurs,Oklahoma City Thunder,111,109,Devin Vassell;Stephon Castle;Victor Wembanyama;Julian Champagnie;Harrison Barnes;Keldon Johnson;Dylan Harper;Luke Kornet;Jeremy Sochan;Carter Bryant;Kelly Olynyk;Mason Plumlee;Lindy Waters III;Jordan McLaughlin;David Jones García;Bismack Biyombo;Harrison Ingram;Stanley Umude;Riley Minix,Chet Holmgren;Jalen Williams;Luguentz Dort;Cason Wallace;Ajay Mitchell;Isaiah Hartenstein;Aaron Wiggins;Isaiah Joe;Jaylin Williams;Alex Caruso;Jared McCain;Nikola Topić;Payton Sandfort;Kenrich Williams;Branden Carlson;Ousmane Dieng;Brooks Barnhizer;Chris Youngblood;Buddy Boeheim
2026,Washington Wizards,Indiana Pacers,108,89,CJ McCollum;Kyshawn George;Leaky Black;Bub Carrington;Alex Sarr;Bilal Coulibaly;Alondes Williams;Khris Middleton;Tre Johnson;Kadary Richmond;Will Riley;Trae Young;Jamir Watkins;Jaden Hardy;Justin Champagnie;Corey Kispert;Marvin Bagley III;Anthony Gill;Sharife Cooper;Cam Whitmore;Keshon Gilbert;Tristan Vukcevic;Skal Labissière;Malaki Branham;AJ Johnson,Bennedict Mathurin;Andrew Nembhard;Aaron Nesmith;Jarace Walker;Kobe Brown;Jalen Slawson;Ivica Zubac;Ben Sheppard;Jay Huff;Ethan Thompson;Micah Potter;Johnny Furphy;Quenton Jackson;Obi Toppin;Jeremiah Robinson-Earl;T.J. McConnell;Isaiah Jackson;Kam Jones;James Wiseman;Cody Martin;Garrison Mathews;Taelon Peter;RayJ Dennis;Mac McClung;Tony Bradley;Monte Morris
2026,Charlotte Hornets,Cleveland Cavaliers,119,111,Miles Bridges;Brandon Miller;LaMelo Ball;Moussa Diabaté;Sion James;Collin Sexton;Ryan Kalkbrenner;Grant Williams;Coby White;KJ Simpson;Josh Green;PJ Hall;Tidjane Salaün;Tre Mann;Liam McNeeley;Drew Peterson;Mason Plumlee;Pat Connaughton;Antonio Reeves;Xavier Tillman Sr.,Donovan Mitchell;Evan Mobley;Darius Garland;Jarrett Allen;Jaylon Tyson;Sam Merrill;De'Andre Hunter;Keon Ellis;Max Strus;Dean Wade;Dennis Schröder;Lonzo Ball;Craig Porter Jr.;Nae'Qwan Tomlin;Larry Nance Jr.;Thomas Bryant;Tyrese Proctor;Olivier Sarr;Tristan Enaruna;Luke Travers;Riley Minix;Chris Livingston;Darius Brown II
2026,Philadelphia 76ers,Atlanta Hawks,117,120,VJ Edgecombe;Joel Embiid;Kelly Oubre Jr.;Paul George;Quentin Grimes;Dominick Barlow;Andre Drummond;Adem Bona;Cameron Payne;Jared McCain;Trendon Watford;Justin Edwards;MarJon Beauchamp;Dalen Terry;Eric Gordon;Jabari Walker;Tyrese Martin;Kyle Lowry;Johni Broome;Charles Bassey;Hunter Sallis;Patrick Baldwin Jr.,Nickeil Alexander-Walker;Dyson Daniels;Onyeka Okongwu;CJ McCollum;Trae Young;Keshon Gilbert;Kristaps Porziņģis;Zaccharie Risacher;Vít Krejčí;Jonathan Kuminga;Luke Kennard;Jock Landale;Corey Kispert;Mouhamed Gueye;Gabe Vincent;Asa Newell;RayJ Dennis;Tony Bradley;Christian Koloko;Keaton Wallace;Buddy Hield;Caleb Houstan;N'Faly Dante;Jacob Toppin
2026,Milwaukee Bucks,Brooklyn Nets,82,127,Ryan Rollins;A.J. Green;Giannis Antetokounmpo;Myles Turner;Ousmane Dieng;Kyle Kuzma;Cormac Ryan;Bobby Portis;Taurean Prince;Gary Trent Jr.;Jericho Sims;Cam Thomas;Pete Nance;Cole Anthony;Gary Harris;Amir Coffey;Andre Jackson Jr.;Thanasis Antetokounmpo;Mark Sears;Alex Antetokounmpo,Tre Scott;Nic Claxton;Noah Clowney;Egor Dёmin;Terance Mann;Cam Thomas;Malachi Smith;Ziaire Williams;Nolan Traoré;Drake Powell;Danny Wolf;Ben Saraf;Chaney Johnson;Josh Minott;Tyrese Martin;Day'Ron Sharpe;Ochai Agbaji;Jalen Wilson;Tyson Etienne;E.J. Liddell;Grant Nelson
2026,New Orleans Pelicans,Chicago Bulls,114,104,Saddiq Bey;Zion Williamson;Herbert Jones;Dejounte Murray;Josh Oduro;Jeremiah Fears;Derik Queen;Jordan Poole;Jose Alvarado;Bryce McGowens;Yves Missi;DeAndre Jordan;Micah Peavy;Karlo Matković;Kevon Looney;Jordan Hawkins;Trey Alexander;Hunter Dickinson,Nikola Vučević;Matas Buzelis;Coby White;Jaden Ivey;Anfernee Simons;Tre Jones;Isaac Okoro;Ayo Dosunmu;Collin Sexton;Guerschon Yabusele;Kevin Huerter;Leonard Miller;Mouhamadou Gueye;Nick Richards;Rob Dillingham;Jalen Smith;Patrick Williams;Zach Collins;Mac McClung;Yuki Kawamura;Dalen Terry;Jevon Carter;Julian Phillips;Lachlan Olbrich;Emanuel Miller;Trentyn Flowers;Noa Essengue
2026,Sacramento Kings,Minnesota Timberwolves,103,117,Zach LaVine;DeMar DeRozan;Domantas Sabonis;Russell Westbrook;Maxime Raynaud;Daeqwon Plowden;Dennis Schröder;De'Andre Hunter;Nique Clifford;Precious Achiuwa;Malik Monk;Dylan Cardwell;DaQuan Jeffries;Devin Carter;Killian Hayes;Keon Ellis;Doug McDermott;Patrick Baldwin Jr.;Isaiah Stevens;Drew Eubanks;Dario Šarić;Isaac Jones,Julius Randle;Jaden McDaniels;Rudy Gobert;Donte DiVincenzo;Ayo Dosunmu;Naz Reid;Kyle Anderson;Mike Conley;Bones Hyland;Jaylen Clark;Terrence Shannon Jr.;Rob Dillingham;Enrique Freeman;Zyon Pullin;Joan Beringer;Julian Phillips;Rocco Zikarsky;Joe Ingles;Leonard Miller;Johnny Juzang
2026,Los Angeles Lakers,Phoenix Suns,116,114,Austin Reaves;LeBron James;Marcus Smart;Rui Hachimura;Deandre Ayton;Jake LaRavia;Luke Kennard;Gabe Vincent;Jaxson Hayes;Jarred Vanderbilt;Nick Smith Jr.;Maxi Kleber;Dalton Knecht;Bronny James;Drew Timme;Kobe Bufkin;Adou Thiero;Chris Mañon;Christian Koloko,Dillon Brooks;Grayson Allen;Collin Gillespie;Royce O'Neale;Jalen Green;Mark Williams;Jordan Goodwin;Oso Ighodaro;Ryan Dunn;Amir Coffey;Jamaree Bouyea;Haywood Highsmith;Rasheer Fleming;CJ Huntley;Isaiah Livers;Nick Richards;Khaman Maluach;Nigel Hayes-Davis;Koby Brea
2026,Golden State Warriors,Portland Trail Blazers,131,136,Stephen Curry;Brandin Podziemski;Draymond Green;Moses Moody;Jonathan Kuminga;Kristaps Porziņģis;De'Anthony Melton;Al Horford;Gui Santos;Charles Bassey;Will Richard;Pat Spencer;Buddy Hield;Quinten Post;Nate Williams;LJ Cryer;Gary Payton II;Seth Curry;Omer Yurtseven;Trayce Jackson-Davis;Malevy Leons,Deni Avdija;Jerami Grant;Shaedon Sharpe;Jrue Holiday;Donovan Clingan;Scoot Henderson;Kris Murray;Caleb Love;Vít Krejčí;Sidy Cissoko;Robert Williams;Matisse Thybulle;Rayan Rupert;Blake Wesley;Duop Reath;Yang Hansen;Chris Youngblood;Javonte Cooke;Jayson Kent
2026,Detroit Pistons,Boston Celtics,112,105,Jalen Duren;Tobias Harris;Duncan Robinson;Ausar Thompson;Isaiah Stewart;Kevin Huerter;Daniss Jenkins;Ron Holland;Caris LeVert;Javonte Green;Jaden Ivey;Paul Reed;Marcus Sasser;Wendell Moore Jr.;Tolu Smith;Chaz Lanier;Colby Jones;Bobi Klintman;Isaac Jones,Derrick White;Jayson Tatum;Payton Pritchard;Neemias Queta;Sam Hauser;Anfernee Simons;Nikola Vučević;Baylor Scheierman;Jordan Walsh;Luka Garza;Josh Minott;Hugo González;Dalano Banton;Ron Harper Jr.;Chris Boucher;Xavier Tillman Sr.;John Tonje;Amari Williams;Charles Bassey;Max Shulga
2026,Toronto Raptors,Miami Heat,106,96,Scottie Barnes;Immanuel Quickley;RJ Barrett;Jakob Poeltl;Jamal Shead;Collin Murray-Boyles;Sandro Mamukelashvili;Ja'Kobe Walter;Ochai Agbaji;Gradey Dick;A.J. Lawson;Jamison Battle;Markelle Fultz;Chucky Hepburn;Alijah Martin;Jonathan Mogbo;Trayce Jackson-Davis;Garrett Temple;Mo Bamba,Tyler Herro;Andrew Wiggins;Norman Powell;Davion Mitchell;Jaime Jaquez Jr.;Pelle Larsson;Kel'el Ware;Kasparas Jakučionis;Nikola Jović;Simone Fontecchio;Dru Smith;Myron Gardner;Keshad Johnson;Jahmir Young;Vladislav Goldin;Trevor Keels
2026,Dallas Mavericks,Utah Jazz,133,140,Anthony Davis;P.J. Washington;Naji Marshall;Max Christie;Brandon Williams;Klay Thompson;Daniel Gafford;Marvin Bagley III;Khris Middleton;Ryan Nembhard;John Poulakidas;D'Angelo Russell;Tyus Jones;Dereck Lively II;Caleb Martin;Dwight Powell;Moussa Cisse;Tyler Smith;Jaden Hardy;Jeremiah Robinson-Earl;AJ Johnson;Miles Kelly,Andersson Garcia;Keyonte George;Bez Mbeng;Kennedy Chandler;Walker Kessler;Ace Bailey;Jusuf Nurkić;John Konchar;Isaiah Collier;Hayden Gray;Cody Williams;Jaren Jackson Jr.;Brice Sensabaugh;Kyle Filipowski;Svi Mykhailiuk;Elijah Harkless;Blake Hinson;Kyle Anderson;Mo Bamba;Walter Clayton;Kevin Love;Oscar Tshiebwe;Taylor Hendricks;Vince Williams Jr.
2026,Houston Rockets,Denver Nuggets,125,128,Kevin Durant;Jabari Smith Jr.;Alperen Şengün;Reed Sheppard;Tari Eason;Steven Adams;Josh Okogie;Dorian Finney-Smith;Aaron Holiday;Clint Capela;Tristen Newton;Jae'Sean Tate;JD Davison;Isaiah Crawford;Jeff Green,Nikola Jokić;Christian Braun;Cameron Johnson;Peyton Watson;Aaron Gordon;Tim Hardaway Jr.;Bruce Brown;Spencer Jones;Jalen Pickett;Julian Strawther;David Roddy;Jonas Valančiūnas;Zeke Nnaji;Curtis Jones;Tyus Jones;DaRon Holmes;Hunter Tyson;KJ Simpson
2026,Memphis Grizzlies,Los Angeles Clippers,121,103,Lucas Williamson;Rayan Rupert;Jaren Jackson Jr.;Dariq Whitehead;Adama-Alpha Bal;Ja Morant;Santi Aldama;Jaylen Wells;Zach Edey;Cedric Coward;Tyler Burton;Walter Clayton;Lawson Lovering;Taylor Hendricks;Cam Spencer;Jock Landale;Ty Jerome;Kyle Anderson;Jahmai Mashack;Vince Williams Jr.;GG Jackson II;Kentavious Caldwell-Pope;Scotty Pippen Jr.;DeJon Jarreau;Javon Small;Olivier-Maxence Prosper;Christian Koloko;Charles Bassey;John Konchar;Brandon Clarke;Taj Gibson;PJ Hall,Kawhi Leonard;Ivica Zubac;Darius Garland;Bennedict Mathurin;Kris Dunn;John Collins;Derrick Jones Jr.;Jordan Miller;Brook Lopez;Bradley Beal;Kobe Sanders;Bogdan Bogdanović;Nicolas Batum;Isaiah Jackson;Chris Paul;Yanic Konan Niederhäuser;Cam Christie;Kobe Brown;Patrick Baldwin Jr.;TyTy Washington Jr.;Dalano Banton;Sean Pedulla;Norchad Omier;RayJ Dennis;Jahmyl Telfort
2026,San Antonio Spurs,New York Knicks,113,124,Devin Vassell;Stephon Castle;Victor Wembanyama;Julian Champagnie;Harrison Barnes;Keldon Johnson;Dylan Harper;Luke Kornet;Jeremy Sochan;Carter Bryant;Kelly Olynyk;Mason Plumlee;Lindy Waters III;Jordan McLaughlin;David Jones García;Bismack Biyombo;Harrison Ingram;Stanley Umude;Riley Minix,OG Anunoby;Mikal Bridges;Karl-Anthony Towns;Josh Hart;Miles McBride;Landry Shamet;Mitchell Robinson;Jordan Clarkson;Jose Alvarado;Tyler Kolek;Mohamed Diawara;Ariel Hukporti;Guerschon Yabusele;Kevin McCullar Jr.;Jeremy Sochan;Trey Jemison;Dillon Jones;Pacôme Dadiet;Tosan Evbuomwan
2026,Cleveland Cavaliers,Chicago Bulls,111,127,Donovan Mitchell;Evan Mobley;Darius Garland;Jarrett Allen;Jaylon Tyson;Sam Merrill;De'Andre Hunter;Keon Ellis;Max Strus;Dean Wade;Dennis Schröder;Lonzo Ball;Craig Porter Jr.;Nae'Qwan Tomlin;Larry Nance Jr.;Thomas Bryant;Tyrese Proctor;Olivier Sarr;Tristan Enaruna;Luke Travers;Riley Minix;Chris Livingston;Darius Brown II,Nikola Vučević;Matas Buzelis;Coby White;Jaden Ivey;Anfernee Simons;Tre Jones;Isaac Okoro;Ayo Dosunmu;Collin Sexton;Guerschon Yabusele;Kevin Huerter;Leonard Miller;Mouhamadou Gueye;Nick Richards;Rob Dillingham;Jalen Smith;Patrick Williams;Zach Collins;Mac McClung;Yuki Kawamura;Dalen Terry;Jevon Carter;Julian Phillips;Lachlan Olbrich;Emanuel Miller;Trentyn Flowers;Noa Essengue
2026,Memphis Grizzlies,Minnesota Timberwolves,116,110,Lucas Williamson;Rayan Rupert;Jaren Jackson Jr.;Dariq Whitehead;Adama-Alpha Bal;Ja Morant;Santi Aldama;Jaylen Wells;Zach Edey;Cedric Coward;Tyler Burton;Walter Clayton;Lawson Lovering;Taylor Hendricks;Cam Spencer;Jock Landale;Ty Jerome;Kyle Anderson;Jahmai Mashack;Vince Williams Jr.;GG Jackson II;Kentavious Caldwell-Pope;Scotty Pippen Jr.;DeJon Jarreau;Javon Small;Olivier-Maxence Prosper;Christian Koloko;Charles Bassey;John Konchar;Brandon Clarke;Taj Gibson;PJ Hall,Julius Randle;Jaden McDaniels;Rudy Gobert;Donte DiVincenzo;Ayo Dosunmu;Naz Reid;Kyle Anderson;Mike Conley;Bones Hyland;Jaylen Clark;Terrence Shannon Jr.;Rob Dillingham;Enrique Freeman;Zyon Pullin;Joan Beringer;Julian Phillips;Rocco Zikarsky;Joe Ingles;Leonard Miller;Johnny Juzang
2026,Atlanta Hawks,Charlotte Hornets,126,133,Nickeil Alexander-Walker;Dyson Daniels;Onyeka Okongwu;CJ McCollum;Trae Young;Keshon Gilbert;Kristaps Porziņģis;Zaccharie Risacher;Vít Krejčí;Jonathan Kuminga;Luke Kennard;Jock Landale;Corey Kispert;Mouhamed Gueye;Gabe Vincent;Asa Newell;RayJ Dennis;Tony Bradley;Christian Koloko;Keaton Wallace;Buddy Hield;Caleb Houstan;N'Faly Dante;Jacob Toppin,Miles Bridges;Brandon Miller;LaMelo Ball;Moussa Diabaté;Sion James;Collin Sexton;Ryan Kalkbrenner;Grant Williams;Coby White;KJ Simpson;Josh Green;PJ Hall;Tidjane Salaün;Tre Mann;Liam McNeeley;Drew Peterson;Mason Plumlee;Pat Connaughton;Antonio Reeves;Xavier Tillman Sr.
2026,New York Knicks,Indiana Pacers,114,113,OG Anunoby;Mikal Bridges;Karl-Anthony Towns;Josh Hart;Miles McBride;Landry Shamet;Mitchell Robinson;Jordan Clarkson;Jose Alvarado;Tyler Kolek;Mohamed Diawara;Ariel Hukporti;Guerschon Yabusele;Kevin McCullar Jr.;Jeremy Sochan;Trey Jemison;Dillon Jones;Pacôme Dadiet;Tosan Evbuomwan,Bennedict Mathurin;Andrew Nembhard;Aaron Nesmith;Jarace Walker;Kobe Brown;Jalen Slawson;Ivica Zubac;Ben Sheppard;Jay Huff;Ethan Thompson;Micah Potter;Johnny Furphy;Quenton Jackson;Obi Toppin;Jeremiah Robinson-Earl;T.J. McConnell;Isaiah Jackson;Kam Jones;James Wiseman;Cody Martin;Garrison Mathews;Taelon Peter;RayJ Dennis;Mac McClung;Tony Bradley;Monte Morris
2026,Miami Heat,Brooklyn Nets,106,95,Tyler Herro;Andrew Wiggins;Norman Powell;Davion Mitchell;Jaime Jaquez Jr.;Pelle Larsson;Kel'el Ware;Kasparas Jakučionis;Nikola Jović;Simone Fontecchio;Dru Smith;Myron Gardner;Keshad Johnson;Jahmir Young;Vladislav Goldin;Trevor Keels,Tre Scott;Nic Claxton;Noah Clowney;Egor Dёmin;Terance Mann;Cam Thomas;Malachi Smith;Ziaire Williams;Nolan Traoré;Drake Powell;Danny Wolf;Ben Saraf;Chaney Johnson;Josh Minott;Tyrese Martin;Day'Ron Sharpe;Ochai Agbaji;Jalen Wilson;Tyson Etienne;E.J. Liddell;Grant Nelson
2026,Toronto Raptors,Milwaukee Bucks,111,105,Scottie Barnes;Immanuel Quickley;RJ Barrett;Jakob Poeltl;Jamal Shead;Collin Murray-Boyles;Sandro Mamukelashvili;Ja'Kobe Walter;Ochai Agbaji;Gradey Dick;A.J. Lawson;Jamison Battle;Markelle Fultz;Chucky Hepburn;Alijah Martin;Jonathan Mogbo;Trayce Jackson-Davis;Garrett Temple;Mo Bamba,Ryan Rollins;A.J. Green;Giannis Antetokounmpo;Myles Turner;Ousmane Dieng;Kyle Kuzma;Cormac Ryan;Bobby Portis;Taurean Prince;Gary Trent Jr.;Jericho Sims;Cam Thomas;Pete Nance;Cole Anthony;Gary Harris;Amir Coffey;Andre Jackson Jr.;Thanasis Antetokounmpo;Mark Sears;Alex Antetokounmpo
2026,Houston Rockets,New Orleans Pelicans,128,133,Kevin Durant;Jabari Smith Jr.;Alperen Şengün;Reed Sheppard;Tari Eason;Steven Adams;Josh Okogie;Dorian Finney-Smith;Aaron Holiday;Clint Capela;Tristen Newton;Jae'Sean Tate;JD Davison;Isaiah Crawford;Jeff Green,Saddiq Bey;Zion Williamson;Herbert Jones;Dejounte Murray;Josh Oduro;Jeremiah Fears;Derik Queen;Jordan Poole;Jose Alvarado;Bryce McGowens;Yves Missi;DeAndre Jordan;Micah Peavy;Karlo Matković;Kevon Looney;Jordan Hawkins;Trey Alexander;Hunter Dickinson
2026,Los Angeles Clippers,Oklahoma City Thunder,101,122,Kawhi Leonard;Ivica Zubac;Darius Garland;Bennedict Mathurin;Kris Dunn;John Collins;Derrick Jones Jr.;Jordan Miller;Brook Lopez;Bradley Beal;Kobe Sanders;Bogdan Bogdanović;Nicolas Batum;Isaiah Jackson;Chris Paul;Yanic Konan Niederhäuser;Cam Christie;Kobe Brown;Patrick Baldwin Jr.;TyTy Washington Jr.;Dalano Banton;Sean Pedulla;Norchad Omier;RayJ Dennis;Jahmyl Telfort,Chet Holmgren;Jalen Williams;Luguentz Dort;Cason Wallace;Ajay Mitchell;Isaiah Hartenstein;Aaron Wiggins;Isaiah Joe;Jaylin Williams;Alex Caruso;Jared McCain;Nikola Topić;Payton Sandfort;Kenrich Williams;Branden Carlson;Ousmane Dieng;Brooks Barnhizer;Chris Youngblood;Buddy Boeheim
2026,Washington Wizards,San Antonio Spurs,94,119,CJ McCollum;Kyshawn George;Leaky Black;Bub Carrington;Alex Sarr;Bilal Coulibaly;Alondes Williams;Khris Middleton;Tre Johnson;Kadary Richmond;Will Riley;Trae Young;Jamir Watkins;Jaden Hardy;Justin Champagnie;Corey Kispert;Marvin Bagley III;Anthony Gill;Sharife Cooper;Cam Whitmore;Keshon Gilbert;Tristan Vukcevic;Skal Labissière;Malaki Branham;AJ Johnson,Devin Vassell;Stephon Castle;Victor Wembanyama;Julian Champagnie;Harrison Barnes;Keldon Johnson;Dylan Harper;Luke Kornet;Jeremy Sochan;Carter Bryant;Kelly Olynyk;Mason Plumlee;Lindy Waters III;Jordan McLaughlin;David Jones García;Bismack Biyombo;Harrison Ingram;Stanley Umude;Riley Minix
2026,Detroit Pistons,Dallas Mavericks,114,116,Jalen Duren;Tobias Harris;Duncan Robinson;Ausar Thompson;Isaiah Stewart;Kevin Huerter;Daniss Jenkins;Ron Holland;Caris LeVert;Javonte Green;Jaden Ivey;Paul Reed;Marcus Sasser;Wendell Moore Jr.;Tolu Smith;Chaz Lanier;Colby Jones;Bobi Klintman;Isaac Jones,Anthony Davis;P.J. Washington;Naji Marshall;Max Christie;Brandon Williams;Klay Thompson;Daniel Gafford;Marvin Bagley III;Khris Middleton;Ryan Nembhard;John Poulakidas;D'Angelo Russell;Tyus Jones;Dereck Lively II;Caleb Martin;Dwight Powell;Moussa Cisse;Tyler Smith;Jaden Hardy;Jeremiah Robinson-Earl;AJ Johnson;Miles Kelly
2026,Orlando Magic,Denver Nuggets,115,126,Desmond Bane;Franz Wagner;Anthony Black;Wendell Carter Jr.;Jalen Suggs;Tristan Da Silva;Jevon Carter;Tyus Jones;Goga Bitadze;Noah Penda;Jett Howard;Jamal Cain;Moritz Wagner;Jase Richardson;Jonathan Isaac;Orlando Robinson;Alex Morales;Colin Castleton,Nikola Jokić;Christian Braun;Cameron Johnson;Peyton Watson;Aaron Gordon;Tim Hardaway Jr.;Bruce Brown;Spencer Jones;Jalen Pickett;Julian Strawther;David Roddy;Jonas Valančiūnas;Zeke Nnaji;Curtis Jones;Tyus Jones;DaRon Holmes;Hunter Tyson;KJ Simpson
2026,Golden State Warriors,Phoenix Suns,98,99,Stephen Curry;Brandin Podziemski;Draymond Green;Moses Moody;Jonathan Kuminga;Kristaps Porziņģis;De'Anthony Melton;Al Horford;Gui Santos;Charles Bassey;Will Richard;Pat Spencer;Buddy Hield;Quinten Post;Nate Williams;LJ Cryer;Gary Payton II;Seth Curry;Omer Yurtseven;Trayce Jackson-Davis;Malevy Leons,Dillon Brooks;Grayson Allen;Collin Gillespie;Royce O'Neale;Jalen Green;Mark Williams;Jordan Goodwin;Oso Ighodaro;Ryan Dunn;Amir Coffey;Jamaree Bouyea;Haywood Highsmith;Rasheer Fleming;CJ Huntley;Isaiah Livers;Nick Richards;Khaman Maluach;Nigel Hayes-Davis;Koby Brea
2026,Los Angeles Lakers,Utah Jazz,143,135,Austin Reaves;LeBron James;Marcus Smart;Rui Hachimura;Deandre Ayton;Jake LaRavia;Luke Kennard;Gabe Vincent;Jaxson Hayes;Jarred Vanderbilt;Nick Smith Jr.;Maxi Kleber;Dalton Knecht;Bronny James;Drew Timme;Kobe Bufkin;Adou Thiero;Chris Mañon;Christian Koloko,Andersson Garcia;Keyonte George;Bez Mbeng;Kennedy Chandler;Walker Kessler;Ace Bailey;Jusuf Nurkić;John Konchar;Isaiah Collier;Hayden Gray;Cody Williams;Jaren Jackson Jr.;Brice Sensabaugh;Kyle Filipowski;Svi Mykhailiuk;Elijah Harkless;Blake Hinson;Kyle Anderson;Mo Bamba;Walter Clayton;Kevin Love;Oscar Tshiebwe;Taylor Hendricks;Vince Williams Jr.
2026,Sacramento Kings,Portland Trail Blazers,133,134,Zach LaVine;DeMar DeRozan;Domantas Sabonis;Russell Westbrook;Maxime Raynaud;Daeqwon Plowden;Dennis Schröder;De'Andre Hunter;Nique Clifford;Precious Achiuwa;Malik Monk;Dylan Cardwell;DaQuan Jeffries;Devin Carter;Killian Hayes;Keon Ellis;Doug McDermott;Patrick Baldwin Jr.;Isaiah Stevens;Drew Eubanks;Dario Šarić;Isaac Jones,Deni Avdija;Jerami Grant;Shaedon Sharpe;Jrue Holiday;Donovan Clingan;Scoot Henderson;Kris Murray;Caleb Love;Vít Krejčí;Sidy Cissoko;Robert Williams;Matisse Thybulle;Rayan Rupert;Blake Wesley;Duop Reath;Yang Hansen;Chris Youngblood;Javonte Cooke;Jayson Kent
2026,Miami Heat,Boston Celtics,116,129,Tyler Herro;Andrew Wiggins;Norman Powell;Davion Mitchell;Jaime Jaquez Jr.;Pelle Larsson;Kel'el Ware;Kasparas Jakučionis;Nikola Jović;Simone Fontecchio;Dru Smith;Myron Gardner;Keshad Johnson;Jahmir Young;Vladislav Goldin;Trevor Keels,Derrick White;Jayson Tatum;Payton Pritchard;Neemias Queta;Sam Hauser;Anfernee Simons;Nikola Vučević;Baylor Scheierman;Jordan Walsh;Luka Garza;Josh Minott;Hugo González;Dalano Banton;Ron Harper Jr.;Chris Boucher;Xavier Tillman Sr.;John Tonje;Amari Williams;Charles Bassey;Max Shulga
2026,Philadelphia 76ers,New York Knicks,116,107,VJ Edgecombe;Joel Embiid;Kelly Oubre Jr.;Paul George;Quentin Grimes;Dominick Barlow;Andre Drummond;Adem Bona;Cameron Payne;Jared McCain;Trendon Watford;Justin Edwards;MarJon Beauchamp;Dalen Terry;Eric Gordon;Jabari Walker;Tyrese Martin;Kyle Lowry;Johni Broome;Charles Bassey;Hunter Sallis;Patrick Baldwin Jr.,OG Anunoby;Mikal Bridges;Karl-Anthony Towns;Josh Hart;Miles McBride;Landry Shamet;Mitchell Robinson;Jordan Clarkson;Jose Alvarado;Tyler Kolek;Mohamed Diawara;Ariel Hukporti;Guerschon Yabusele;Kevin McCullar Jr.;Jeremy Sochan;Trey Jemison;Dillon Jones;Pacôme Dadiet;Tosan Evbuomwan
2026,San Antonio Spurs,Atlanta Hawks,126,98,Devin Vassell;Stephon Castle;Victor Wembanyama;Julian Champagnie;Harrison Barnes;Keldon Johnson;Dylan Harper;Luke Kornet;Jeremy Sochan;Carter Bryant;Kelly Olynyk;Mason Plumlee;Lindy Waters III;Jordan McLaughlin;David Jones García;Bismack Biyombo;Harrison Ingram;Stanley Umude;Riley Minix,Nickeil Alexander-Walker;Dyson Daniels;Onyeka Okongwu;CJ McCollum;Trae Young;Keshon Gilbert;Kristaps Porziņģis;Zaccharie Risacher;Vít Krejčí;Jonathan Kuminga;Luke Kennard;Jock Landale;Corey Kispert;Mouhamed Gueye;Gabe Vincent;Asa Newell;RayJ Dennis;Tony Bradley;Christian Koloko;Keaton Wallace;Buddy Hield;Caleb Houstan;N'Faly Dante;Jacob Toppin
2026,Chicago Bulls,Cleveland Cavaliers,136,125,Nikola Vučević;Matas Buzelis;Coby White;Jaden Ivey;Anfernee Simons;Tre Jones;Isaac Okoro;Ayo Dosunmu;Collin Sexton;Guerschon Yabusele;Kevin Huerter;Leonard Miller;Mouhamadou Gueye;Nick Richards;Rob Dillingham;Jalen Smith;Patrick Williams;Zach Collins;Mac McClung;Yuki Kawamura;Dalen Terry;Jevon Carter;Julian Phillips;Lachlan Olbrich;Emanuel Miller;Trentyn Flowers;Noa Essengue,Donovan Mitchell;Evan Mobley;Darius Garland;Jarrett Allen;Jaylon Tyson;Sam Merrill;De'Andre Hunter;Keon Ellis;Max Strus;Dean Wade;Dennis Schröder;Lonzo Ball;Craig Porter Jr.;Nae'Qwan Tomlin;Larry Nance Jr.;Thomas Bryant;Tyrese Proctor;Olivier Sarr;Tristan Enaruna;Luke Travers;Riley Minix;Chris Livingston;Darius Brown II
2026,Oklahoma City Thunder,Minnesota Timberwolves,107,112,Chet Holmgren;Jalen Williams;Luguentz Dort;Cason Wallace;Ajay Mitchell;Isaiah Hartenstein;Aaron Wiggins;Isaiah Joe;Jaylin Williams;Alex Caruso;Jared McCain;Nikola Topić;Payton Sandfort;Kenrich Williams;Branden Carlson;Ousmane Dieng;Brooks Barnhizer;Chris Youngblood;Buddy Boeheim,Julius Randle;Jaden McDaniels;Rudy Gobert;Donte DiVincenzo;Ayo Dosunmu;Naz Reid;Kyle Anderson;Mike Conley;Bones Hyland;Jaylen Clark;Terrence Shannon Jr.;Rob Dillingham;Enrique Freeman;Zyon Pullin;Joan Beringer;Julian Phillips;Rocco Zikarsky;Joe Ingles;Leonard Miller;Johnny Juzang
2026,Houston Rockets,Denver Nuggets,115,101,Kevin Durant;Jabari Smith Jr.;Alperen Şengün;Reed Sheppard;Tari Eason;Steven Adams;Josh Okogie;Dorian Finney-Smith;Aaron Holiday;Clint Capela;Tristen Newton;Jae'Sean Tate;JD Davison;Isaiah Crawford;Jeff Green,Nikola Jokić;Christian Braun;Cameron Johnson;Peyton Watson;Aaron Gordon;Tim Hardaway Jr.;Bruce Brown;Spencer Jones;Jalen Pickett;Julian Strawther;David Roddy;Jonas Valančiūnas;Zeke Nnaji;Curtis Jones;Tyus Jones;DaRon Holmes;Hunter Tyson;KJ Simpson
2026,Indiana Pacers,New Orleans Pelicans,109,128,Bennedict Mathurin;Andrew Nembhard;Aaron Nesmith;Jarace Walker;Kobe Brown;Jalen Slawson;Ivica Zubac;Ben Sheppard;Jay Huff;Ethan Thompson;Micah Potter;Johnny Furphy;Quenton Jackson;Obi Toppin;Jeremiah Robinson-Earl;T.J. McConnell;Isaiah Jackson;Kam Jones;James Wiseman;Cody Martin;Garrison Mathews;Taelon Peter;RayJ Dennis;Mac McClung;Tony Bradley;Monte Morris,Saddiq Bey;Zion Williamson;Herbert Jones;Dejounte Murray;Josh Oduro;Jeremiah Fears;Derik Queen;Jordan Poole;Jose Alvarado;Bryce McGowens;Yves Missi;DeAndre Jordan;Micah Peavy;Karlo Matković;Kevon Looney;Jordan Hawkins;Trey Alexander;Hunter Dickinson
2026,Dallas Mavericks,Philadelphia 76ers,114,121,Anthony Davis;P.J. Washington;Naji Marshall;Max Christie;Brandon Williams;Klay Thompson;Daniel Gafford;Marvin Bagley III;Khris Middleton;Ryan Nembhard;John Poulakidas;D'Angelo Russell;Tyus Jones;Dereck Lively II;Caleb Martin;Dwight Powell;Moussa Cisse;Tyler Smith;Jaden Hardy;Jeremiah Robinson-Earl;AJ Johnson;Miles Kelly,VJ Edgecombe;Joel Embiid;Kelly Oubre Jr.;Paul George;Quentin Grimes;Dominick Barlow;Andre Drummond;Adem Bona;Cameron Payne;Jared McCain;Trendon Watford;Justin Edwards;MarJon Beauchamp;Dalen Terry;Eric Gordon;Jabari Walker;Tyrese Martin;Kyle Lowry;Johni Broome;Charles Bassey;Hunter Sallis;Patrick Baldwin Jr.
2026,Boston Celtics,Toronto Raptors,112,96,Derrick White;Jayson Tatum;Payton Pritchard;Neemias Queta;Sam Hauser;Anfernee Simons;Nikola Vučević;Baylor Scheierman;Jordan Walsh;Luka Garza;Josh Minott;Hugo González;Dalano Banton;Ron Harper Jr.;Chris Boucher;Xavier Tillman Sr.;John Tonje;Amari Williams;Charles Bassey;Max Shulga,Scottie Barnes;Immanuel Quickley;RJ Barrett;Jakob Poeltl;Jamal Shead;Collin Murray-Boyles;Sandro Mamukelashvili;Ja'Kobe Walter;Ochai Agbaji;Gradey Dick;A.J. Lawson;Jamison Battle;Markelle Fultz;Chucky Hepburn;Alijah Martin;Jonathan Mogbo;Trayce Jackson-Davis;Garrett Temple;Mo Bamba
2026,Charlotte Hornets,Detroit Pistons,86,112,Miles Bridges;Brandon Miller;LaMelo Ball;Moussa Diabaté;Sion James;Collin Sexton;Ryan Kalkbrenner;Grant Williams;Coby White;KJ Simpson;Josh Green;PJ Hall;Tidjane Salaün;Tre Mann;Liam McNeeley;Drew Peterson;Mason Plumlee;Pat Connaughton;Antonio Reeves;Xavier Tillman Sr.,Jalen Duren;Tobias Harris;Duncan Robinson;Ausar Thompson;Isaiah Stewart;Kevin Huerter;Daniss Jenkins;Ron Holland;Caris LeVert;Javonte Green;Jaden Ivey;Paul Reed;Marcus Sasser;Wendell Moore Jr.;Tolu Smith;Chaz Lanier;Colby Jones;Bobi Klintman;Isaac Jones
2026,Washington Wizards,Memphis Grizzlies,130,122,CJ McCollum;Kyshawn George;Leaky Black;Bub Carrington;Alex Sarr;Bilal Coulibaly;Alondes Williams;Khris Middleton;Tre Johnson;Kadary Richmond;Will Riley;Trae Young;Jamir Watkins;Jaden Hardy;Justin Champagnie;Corey Kispert;Marvin Bagley III;Anthony Gill;Sharife Cooper;Cam Whitmore;Keshon Gilbert;Tristan Vukcevic;Skal Labissière;Malaki Branham;AJ Johnson,Lucas Williamson;Rayan Rupert;Jaren Jackson Jr.;Dariq Whitehead;Adama-Alpha Bal;Ja Morant;Santi Aldama;Jaylen Wells;Zach Edey;Cedric Coward;Tyler Burton;Walter Clayton;Lawson Lovering;Taylor Hendricks;Cam Spencer;Jock Landale;Ty Jerome;Kyle Anderson;Jahmai Mashack;Vince Williams Jr.;GG Jackson II;Kentavious Caldwell-Pope;Scotty Pippen Jr.;DeJon Jarreau;Javon Small;Olivier-Maxence Prosper;Christian Koloko;Charles Bassey;John Konchar;Brandon Clarke;Taj Gibson;PJ Hall
2026,Phoenix Suns,Golden State Warriors,116,119,Dillon Brooks;Grayson Allen;Collin Gillespie;Royce O'Neale;Jalen Green;Mark Williams;Jordan Goodwin;Oso Ighodaro;Ryan Dunn;Amir Coffey;Jamaree Bouyea;Haywood Highsmith;Rasheer Fleming;CJ Huntley;Isaiah Livers;Nick Richards;Khaman Maluach;Nigel Hayes-Davis;Koby Brea,Stephen Curry;Brandin Podziemski;Draymond Green;Moses Moody;Jonathan Kuminga;Kristaps Porziņģis;De'Anthony Melton;Al Horford;Gui Santos;Charles Bassey;Will Richard;Pat Spencer;Buddy Hield;Quinten Post;Nate Williams;LJ Cryer;Gary Payton II;Seth Curry;Omer Yurtseven;Trayce Jackson-Davis;Malevy Leons
2026,Orlando Magic,Utah Jazz,128,127,Desmond Bane;Franz Wagner;Anthony Black;Wendell Carter Jr.;Jalen Suggs;Tristan Da Silva;Jevon Carter;Tyus Jones;Goga Bitadze;Noah Penda;Jett Howard;Jamal Cain;Moritz Wagner;Jase Richardson;Jonathan Isaac;Orlando Robinson;Alex Morales;Colin Castleton,Andersson Garcia;Keyonte George;Bez Mbeng;Kennedy Chandler;Walker Kessler;Ace Bailey;Jusuf Nurkić;John Konchar;Isaiah Collier;Hayden Gray;Cody Williams;Jaren Jackson Jr.;Brice Sensabaugh;Kyle Filipowski;Svi Mykhailiuk;Elijah Harkless;Blake Hinson;Kyle Anderson;Mo Bamba;Walter Clayton;Kevin Love;Oscar Tshiebwe;Taylor Hendricks;Vince Williams Jr.
2026,Portland Trail Blazers,Sacramento Kings,98,93,Deni Avdija;Jerami Grant;Shaedon Sharpe;Jrue Holiday;Donovan Clingan;Scoot Henderson;Kris Murray;Caleb Love;Vít Krejčí;Sidy Cissoko;Robert Williams;Matisse Thybulle;Rayan Rupert;Blake Wesley;Duop Reath;Yang Hansen;Chris Youngblood;Javonte Cooke;Jayson Kent,Zach LaVine;DeMar DeRozan;Domantas Sabonis;Russell Westbrook;Maxime Raynaud;Daeqwon Plowden;Dennis Schröder;De'Andre Hunter;Nique Clifford;Precious Achiuwa;Malik Monk;Dylan Cardwell;DaQuan Jeffries;Devin Carter;Killian Hayes;Keon Ellis;Doug McDermott;Patrick Baldwin Jr.;Isaiah Stevens;Drew Eubanks;Dario Šarić;Isaac Jones
2026,Los Angeles Lakers,Los Angeles Clippers,88,103,Austin Reaves;LeBron James;Marcus Smart;Rui Hachimura;Deandre Ayton;Jake LaRavia;Luke Kennard;Gabe Vincent;Jaxson Hayes;Jarred Vanderbilt;Nick Smith Jr.;Maxi Kleber;Dalton Knecht;Bronny James;Drew Timme;Kobe Bufkin;Adou Thiero;Chris Mañon;Christian Koloko,Kawhi Leonard;Ivica Zubac;Darius Garland;Bennedict Mathurin;Kris Dunn;John Collins;Derrick Jones Jr.;Jordan Miller;Brook Lopez;Bradley Beal;Kobe Sanders;Bogdan Bogdanović;Nicolas Batum;Isaiah Jackson;Chris Paul;Yanic Konan Niederhäuser;Cam Christie;Kobe Brown;Patrick Baldwin Jr.;TyTy Washington Jr.;Dalano Banton;Sean Pedulla;Norchad Omier;RayJ Dennis;Jahmyl Telfort
2026,Chicago Bulls,Atlanta Hawks,152,150,Nikola Vučević;Matas Buzelis;Coby White;Jaden Ivey;Anfernee Simons;Tre Jones;Isaac Okoro;Ayo Dosunmu;Collin Sexton;Guerschon Yabusele;Kevin Huerter;Leonard Miller;Mouhamadou Gueye;Nick Richards;Rob Dillingham;Jalen Smith;Patrick Williams;Zach Collins;Mac McClung;Yuki Kawamura;Dalen Terry;Jevon Carter;Julian Phillips;Lachlan Olbrich;Emanuel Miller;Trentyn Flowers;Noa Essengue,Nickeil Alexander-Walker;Dyson Daniels;Onyeka Okongwu;CJ McCollum;Trae Young;Keshon Gilbert;Kristaps Porziņģis;Zaccharie Risacher;Vít Krejčí;Jonathan Kuminga;Luke Kennard;Jock Landale;Corey Kispert;Mouhamed Gueye;Gabe Vincent;Asa Newell;RayJ Dennis;Tony Bradley;Christian Koloko;Keaton Wallace;Buddy Hield;Caleb Houstan;N'Faly Dante;Jacob Toppin
2026,Toronto Raptors,Brooklyn Nets,81,96,Scottie Barnes;Immanuel Quickley;RJ Barrett;Jakob Poeltl;Jamal Shead;Collin Murray-Boyles;Sandro Mamukelashvili;Ja'Kobe Walter;Ochai Agbaji;Gradey Dick;A.J. Lawson;Jamison Battle;Markelle Fultz;Chucky Hepburn;Alijah Martin;Jonathan Mogbo;Trayce Jackson-Davis;Garrett Temple;Mo Bamba,Tre Scott;Nic Claxton;Noah Clowney;Egor Dёmin;Terance Mann;Cam Thomas;Malachi Smith;Ziaire Williams;Nolan Traoré;Drake Powell;Danny Wolf;Ben Saraf;Chaney Johnson;Josh Minott;Tyrese Martin;Day'Ron Sharpe;Ochai Agbaji;Jalen Wilson;Tyson Etienne;E.J. Liddell;Grant Nelson
2026,Miami Heat,New York Knicks,125,132,Tyler Herro;Andrew Wiggins;Norman Powell;Davion Mitchell;Jaime Jaquez Jr.;Pelle Larsson;Kel'el Ware;Kasparas Jakučionis;Nikola Jović;Simone Fontecchio;Dru Smith;Myron Gardner;Keshad Johnson;Jahmir Young;Vladislav Goldin;Trevor Keels,OG Anunoby;Mikal Bridges;Karl-Anthony Towns;Josh Hart;Miles McBride;Landry Shamet;Mitchell Robinson;Jordan Clarkson;Jose Alvarado;Tyler Kolek;Mohamed Diawara;Ariel Hukporti;Guerschon Yabusele;Kevin McCullar Jr.;Jeremy Sochan;Trey Jemison;Dillon Jones;Pacôme Dadiet;Tosan Evbuomwan
2026,Milwaukee Bucks,Minnesota Timberwolves,100,103,Ryan Rollins;A.J. Green;Giannis Antetokounmpo;Myles Turner;Ousmane Dieng;Kyle Kuzma;Cormac Ryan;Bobby Portis;Taurean Prince;Gary Trent Jr.;Jericho Sims;Cam Thomas;Pete Nance;Cole Anthony;Gary Harris;Amir Coffey;Andre Jackson Jr.;Thanasis Antetokounmpo;Mark Sears;Alex Antetokounmpo,Julius Randle;Jaden McDaniels;Rudy Gobert;Donte DiVincenzo;Ayo Dosunmu;Naz Reid;Kyle Anderson;Mike Conley;Bones Hyland;Jaylen Clark;Terrence Shannon Jr.;Rob Dillingham;Enrique Freeman;Zyon Pullin;Joan Beringer;Julian Phillips;Rocco Zikarsky;Joe Ingles;Leonard Miller;Johnny Juzang
2026,San Antonio Spurs,Washington Wizards,124,113,Devin Vassell;Stephon Castle;Victor Wembanyama;Julian Champagnie;Harrison Barnes;Keldon Johnson;Dylan Harper;Luke Kornet;Jeremy Sochan;Carter Bryant;Kelly Olynyk;Mason Plumlee;Lindy Waters III;Jordan McLaughlin;David Jones García;Bismack Biyombo;Harrison Ingram;Stanley Umude;Riley Minix,CJ McCollum;Kyshawn George;Leaky Black;Bub Carrington;Alex Sarr;Bilal Coulibaly;Alondes Williams;Khris Middleton;Tre Johnson;Kadary Richmond;Will Riley;Trae Young;Jamir Watkins;Jaden Hardy;Justin Champagnie;Corey Kispert;Marvin Bagley III;Anthony Gill;Sharife Cooper;Cam Whitmore;Keshon Gilbert;Tristan Vukcevic;Skal Labissière;Malaki Branham;AJ Johnson
2026,Houston Rockets,Sacramento Kings,124,125,Kevin Durant;Jabari Smith Jr.;Alperen Şengün;Reed Sheppard;Tari Eason;Steven Adams;Josh Okogie;Dorian Finney-Smith;Aaron Holiday;Clint Capela;Tristen Newton;Jae'Sean Tate;JD Davison;Isaiah Crawford;Jeff Green,Zach LaVine;DeMar DeRozan;Domantas Sabonis;Russell Westbrook;Maxime Raynaud;Daeqwon Plowden;Dennis Schröder;De'Andre Hunter;Nique Clifford;Precious Achiuwa;Malik Monk;Dylan Cardwell;DaQuan Jeffries;Devin Carter;Killian Hayes;Keon Ellis;Doug McDermott;Patrick Baldwin Jr.;Isaiah Stevens;Drew Eubanks;Dario Šarić;Isaac Jones
2026,Charlotte Hornets,Cleveland Cavaliers,132,139,Miles Bridges;Brandon Miller;LaMelo Ball;Moussa Diabaté;Sion James;Collin Sexton;Ryan Kalkbrenner;Grant Williams;Coby White;KJ Simpson;Josh Green;PJ Hall;Tidjane Salaün;Tre Mann;Liam McNeeley;Drew Peterson;Mason Plumlee;Pat Connaughton;Antonio Reeves;Xavier Tillman Sr.,Donovan Mitchell;Evan Mobley;Darius Garland;Jarrett Allen;Jaylon Tyson;Sam Merrill;De'Andre Hunter;Keon Ellis;Max Strus;Dean Wade;Dennis Schröder;Lonzo Ball;Craig Porter Jr.;Nae'Qwan Tomlin;Larry Nance Jr.;Thomas Bryant;Tyrese Proctor;Olivier Sarr;Tristan Enaruna;Luke Travers;Riley Minix;Chris Livingston;Darius Brown II
2026,Indiana Pacers,Boston Celtics,95,103,Bennedict Mathurin;Andrew Nembhard;Aaron Nesmith;Jarace Walker;Kobe Brown;Jalen Slawson;Ivica Zubac;Ben Sheppard;Jay Huff;Ethan Thompson;Micah Potter;Johnny Furphy;Quenton Jackson;Obi Toppin;Jeremiah Robinson-Earl;T.J. McConnell;Isaiah Jackson;Kam Jones;James Wiseman;Cody Martin;Garrison Mathews;Taelon Peter;RayJ Dennis;Mac McClung;Tony Bradley;Monte Morris,Derrick White;Jayson Tatum;Payton Pritchard;Neemias Queta;Sam Hauser;Anfernee Simons;Nikola Vučević;Baylor Scheierman;Jordan Walsh;Luka Garza;Josh Minott;Hugo González;Dalano Banton;Ron Harper Jr.;Chris Boucher;Xavier Tillman Sr.;John Tonje;Amari Williams;Charles Bassey;Max Shulga
2026,Dallas Mavericks,New Orleans Pelicans,113,119,Anthony Davis;P.J. Washington;Naji Marshall;Max Christie;Brandon Williams;Klay Thompson;Daniel Gafford;Marvin Bagley III;Khris Middleton;Ryan Nembhard;John Poulakidas;D'Angelo Russell;Tyus Jones;Dereck Lively II;Caleb Martin;Dwight Powell;Moussa Cisse;Tyler Smith;Jaden Hardy;Jeremiah Robinson-Earl;AJ Johnson;Miles Kelly,Saddiq Bey;Zion Williamson;Herbert Jones;Dejounte Murray;Josh Oduro;Jeremiah Fears;Derik Queen;Jordan Poole;Jose Alvarado;Bryce McGowens;Yves Missi;DeAndre Jordan;Micah Peavy;Karlo Matković;Kevon Looney;Jordan Hawkins;Trey Alexander;Hunter Dickinson
2026,Utah Jazz,Denver Nuggets,112,135,Andersson Garcia;Keyonte George;Bez Mbeng;Kennedy Chandler;Walker Kessler;Ace Bailey;Jusuf Nurkić;John Konchar;Isaiah Collier;Hayden Gray;Cody Williams;Jaren Jackson Jr.;Brice Sensabaugh;Kyle Filipowski;Svi Mykhailiuk;Elijah Harkless;Blake Hinson;Kyle Anderson;Mo Bamba;Walter Clayton;Kevin Love;Oscar Tshiebwe;Taylor Hendricks;Vince Williams Jr.,Nikola Jokić;Christian Braun;Cameron Johnson;Peyton Watson;Aaron Gordon;Tim Hardaway Jr.;Bruce Brown;Spencer Jones;Jalen Pickett;Julian Strawther;David Roddy;Jonas Valančiūnas;Zeke Nnaji;Curtis Jones;Tyus Jones;DaRon Holmes;Hunter Tyson;KJ Simpson
2026,Memphis Grizzlies,Oklahoma City Thunder,103,119,Lucas Williamson;Rayan Rupert;Jaren Jackson Jr.;Dariq Whitehead;Adama-Alpha Bal;Ja Morant;Santi Aldama;Jaylen Wells;Zach Edey;Cedric Coward;Tyler Burton;Walter Clayton;Lawson Lovering;Taylor Hendricks;Cam Spencer;Jock Landale;Ty Jerome;Kyle Anderson;Jahmai Mashack;Vince Williams Jr.;GG Jackson II;Kentavious Caldwell-Pope;Scotty Pippen Jr.;DeJon Jarreau;Javon Small;Olivier-Maxence Prosper;Christian Koloko;Charles Bassey;John Konchar;Brandon Clarke;Taj Gibson;PJ Hall,Chet Holmgren;Jalen Williams;Luguentz Dort;Cason Wallace;Ajay Mitchell;Isaiah Hartenstein;Aaron Wiggins;Isaiah Joe;Jaylin Williams;Alex Caruso;Jared McCain;Nikola Topić;Payton Sandfort;Kenrich Williams;Branden Carlson;Ousmane Dieng;Brooks Barnhizer;Chris Youngblood;Buddy Boeheim
2026,Orlando Magic,Golden State Warriors,97,120,Desmond Bane;Franz Wagner;Anthony Black;Wendell Carter Jr.;Jalen Suggs;Tristan Da Silva;Jevon Carter;Tyus Jones;Goga Bitadze;Noah Penda;Jett Howard;Jamal Cain;Moritz Wagner;Jase Richardson;Jonathan Isaac;Orlando Robinson;Alex Morales;Colin Castleton,Stephen Curry;Brandin Podziemski;Draymond Green;Moses Moody;Jonathan Kuminga;Kristaps Porziņģis;De'Anthony Melton;Al Horford;Gui Santos;Charles Bassey;Will Richard;Pat Spencer;Buddy Hield;Quinten Post;Nate Williams;LJ Cryer;Gary Payton II;Seth Curry;Omer Yurtseven;Trayce Jackson-Davis;Malevy Leons
2026,Detroit Pistons,Portland Trail Blazers,110,102,Jalen Duren;Tobias Harris;Duncan Robinson;Ausar Thompson;Isaiah Stewart;Kevin Huerter;Daniss Jenkins;Ron Holland;Caris LeVert;Javonte Green;Jaden Ivey;Paul Reed;Marcus Sasser;Wendell Moore Jr.;Tolu Smith;Chaz Lanier;Colby Jones;Bobi Klintman;Isaac Jones,Deni Avdija;Jerami Grant;Shaedon Sharpe;Jrue Holiday;Donovan Clingan;Scoot Henderson;Kris Murray;Caleb Love;Vít Krejčí;Sidy Cissoko;Robert Williams;Matisse Thybulle;Rayan Rupert;Blake Wesley;Duop Reath;Yang Hansen;Chris Youngblood;Javonte Cooke;Jayson Kent
2026,Washington Wizards,Charlotte Hornets,109,126,CJ McCollum;Kyshawn George;Leaky Black;Bub Carrington;Alex Sarr;Bilal Coulibaly;Alondes Williams;Khris Middleton;Tre Johnson;Kadary Richmond;Will Riley;Trae Young;Jamir Watkins;Jaden Hardy;Justin Champagnie;Corey Kispert;Marvin Bagley III;Anthony Gill;Sharife Cooper;Cam Whitmore;Keshon Gilbert;Tristan Vukcevic;Skal Labissière;Malaki Branham;AJ Johnson,Miles Bridges;Brandon Miller;LaMelo Ball;Moussa Diabaté;Sion James;Collin Sexton;Ryan Kalkbrenner;Grant Williams;Coby White;KJ Simpson;Josh Green;PJ Hall;Tidjane Salaün;Tre Mann;Liam McNeeley;Drew Peterson;Mason Plumlee;Pat Connaughton;Antonio Reeves;Xavier Tillman Sr.
2026,Brooklyn Nets,Philadelphia 76ers,114,106,Tre Scott;Nic Claxton;Noah Clowney;Egor Dёmin;Terance Mann;Cam Thomas;Malachi Smith;Ziaire Williams;Nolan Traoré;Drake Powell;Danny Wolf;Ben Saraf;Chaney Johnson;Josh Minott;Tyrese Martin;Day'Ron Sharpe;Ochai Agbaji;Jalen Wilson;Tyson Etienne;E.J. Liddell;Grant Nelson,VJ Edgecombe;Joel Embiid;Kelly Oubre Jr.;Paul George;Quentin Grimes;Dominick Barlow;Andre Drummond;Adem Bona;Cameron Payne;Jared McCain;Trendon Watford;Justin Edwards;MarJon Beauchamp;Dalen Terry;Eric Gordon;Jabari Walker;Tyrese Martin;Kyle Lowry;Johni Broome;Charles Bassey;Hunter Sallis;Patrick Baldwin Jr.
2026,Chicago Bulls,Atlanta Hawks,126,123,Nikola Vučević;Matas Buzelis;Coby White;Jaden Ivey;Anfernee Simons;Tre Jones;Isaac Okoro;Ayo Dosunmu;Collin Sexton;Guerschon Yabusele;Kevin Huerter;Leonard Miller;Mouhamadou Gueye;Nick Richards;Rob Dillingham;Jalen Smith;Patrick Williams;Zach Collins;Mac McClung;Yuki Kawamura;Dalen Terry;Jevon Carter;Julian Phillips;Lachlan Olbrich;Emanuel Miller;Trentyn Flowers;Noa Essengue,Nickeil Alexander-Walker;Dyson Daniels;Onyeka Okongwu;CJ McCollum;Trae Young;Keshon Gilbert;Kristaps Porziņģis;Zaccharie Risacher;Vít Krejčí;Jonathan Kuminga;Luke Kennard;Jock Landale;Corey Kispert;Mouhamed Gueye;Gabe Vincent;Asa Newell;RayJ Dennis;Tony Bradley;Christian Koloko;Keaton Wallace;Buddy Hield;Caleb Houstan;N'Faly Dante;Jacob Toppin
2026,New Orleans Pelicans,Cleveland Cavaliers,118,141,Saddiq Bey;Zion Williamson;Herbert Jones;Dejounte Murray;Josh Oduro;Jeremiah Fears;Derik Queen;Jordan Poole;Jose Alvarado;Bryce McGowens;Yves Missi;DeAndre Jordan;Micah Peavy;Karlo Matković;Kevon Looney;Jordan Hawkins;Trey Alexander;Hunter Dickinson,Donovan Mitchell;Evan Mobley;Darius Garland;Jarrett Allen;Jaylon Tyson;Sam Merrill;De'Andre Hunter;Keon Ellis;Max Strus;Dean Wade;Dennis Schröder;Lonzo Ball;Craig Porter Jr.;Nae'Qwan Tomlin;Larry Nance Jr.;Thomas Bryant;Tyrese Proctor;Olivier Sarr;Tristan Enaruna;Luke Travers;Riley Minix;Chris Livingston;Darius Brown II
2026,Milwaukee Bucks,Indiana Pacers,111,94,Ryan Rollins;A.J. Green;Giannis Antetokounmpo;Myles Turner;Ousmane Dieng;Kyle Kuzma;Cormac Ryan;Bobby Portis;Taurean Prince;Gary Trent Jr.;Jericho Sims;Cam Thomas;Pete Nance;Cole Anthony;Gary Harris;Amir Coffey;Andre Jackson Jr.;Thanasis Antetokounmpo;Mark Sears;Alex Antetokounmpo,Bennedict Mathurin;Andrew Nembhard;Aaron Nesmith;Jarace Walker;Kobe Brown;Jalen Slawson;Ivica Zubac;Ben Sheppard;Jay Huff;Ethan Thompson;Micah Potter;Johnny Furphy;Quenton Jackson;Obi Toppin;Jeremiah Robinson-Earl;T.J. McConnell;Isaiah Jackson;Kam Jones;James Wiseman;Cody Martin;Garrison Mathews;Taelon Peter;RayJ Dennis;Mac McClung;Tony Bradley;Monte Morris
2026,Toronto Raptors,Miami Heat,112,91,Scottie Barnes;Immanuel Quickley;RJ Barrett;Jakob Poeltl;Jamal Shead;Collin Murray-Boyles;Sandro Mamukelashvili;Ja'Kobe Walter;Ochai Agbaji;Gradey Dick;A.J. Lawson;Jamison Battle;Markelle Fultz;Chucky Hepburn;Alijah Martin;Jonathan Mogbo;Trayce Jackson-Davis;Garrett Temple;Mo Bamba,Tyler Herro;Andrew Wiggins;Norman Powell;Davion Mitchell;Jaime Jaquez Jr.;Pelle Larsson;Kel'el Ware;Kasparas Jakučionis;Nikola Jović;Simone Fontecchio;Dru Smith;Myron Gardner;Keshad Johnson;Jahmir Young;Vladislav Goldin;Trevor Keels
2026,Denver Nuggets,Dallas Mavericks,130,131,Nikola Jokić;Christian Braun;Cameron Johnson;Peyton Watson;Aaron Gordon;Tim Hardaway Jr.;Bruce Brown;Spencer Jones;Jalen Pickett;Julian Strawther;David Roddy;Jonas Valančiūnas;Zeke Nnaji;Curtis Jones;Tyus Jones;DaRon Holmes;Hunter Tyson;KJ Simpson,Anthony Davis;P.J. Washington;Naji Marshall;Max Christie;Brandon Williams;Klay Thompson;Daniel Gafford;Marvin Bagley III;Khris Middleton;Ryan Nembhard;John Poulakidas;D'Angelo Russell;Tyus Jones;Dereck Lively II;Caleb Martin;Dwight Powell;Moussa Cisse;Tyler Smith;Jaden Hardy;Jeremiah Robinson-Earl;AJ Johnson;Miles Kelly
2026,New York Knicks,Minnesota Timberwolves,104,115,OG Anunoby;Mikal Bridges;Karl-Anthony Towns;Josh Hart;Miles McBride;Landry Shamet;Mitchell Robinson;Jordan Clarkson;Jose Alvarado;Tyler Kolek;Mohamed Diawara;Ariel Hukporti;Guerschon Yabusele;Kevin McCullar Jr.;Jeremy Sochan;Trey Jemison;Dillon Jones;Pacôme Dadiet;Tosan Evbuomwan,Julius Randle;Jaden McDaniels;Rudy Gobert;Donte DiVincenzo;Ayo Dosunmu;Naz Reid;Kyle Anderson;Mike Conley;Bones Hyland;Jaylen Clark;Terrence Shannon Jr.;Rob Dillingham;Enrique Freeman;Zyon Pullin;Joan Beringer;Julian Phillips;Rocco Zikarsky;Joe Ingles;Leonard Miller;Johnny Juzang
2026,Oklahoma City Thunder,San Antonio Spurs,110,130,Chet Holmgren;Jalen Williams;Luguentz Dort;Cason Wallace;Ajay Mitchell;Isaiah Hartenstein;Aaron Wiggins;Isaiah Joe;Jaylin Williams;Alex Caruso;Jared McCain;Nikola Topić;Payton Sandfort;Kenrich Williams;Branden Carlson;Ousmane Dieng;Brooks Barnhizer;Chris Youngblood;Buddy Boeheim,Devin Vassell;Stephon Castle;Victor Wembanyama;Julian Champagnie;Harrison Barnes;Keldon Johnson;Dylan Harper;Luke Kornet;Jeremy Sochan;Carter Bryant;Kelly Olynyk;Mason Plumlee;Lindy Waters III;Jordan McLaughlin;David Jones García;Bismack Biyombo;Harrison Ingram;Stanley Umude;Riley Minix
2026,Los Angeles Lakers,Phoenix Suns,108,132,Austin Reaves;LeBron James;Marcus Smart;Rui Hachimura;Deandre Ayton;Jake LaRavia;Luke Kennard;Gabe Vincent;Jaxson Hayes;Jarred Vanderbilt;Nick Smith Jr.;Maxi Kleber;Dalton Knecht;Bronny James;Drew Timme;Kobe Bufkin;Adou Thiero;Chris Mañon;Christian Koloko,Dillon Brooks;Grayson Allen;Collin Gillespie;Royce O'Neale;Jalen Green;Mark Williams;Jordan Goodwin;Oso Ighodaro;Ryan Dunn;Amir Coffey;Jamaree Bouyea;Haywood Highsmith;Rasheer Fleming;CJ Huntley;Isaiah Livers;Nick Richards;Khaman Maluach;Nigel Hayes-Davis;Koby Brea
2026,Memphis Grizzlies,Utah Jazz,137,128,Lucas Williamson;Rayan Rupert;Jaren Jackson Jr.;Dariq Whitehead;Adama-Alpha Bal;Ja Morant;Santi Aldama;Jaylen Wells;Zach Edey;Cedric Coward;Tyler Burton;Walter Clayton;Lawson Lovering;Taylor Hendricks;Cam Spencer;Jock Landale;Ty Jerome;Kyle Anderson;Jahmai Mashack;Vince Williams Jr.;GG Jackson II;Kentavious Caldwell-Pope;Scotty Pippen Jr.;DeJon Jarreau;Javon Small;Olivier-Maxence Prosper;Christian Koloko;Charles Bassey;John Konchar;Brandon Clarke;Taj Gibson;PJ Hall,Andersson Garcia;Keyonte George;Bez Mbeng;Kennedy Chandler;Walker Kessler;Ace Bailey;Jusuf Nurkić;John Konchar;Isaiah Collier;Hayden Gray;Cody Williams;Jaren Jackson Jr.;Brice Sensabaugh;Kyle Filipowski;Svi Mykhailiuk;Elijah Harkless;Blake Hinson;Kyle Anderson;Mo Bamba;Walter Clayton;Kevin Love;Oscar Tshiebwe;Taylor Hendricks;Vince Williams Jr.
2026,Orlando Magic,Portland Trail Blazers,110,106,Desmond Bane;Franz Wagner;Anthony Black;Wendell Carter Jr.;Jalen Suggs;Tristan Da Silva;Jevon Carter;Tyus Jones;Goga Bitadze;Noah Penda;Jett Howard;Jamal Cain;Moritz Wagner;Jase Richardson;Jonathan Isaac;Orlando Robinson;Alex Morales;Colin Castleton,Deni Avdija;Jerami Grant;Shaedon Sharpe;Jrue Holiday;Donovan Clingan;Scoot Henderson;Kris Murray;Caleb Love;Vít Krejčí;Sidy Cissoko;Robert Williams;Matisse Thybulle;Rayan Rupert;Blake Wesley;Duop Reath;Yang Hansen;Chris Youngblood;Javonte Cooke;Jayson Kent
2026,Detroit Pistons,Sacramento Kings,136,127,Jalen Duren;Tobias Harris;Duncan Robinson;Ausar Thompson;Isaiah Stewart;Kevin Huerter;Daniss Jenkins;Ron Holland;Caris LeVert;Javonte Green;Jaden Ivey;Paul Reed;Marcus Sasser;Wendell Moore Jr.;Tolu Smith;Chaz Lanier;Colby Jones;Bobi Klintman;Isaac Jones,Zach LaVine;DeMar DeRozan;Domantas Sabonis;Russell Westbrook;Maxime Raynaud;Daeqwon Plowden;Dennis Schröder;De'Andre Hunter;Nique Clifford;Precious Achiuwa;Malik Monk;Dylan Cardwell;DaQuan Jeffries;Devin Carter;Killian Hayes;Keon Ellis;Doug McDermott;Patrick Baldwin Jr.;Isaiah Stevens;Drew Eubanks;Dario Šarić;Isaac Jones
2026,Houston Rockets,Los Angeles Clippers,108,128,Kevin Durant;Jabari Smith Jr.;Alperen Şengün;Reed Sheppard;Tari Eason;Steven Adams;Josh Okogie;Dorian Finney-Smith;Aaron Holiday;Clint Capela;Tristen Newton;Jae'Sean Tate;JD Davison;Isaiah Crawford;Jeff Green,Kawhi Leonard;Ivica Zubac;Darius Garland;Bennedict Mathurin;Kris Dunn;John Collins;Derrick Jones Jr.;Jordan Miller;Brook Lopez;Bradley Beal;Kobe Sanders;Bogdan Bogdanović;Nicolas Batum;Isaiah Jackson;Chris Paul;Yanic Konan Niederhäuser;Cam Christie;Kobe Brown;Patrick Baldwin Jr.;TyTy Washington Jr.;Dalano Banton;Sean Pedulla;Norchad Omier;RayJ Dennis;Jahmyl Telfort
2026,Cleveland Cavaliers,New York Knicks,124,126,Donovan Mitchell;Evan Mobley;Darius Garland;Jarrett Allen;Jaylon Tyson;Sam Merrill;De'Andre Hunter;Keon Ellis;Max Strus;Dean Wade;Dennis Schröder;Lonzo Ball;Craig Porter Jr.;Nae'Qwan Tomlin;Larry Nance Jr.;Thomas Bryant;Tyrese Proctor;Olivier Sarr;Tristan Enaruna;Luke Travers;Riley Minix;Chris Livingston;Darius Brown II,OG Anunoby;Mikal Bridges;Karl-Anthony Towns;Josh Hart;Miles McBride;Landry Shamet;Mitchell Robinson;Jordan Clarkson;Jose Alvarado;Tyler Kolek;Mohamed Diawara;Ariel Hukporti;Guerschon Yabusele;Kevin McCullar Jr.;Jeremy Sochan;Trey Jemison;Dillon Jones;Pacôme Dadiet;Tosan Evbuomwan
2026,San Antonio Spurs,Oklahoma City Thunder,117,102,Devin Vassell;Stephon Castle;Victor Wembanyama;Julian Champagnie;Harrison Barnes;Keldon Johnson;Dylan Harper;Luke Kornet;Jeremy Sochan;Carter Bryant;Kelly Olynyk;Mason Plumlee;Lindy Waters III;Jordan McLaughlin;David Jones García;Bismack Biyombo;Harrison Ingram;Stanley Umude;Riley Minix,Chet Holmgren;Jalen Williams;Luguentz Dort;Cason Wallace;Ajay Mitchell;Isaiah Hartenstein;Aaron Wiggins;Isaiah Joe;Jaylin Williams;Alex Caruso;Jared McCain;Nikola Topić;Payton Sandfort;Kenrich Williams;Branden Carlson;Ousmane Dieng;Brooks Barnhizer;Chris Youngblood;Buddy Boeheim
2026,Dallas Mavericks,Golden State Warriors,116,126,Anthony Davis;P.J. Washington;Naji Marshall;Max Christie;Brandon Williams;Klay Thompson;Daniel Gafford;Marvin Bagley III;Khris Middleton;Ryan Nembhard;John Poulakidas;D'Angelo Russell;Tyus Jones;Dereck Lively II;Caleb Martin;Dwight Powell;Moussa Cisse;Tyler Smith;Jaden Hardy;Jeremiah Robinson-Earl;AJ Johnson;Miles Kelly,Stephen Curry;Brandin Podziemski;Draymond Green;Moses Moody;Jonathan Kuminga;Kristaps Porziņģis;De'Anthony Melton;Al Horford;Gui Santos;Charles Bassey;Will Richard;Pat Spencer;Buddy Hield;Quinten Post;Nate Williams;LJ Cryer;Gary Payton II;Seth Curry;Omer Yurtseven;Trayce Jackson-Davis;Malevy Leons
2026,Houston Rockets,Los Angeles Lakers,119,96,Kevin Durant;Jabari Smith Jr.;Alperen Şengün;Reed Sheppard;Tari Eason;Steven Adams;Josh Okogie;Dorian Finney-Smith;Aaron Holiday;Clint Capela;Tristen Newton;Jae'Sean Tate;JD Davison;Isaiah Crawford;Jeff Green,Austin Reaves;LeBron James;Marcus Smart;Rui Hachimura;Deandre Ayton;Jake LaRavia;Luke Kennard;Gabe Vincent;Jaxson Hayes;Jarred Vanderbilt;Nick Smith Jr.;Maxi Kleber;Dalton Knecht;Bronny James;Drew Timme;Kobe Bufkin;Adou Thiero;Chris Mañon;Christian Koloko
2026,Minnesota Timberwolves,Denver Nuggets,138,142,Julius Randle;Jaden McDaniels;Rudy Gobert;Donte DiVincenzo;Ayo Dosunmu;Naz Reid;Kyle Anderson;Mike Conley;Bones Hyland;Jaylen Clark;Terrence Shannon Jr.;Rob Dillingham;Enrique Freeman;Zyon Pullin;Joan Beringer;Julian Phillips;Rocco Zikarsky;Joe Ingles;Leonard Miller;Johnny Juzang,Nikola Jokić;Christian Braun;Cameron Johnson;Peyton Watson;Aaron Gordon;Tim Hardaway Jr.;Bruce Brown;Spencer Jones;Jalen Pickett;Julian Strawther;David Roddy;Jonas Valančiūnas;Zeke Nnaji;Curtis Jones;Tyus Jones;DaRon Holmes;Hunter Tyson;KJ Simpson
2026,Miami Heat,Atlanta Hawks,126,111,Tyler Herro;Andrew Wiggins;Norman Powell;Davion Mitchell;Jaime Jaquez Jr.;Pelle Larsson;Kel'el Ware;Kasparas Jakučionis;Nikola Jović;Simone Fontecchio;Dru Smith;Myron Gardner;Keshad Johnson;Jahmir Young;Vladislav Goldin;Trevor Keels,Nickeil Alexander-Walker;Dyson Daniels;Onyeka Okongwu;CJ McCollum;Trae Young;Keshon Gilbert;Kristaps Porziņģis;Zaccharie Risacher;Vít Krejčí;Jonathan Kuminga;Luke Kennard;Jock Landale;Corey Kispert;Mouhamed Gueye;Gabe Vincent;Asa Newell;RayJ Dennis;Tony Bradley;Christian Koloko;Keaton Wallace;Buddy Hield;Caleb Houstan;N'Faly Dante;Jacob Toppin
2026,Boston Celtics,Indiana Pacers,140,122,Derrick White;Jayson Tatum;Payton Pritchard;Neemias Queta;Sam Hauser;Anfernee Simons;Nikola Vučević;Baylor Scheierman;Jordan Walsh;Luka Garza;Josh Minott;Hugo González;Dalano Banton;Ron Harper Jr.;Chris Boucher;Xavier Tillman Sr.;John Tonje;Amari Williams;Charles Bassey;Max Shulga,Bennedict Mathurin;Andrew Nembhard;Aaron Nesmith;Jarace Walker;Kobe Brown;Jalen Slawson;Ivica Zubac;Ben Sheppard;Jay Huff;Ethan Thompson;Micah Potter;Johnny Furphy;Quenton Jackson;Obi Toppin;Jeremiah Robinson-Earl;T.J. McConnell;Isaiah Jackson;Kam Jones;James Wiseman;Cody Martin;Garrison Mathews;Taelon Peter;RayJ Dennis;Mac McClung;Tony Bradley;Monte Morris
2026,Charlotte Hornets,Orlando Magic,120,105,Miles Bridges;Brandon Miller;LaMelo Ball;Moussa Diabaté;Sion James;Collin Sexton;Ryan Kalkbrenner;Grant Williams;Coby White;KJ Simpson;Josh Green;PJ Hall;Tidjane Salaün;Tre Mann;Liam McNeeley;Drew Peterson;Mason Plumlee;Pat Connaughton;Antonio Reeves;Xavier Tillman Sr.,Desmond Bane;Franz Wagner;Anthony Black;Wendell Carter Jr.;Jalen Suggs;Tristan Da Silva;Jevon Carter;Tyus Jones;Goga Bitadze;Noah Penda;Jett Howard;Jamal Cain;Moritz Wagner;Jase Richardson;Jonathan Isaac;Orlando Robinson;Alex Morales;Colin Castleton
2026,Toronto Raptors,Washington Wizards,117,138,Scottie Barnes;Immanuel Quickley;RJ Barrett;Jakob Poeltl;Jamal Shead;Collin Murray-Boyles;Sandro Mamukelashvili;Ja'Kobe Walter;Ochai Agbaji;Gradey Dick;A.J. Lawson;Jamison Battle;Markelle Fultz;Chucky Hepburn;Alijah Martin;Jonathan Mogbo;Trayce Jackson-Davis;Garrett Temple;Mo Bamba,CJ McCollum;Kyshawn George;Leaky Black;Bub Carrington;Alex Sarr;Bilal Coulibaly;Alondes Williams;Khris Middleton;Tre Johnson;Kadary Richmond;Will Riley;Trae Young;Jamir Watkins;Jaden Hardy;Justin Champagnie;Corey Kispert;Marvin Bagley III;Anthony Gill;Sharife Cooper;Cam Whitmore;Keshon Gilbert;Tristan Vukcevic;Skal Labissière;Malaki Branham;AJ Johnson
2026,Philadelphia 76ers,Chicago Bulls,102,109,VJ Edgecombe;Joel Embiid;Kelly Oubre Jr.;Paul George;Quentin Grimes;Dominick Barlow;Andre Drummond;Adem Bona;Cameron Payne;Jared McCain;Trendon Watford;Justin Edwards;MarJon Beauchamp;Dalen Terry;Eric Gordon;Jabari Walker;Tyrese Martin;Kyle Lowry;Johni Broome;Charles Bassey;Hunter Sallis;Patrick Baldwin Jr.,Nikola Vučević;Matas Buzelis;Coby White;Jaden Ivey;Anfernee Simons;Tre Jones;Isaac Okoro;Ayo Dosunmu;Collin Sexton;Guerschon Yabusele;Kevin Huerter;Leonard Miller;Mouhamadou Gueye;Nick Richards;Rob Dillingham;Jalen Smith;Patrick Williams;Zach Collins;Mac McClung;Yuki Kawamura;Dalen Terry;Jevon Carter;Julian Phillips;Lachlan Olbrich;Emanuel Miller;Trentyn Flowers;Noa Essengue
2026,Milwaukee Bucks,Memphis Grizzlies,104,125,Ryan Rollins;A.J. Green;Giannis Antetokounmpo;Myles Turner;Ousmane Dieng;Kyle Kuzma;Cormac Ryan;Bobby Portis;Taurean Prince;Gary Trent Jr.;Jericho Sims;Cam Thomas;Pete Nance;Cole Anthony;Gary Harris;Amir Coffey;Andre Jackson Jr.;Thanasis Antetokounmpo;Mark Sears;Alex Antetokounmpo,Lucas Williamson;Rayan Rupert;Jaren Jackson Jr.;Dariq Whitehead;Adama-Alpha Bal;Ja Morant;Santi Aldama;Jaylen Wells;Zach Edey;Cedric Coward;Tyler Burton;Walter Clayton;Lawson Lovering;Taylor Hendricks;Cam Spencer;Jock Landale;Ty Jerome;Kyle Anderson;Jahmai Mashack;Vince Williams Jr.;GG Jackson II;Kentavious Caldwell-Pope;Scotty Pippen Jr.;DeJon Jarreau;Javon Small;Olivier-Maxence Prosper;Christian Koloko;Charles Bassey;John Konchar;Brandon Clarke;Taj Gibson;PJ Hall
2026,Phoenix Suns,New Orleans Pelicans,115,108,Dillon Brooks;Grayson Allen;Collin Gillespie;Royce O'Neale;Jalen Green;Mark Williams;Jordan Goodwin;Oso Ighodaro;Ryan Dunn;Amir Coffey;Jamaree Bouyea;Haywood Highsmith;Rasheer Fleming;CJ Huntley;Isaiah Livers;Nick Richards;Khaman Maluach;Nigel Hayes-Davis;Koby Brea,Saddiq Bey;Zion Williamson;Herbert Jones;Dejounte Murray;Josh Oduro;Jeremiah Fears;Derik Queen;Jordan Poole;Jose Alvarado;Bryce McGowens;Yves Missi;DeAndre Jordan;Micah Peavy;Karlo Matković;Kevon Looney;Jordan Hawkins;Trey Alexander;Hunter Dickinson
2026,Detroit Pistons,Utah Jazz,129,131,Jalen Duren;Tobias Harris;Duncan Robinson;Ausar Thompson;Isaiah Stewart;Kevin Huerter;Daniss Jenkins;Ron Holland;Caris LeVert;Javonte Green;Jaden Ivey;Paul Reed;Marcus Sasser;Wendell Moore Jr.;Tolu Smith;Chaz Lanier;Colby Jones;Bobi Klintman;Isaac Jones,Andersson Garcia;Keyonte George;Bez Mbeng;Kennedy Chandler;Walker Kessler;Ace Bailey;Jusuf Nurkić;John Konchar;Isaiah Collier;Hayden Gray;Cody Williams;Jaren Jackson Jr.;Brice Sensabaugh;Kyle Filipowski;Svi Mykhailiuk;Elijah Harkless;Blake Hinson;Kyle Anderson;Mo Bamba;Walter Clayton;Kevin Love;Oscar Tshiebwe;Taylor Hendricks;Vince Williams Jr.
2026,Los Angeles Clippers,Portland Trail Blazers,119,103,Kawhi Leonard;Ivica Zubac;Darius Garland;Bennedict Mathurin;Kris Dunn;John Collins;Derrick Jones Jr.;Jordan Miller;Brook Lopez;Bradley Beal;Kobe Sanders;Bogdan Bogdanović;Nicolas Batum;Isaiah Jackson;Chris Paul;Yanic Konan Niederhäuser;Cam Christie;Kobe Brown;Patrick Baldwin Jr.;TyTy Washington Jr.;Dalano Banton;Sean Pedulla;Norchad Omier;RayJ Dennis;Jahmyl Telfort,Deni Avdija;Jerami Grant;Shaedon Sharpe;Jrue Holiday;Donovan Clingan;Scoot Henderson;Kris Murray;Caleb Love;Vít Krejčí;Sidy Cissoko;Robert Williams;Matisse Thybulle;Rayan Rupert;Blake Wesley;Duop Reath;Yang Hansen;Chris Youngblood;Javonte Cooke;Jayson Kent
2026,Dallas Mavericks,Sacramento Kings,107,113,Anthony Davis;P.J. Washington;Naji Marshall;Max Christie;Brandon Williams;Klay Thompson;Daniel Gafford;Marvin Bagley III;Khris Middleton;Ryan Nembhard;John Poulakidas;D'Angelo Russell;Tyus Jones;Dereck Lively II;Caleb Martin;Dwight Powell;Moussa Cisse;Tyler Smith;Jaden Hardy;Jeremiah Robinson-Earl;AJ Johnson;Miles Kelly,Zach LaVine;DeMar DeRozan;Domantas Sabonis;Russell Westbrook;Maxime Raynaud;Daeqwon Plowden;Dennis Schröder;De'Andre Hunter;Nique Clifford;Precious Achiuwa;Malik Monk;Dylan Cardwell;DaQuan Jeffries;Devin Carter;Killian Hayes;Keon Ellis;Doug McDermott;Patrick Baldwin Jr.;Isaiah Stevens;Drew Eubanks;Dario Šarić;Isaac Jones
2026,Phoenix Suns,New Orleans Pelicans,123,114,Dillon Brooks;Grayson Allen;Collin Gillespie;Royce O'Neale;Jalen Green;Mark Williams;Jordan Goodwin;Oso Ighodaro;Ryan Dunn;Amir Coffey;Jamaree Bouyea;Haywood Highsmith;Rasheer Fleming;CJ Huntley;Isaiah Livers;Nick Richards;Khaman Maluach;Nigel Hayes-Davis;Koby Brea,Saddiq Bey;Zion Williamson;Herbert Jones;Dejounte Murray;Josh Oduro;Jeremiah Fears;Derik Queen;Jordan Poole;Jose Alvarado;Bryce McGowens;Yves Missi;DeAndre Jordan;Micah Peavy;Karlo Matković;Kevon Looney;Jordan Hawkins;Trey Alexander;Hunter Dickinson
2026,Denver Nuggets,Orlando Magic,126,127,Nikola Jokić;Christian Braun;Cameron Johnson;Peyton Watson;Aaron Gordon;Tim Hardaway Jr.;Bruce Brown;Spencer Jones;Jalen Pickett;Julian Strawther;David Roddy;Jonas Valančiūnas;Zeke Nnaji;Curtis Jones;Tyus Jones;DaRon Holmes;Hunter Tyson;KJ Simpson,Desmond Bane;Franz Wagner;Anthony Black;Wendell Carter Jr.;Jalen Suggs;Tristan Da Silva;Jevon Carter;Tyus Jones;Goga Bitadze;Noah Penda;Jett Howard;Jamal Cain;Moritz Wagner;Jase Richardson;Jonathan Isaac;Orlando Robinson;Alex Morales;Colin Castleton
2026,New York Knicks,Atlanta Hawks,128,125,OG Anunoby;Mikal Bridges;Karl-Anthony Towns;Josh Hart;Miles McBride;Landry Shamet;Mitchell Robinson;Jordan Clarkson;Jose Alvarado;Tyler Kolek;Mohamed Diawara;Ariel Hukporti;Guerschon Yabusele;Kevin McCullar Jr.;Jeremy Sochan;Trey Jemison;Dillon Jones;Pacôme Dadiet;Tosan Evbuomwan,Nickeil Alexander-Walker;Dyson Daniels;Onyeka Okongwu;CJ McCollum;Trae Young;Keshon Gilbert;Kristaps Porziņģis;Zaccharie Risacher;Vít Krejčí;Jonathan Kuminga;Luke Kennard;Jock Landale;Corey Kispert;Mouhamed Gueye;Gabe Vincent;Asa Newell;RayJ Dennis;Tony Bradley;Christian Koloko;Keaton Wallace;Buddy Hield;Caleb Houstan;N'Faly Dante;Jacob Toppin
2026,Milwaukee Bucks,Chicago Bulls,112,103,Ryan Rollins;A.J. Green;Giannis Antetokounmpo;Myles Turner;Ousmane Dieng;Kyle Kuzma;Cormac Ryan;Bobby Portis;Taurean Prince;Gary Trent Jr.;Jericho Sims;Cam Thomas;Pete Nance;Cole Anthony;Gary Harris;Amir Coffey;Andre Jackson Jr.;Thanasis Antetokounmpo;Mark Sears;Alex Antetokounmpo,Nikola Vučević;Matas Buzelis;Coby White;Jaden Ivey;Anfernee Simons;Tre Jones;Isaac Okoro;Ayo Dosunmu;Collin Sexton;Guerschon Yabusele;Kevin Huerter;Leonard Miller;Mouhamadou Gueye;Nick Richards;Rob Dillingham;Jalen Smith;Patrick Williams;Zach Collins;Mac McClung;Yuki Kawamura;Dalen Terry;Jevon Carter;Julian Phillips;Lachlan Olbrich;Emanuel Miller;Trentyn Flowers;Noa Essengue
2026,Cleveland Cavaliers,Houston Rockets,100,117,Donovan Mitchell;Evan Mobley;Darius Garland;Jarrett Allen;Jaylon Tyson;Sam Merrill;De'Andre Hunter;Keon Ellis;Max Strus;Dean Wade;Dennis Schröder;Lonzo Ball;Craig Porter Jr.;Nae'Qwan Tomlin;Larry Nance Jr.;Thomas Bryant;Tyrese Proctor;Olivier Sarr;Tristan Enaruna;Luke Travers;Riley Minix;Chris Livingston;Darius Brown II,Kevin Durant;Jabari Smith Jr.;Alperen Şengün;Reed Sheppard;Tari Eason;Steven Adams;Josh Okogie;Dorian Finney-Smith;Aaron Holiday;Clint Capela;Tristen Newton;Jae'Sean Tate;JD Davison;Isaiah Crawford;Jeff Green
2026,Indiana Pacers,Miami Heat,116,142,Bennedict Mathurin;Andrew Nembhard;Aaron Nesmith;Jarace Walker;Kobe Brown;Jalen Slawson;Ivica Zubac;Ben Sheppard;Jay Huff;Ethan Thompson;Micah Potter;Johnny Furphy;Quenton Jackson;Obi Toppin;Jeremiah Robinson-Earl;T.J. McConnell;Isaiah Jackson;Kam Jones;James Wiseman;Cody Martin;Garrison Mathews;Taelon Peter;RayJ Dennis;Mac McClung;Tony Bradley;Monte Morris,Tyler Herro;Andrew Wiggins;Norman Powell;Davion Mitchell;Jaime Jaquez Jr.;Pelle Larsson;Kel'el Ware;Kasparas Jakučionis;Nikola Jović;Simone Fontecchio;Dru Smith;Myron Gardner;Keshad Johnson;Jahmir Young;Vladislav Goldin;Trevor Keels
2026,Brooklyn Nets,Minnesota Timberwolves,123,107,Tre Scott;Nic Claxton;Noah Clowney;Egor Dёmin;Terance Mann;Cam Thomas;Malachi Smith;Ziaire Williams;Nolan Traoré;Drake Powell;Danny Wolf;Ben Saraf;Chaney Johnson;Josh Minott;Tyrese Martin;Day'Ron Sharpe;Ochai Agbaji;Jalen Wilson;Tyson Etienne;E.J. Liddell;Grant Nelson,Julius Randle;Jaden McDaniels;Rudy Gobert;Donte DiVincenzo;Ayo Dosunmu;Naz Reid;Kyle Anderson;Mike Conley;Bones Hyland;Jaylen Clark;Terrence Shannon Jr.;Rob Dillingham;Enrique Freeman;Zyon Pullin;Joan Beringer;Julian Phillips;Rocco Zikarsky;Joe Ingles;Leonard Miller;Johnny Juzang
2026,Utah Jazz,San Antonio Spurs,127,114,Andersson Garcia;Keyonte George;Bez Mbeng;Kennedy Chandler;Walker Kessler;Ace Bailey;Jusuf Nurkić;John Konchar;Isaiah Collier;Hayden Gray;Cody Williams;Jaren Jackson Jr.;Brice Sensabaugh;Kyle Filipowski;Svi Mykhailiuk;Elijah Harkless;Blake Hinson;Kyle Anderson;Mo Bamba;Walter Clayton;Kevin Love;Oscar Tshiebwe;Taylor Hendricks;Vince Williams Jr.,Devin Vassell;Stephon Castle;Victor Wembanyama;Julian Champagnie;Harrison Barnes;Keldon Johnson;Dylan Harper;Luke Kornet;Jeremy Sochan;Carter Bryant;Kelly Olynyk;Mason Plumlee;Lindy Waters III;Jordan McLaughlin;David Jones García;Bismack Biyombo;Harrison Ingram;Stanley Umude;Riley Minix
2026,Philadelphia 76ers,Oklahoma City Thunder,104,129,VJ Edgecombe;Joel Embiid;Kelly Oubre Jr.;Paul George;Quentin Grimes;Dominick Barlow;Andre Drummond;Adem Bona;Cameron Payne;Jared McCain;Trendon Watford;Justin Edwards;MarJon Beauchamp;Dalen Terry;Eric Gordon;Jabari Walker;Tyrese Martin;Kyle Lowry;Johni Broome;Charles Bassey;Hunter Sallis;Patrick Baldwin Jr.,Chet Holmgren;Jalen Williams;Luguentz Dort;Cason Wallace;Ajay Mitchell;Isaiah Hartenstein;Aaron Wiggins;Isaiah Joe;Jaylin Williams;Alex Caruso;Jared McCain;Nikola Topić;Payton Sandfort;Kenrich Williams;Branden Carlson;Ousmane Dieng;Brooks Barnhizer;Chris Youngblood;Buddy Boeheim
2026,Golden State Warriors,Toronto Raptors,127,141,Stephen Curry;Brandin Podziemski;Draymond Green;Moses Moody;Jonathan Kuminga;Kristaps Porziņģis;De'Anthony Melton;Al Horford;Gui Santos;Charles Bassey;Will Richard;Pat Spencer;Buddy Hield;Quinten Post;Nate Williams;LJ Cryer;Gary Payton II;Seth Curry;Omer Yurtseven;Trayce Jackson-Davis;Malevy Leons,Scottie Barnes;Immanuel Quickley;RJ Barrett;Jakob Poeltl;Jamal Shead;Collin Murray-Boyles;Sandro Mamukelashvili;Ja'Kobe Walter;Ochai Agbaji;Gradey Dick;A.J. Lawson;Jamison Battle;Markelle Fultz;Chucky Hepburn;Alijah Martin;Jonathan Mogbo;Trayce Jackson-Davis;Garrett Temple;Mo Bamba
2026,Boston Celtics,Portland Trail Blazers,108,114,Derrick White;Jayson Tatum;Payton Pritchard;Neemias Queta;Sam Hauser;Anfernee Simons;Nikola Vučević;Baylor Scheierman;Jordan Walsh;Luka Garza;Josh Minott;Hugo González;Dalano Banton;Ron Harper Jr.;Chris Boucher;Xavier Tillman Sr.;John Tonje;Amari Williams;Charles Bassey;Max Shulga,Deni Avdija;Jerami Grant;Shaedon Sharpe;Jrue Holiday;Donovan Clingan;Scoot Henderson;Kris Murray;Caleb Love;Vít Krejčí;Sidy Cissoko;Robert Williams;Matisse Thybulle;Rayan Rupert;Blake Wesley;Duop Reath;Yang Hansen;Chris Youngblood;Javonte Cooke;Jayson Kent
2026,Memphis Grizzlies,Washington Wizards,112,116,Lucas Williamson;Rayan Rupert;Jaren Jackson Jr.;Dariq Whitehead;Adama-Alpha Bal;Ja Morant;Santi Aldama;Jaylen Wells;Zach Edey;Cedric Coward;Tyler Burton;Walter Clayton;Lawson Lovering;Taylor Hendricks;Cam Spencer;Jock Landale;Ty Jerome;Kyle Anderson;Jahmai Mashack;Vince Williams Jr.;GG Jackson II;Kentavious Caldwell-Pope;Scotty Pippen Jr.;DeJon Jarreau;Javon Small;Olivier-Maxence Prosper;Christian Koloko;Charles Bassey;John Konchar;Brandon Clarke;Taj Gibson;PJ Hall,CJ McCollum;Kyshawn George;Leaky Black;Bub Carrington;Alex Sarr;Bilal Coulibaly;Alondes Williams;Khris Middleton;Tre Johnson;Kadary Richmond;Will Riley;Trae Young;Jamir Watkins;Jaden Hardy;Justin Champagnie;Corey Kispert;Marvin Bagley III;Anthony Gill;Sharife Cooper;Cam Whitmore;Keshon Gilbert;Tristan Vukcevic;Skal Labissière;Malaki Branham;AJ Johnson
2026,Detroit Pistons,Los Angeles Clippers,99,112,Jalen Duren;Tobias Harris;Duncan Robinson;Ausar Thompson;Isaiah Stewart;Kevin Huerter;Daniss Jenkins;Ron Holland;Caris LeVert;Javonte Green;Jaden Ivey;Paul Reed;Marcus Sasser;Wendell Moore Jr.;Tolu Smith;Chaz Lanier;Colby Jones;Bobi Klintman;Isaac Jones,Kawhi Leonard;Ivica Zubac;Darius Garland;Bennedict Mathurin;Kris Dunn;John Collins;Derrick Jones Jr.;Jordan Miller;Brook Lopez;Bradley Beal;Kobe Sanders;Bogdan Bogdanović;Nicolas Batum;Isaiah Jackson;Chris Paul;Yanic Konan Niederhäuser;Cam Christie;Kobe Brown;Patrick Baldwin Jr.;TyTy Washington Jr.;Dalano Banton;Sean Pedulla;Norchad Omier;RayJ Dennis;Jahmyl Telfort
2026,Sacramento Kings,Los Angeles Lakers,101,125,Zach LaVine;DeMar DeRozan;Domantas Sabonis;Russell Westbrook;Maxime Raynaud;Daeqwon Plowden;Dennis Schröder;De'Andre Hunter;Nique Clifford;Precious Achiuwa;Malik Monk;Dylan Cardwell;DaQuan Jeffries;Devin Carter;Killian Hayes;Keon Ellis;Doug McDermott;Patrick Baldwin Jr.;Isaiah Stevens;Drew Eubanks;Dario Šarić;Isaac Jones,Austin Reaves;LeBron James;Marcus Smart;Rui Hachimura;Deandre Ayton;Jake LaRavia;Luke Kennard;Gabe Vincent;Jaxson Hayes;Jarred Vanderbilt;Nick Smith Jr.;Maxi Kleber;Dalton Knecht;Bronny James;Drew Timme;Kobe Bufkin;Adou Thiero;Chris Mañon;Christian Koloko
2026,Milwaukee Bucks,Charlotte Hornets,123,113,Ryan Rollins;A.J. Green;Giannis Antetokounmpo;Myles Turner;Ousmane Dieng;Kyle Kuzma;Cormac Ryan;Bobby Portis;Taurean Prince;Gary Trent Jr.;Jericho Sims;Cam Thomas;Pete Nance;Cole Anthony;Gary Harris;Amir Coffey;Andre Jackson Jr.;Thanasis Antetokounmpo;Mark Sears;Alex Antetokounmpo,Miles Bridges;Brandon Miller;LaMelo Ball;Moussa Diabaté;Sion James;Collin Sexton;Ryan Kalkbrenner;Grant Williams;Coby White;KJ Simpson;Josh Green;PJ Hall;Tidjane Salaün;Tre Mann;Liam McNeeley;Drew Peterson;Mason Plumlee;Pat Connaughton;Antonio Reeves;Xavier Tillman Sr.
2026,Phoenix Suns,Washington Wizards,115,101,Dillon Brooks;Grayson Allen;Collin Gillespie;Royce O'Neale;Jalen Green;Mark Williams;Jordan Goodwin;Oso Ighodaro;Ryan Dunn;Amir Coffey;Jamaree Bouyea;Haywood Highsmith;Rasheer Fleming;CJ Huntley;Isaiah Livers;Nick Richards;Khaman Maluach;Nigel Hayes-Davis;Koby Brea,CJ McCollum;Kyshawn George;Leaky Black;Bub Carrington;Alex Sarr;Bilal Coulibaly;Alondes Williams;Khris Middleton;Tre Johnson;Kadary Richmond;Will Riley;Trae Young;Jamir Watkins;Jaden Hardy;Justin Champagnie;Corey Kispert;Marvin Bagley III;Anthony Gill;Sharife Cooper;Cam Whitmore;Keshon Gilbert;Tristan Vukcevic;Skal Labissière;Malaki Branham;AJ Johnson
2026,Golden State Warriors,Brooklyn Nets,120,107,Stephen Curry;Brandin Podziemski;Draymond Green;Moses Moody;Jonathan Kuminga;Kristaps Porziņģis;De'Anthony Melton;Al Horford;Gui Santos;Charles Bassey;Will Richard;Pat Spencer;Buddy Hield;Quinten Post;Nate Williams;LJ Cryer;Gary Payton II;Seth Curry;Omer Yurtseven;Trayce Jackson-Davis;Malevy Leons,Tre Scott;Nic Claxton;Noah Clowney;Egor Dёmin;Terance Mann;Cam Thomas;Malachi Smith;Ziaire Williams;Nolan Traoré;Drake Powell;Danny Wolf;Ben Saraf;Chaney Johnson;Josh Minott;Tyrese Martin;Day'Ron Sharpe;Ochai Agbaji;Jalen Wilson;Tyson Etienne;E.J. Liddell;Grant Nelson
2026,Denver Nuggets,Miami Heat,123,147,Nikola Jokić;Christian Braun;Cameron Johnson;Peyton Watson;Aaron Gordon;Tim Hardaway Jr.;Bruce Brown;Spencer Jones;Jalen Pickett;Julian Strawther;David Roddy;Jonas Valančiūnas;Zeke Nnaji;Curtis Jones;Tyus Jones;DaRon Holmes;Hunter Tyson;KJ Simpson,Tyler Herro;Andrew Wiggins;Norman Powell;Davion Mitchell;Jaime Jaquez Jr.;Pelle Larsson;Kel'el Ware;Kasparas Jakučionis;Nikola Jović;Simone Fontecchio;Dru Smith;Myron Gardner;Keshad Johnson;Jahmir Young;Vladislav Goldin;Trevor Keels
2026,Orlando Magic,Toronto Raptors,106,107,Desmond Bane;Franz Wagner;Anthony Black;Wendell Carter Jr.;Jalen Suggs;Tristan Da Silva;Jevon Carter;Tyus Jones;Goga Bitadze;Noah Penda;Jett Howard;Jamal Cain;Moritz Wagner;Jase Richardson;Jonathan Isaac;Orlando Robinson;Alex Morales;Colin Castleton,Scottie Barnes;Immanuel Quickley;RJ Barrett;Jakob Poeltl;Jamal Shead;Collin Murray-Boyles;Sandro Mamukelashvili;Ja'Kobe Walter;Ochai Agbaji;Gradey Dick;A.J. Lawson;Jamison Battle;Markelle Fultz;Chucky Hepburn;Alijah Martin;Jonathan Mogbo;Trayce Jackson-Davis;Garrett Temple;Mo Bamba
2026,Minnesota Timberwolves,Chicago Bulls,136,101,Julius Randle;Jaden McDaniels;Rudy Gobert;Donte DiVincenzo;Ayo Dosunmu;Naz Reid;Kyle Anderson;Mike Conley;Bones Hyland;Jaylen Clark;Terrence Shannon Jr.;Rob Dillingham;Enrique Freeman;Zyon Pullin;Joan Beringer;Julian Phillips;Rocco Zikarsky;Joe Ingles;Leonard Miller;Johnny Juzang,Nikola Vučević;Matas Buzelis;Coby White;Jaden Ivey;Anfernee Simons;Tre Jones;Isaac Okoro;Ayo Dosunmu;Collin Sexton;Guerschon Yabusele;Kevin Huerter;Leonard Miller;Mouhamadou Gueye;Nick Richards;Rob Dillingham;Jalen Smith;Patrick Williams;Zach Collins;Mac McClung;Yuki Kawamura;Dalen Terry;Jevon Carter;Julian Phillips;Lachlan Olbrich;Emanuel Miller;Trentyn Flowers;Noa Essengue
2026,Indiana Pacers,Houston Rockets,119,126,Bennedict Mathurin;Andrew Nembhard;Aaron Nesmith;Jarace Walker;Kobe Brown;Jalen Slawson;Ivica Zubac;Ben Sheppard;Jay Huff;Ethan Thompson;Micah Potter;Johnny Furphy;Quenton Jackson;Obi Toppin;Jeremiah Robinson-Earl;T.J. McConnell;Isaiah Jackson;Kam Jones;James Wiseman;Cody Martin;Garrison Mathews;Taelon Peter;RayJ Dennis;Mac McClung;Tony Bradley;Monte Morris,Kevin Durant;Jabari Smith Jr.;Alperen Şengün;Reed Sheppard;Tari Eason;Steven Adams;Josh Okogie;Dorian Finney-Smith;Aaron Holiday;Clint Capela;Tristen Newton;Jae'Sean Tate;JD Davison;Isaiah Crawford;Jeff Green
2026,New York Knicks,New Orleans Pelicans,130,125,OG Anunoby;Mikal Bridges;Karl-Anthony Towns;Josh Hart;Miles McBride;Landry Shamet;Mitchell Robinson;Jordan Clarkson;Jose Alvarado;Tyler Kolek;Mohamed Diawara;Ariel Hukporti;Guerschon Yabusele;Kevin McCullar Jr.;Jeremy Sochan;Trey Jemison;Dillon Jones;Pacôme Dadiet;Tosan Evbuomwan,Saddiq Bey;Zion Williamson;Herbert Jones;Dejounte Murray;Josh Oduro;Jeremiah Fears;Derik Queen;Jordan Poole;Jose Alvarado;Bryce McGowens;Yves Missi;DeAndre Jordan;Micah Peavy;Karlo Matković;Kevon Looney;Jordan Hawkins;Trey Alexander;Hunter Dickinson
2026,Atlanta Hawks,Oklahoma City Thunder,129,140,Nickeil Alexander-Walker;Dyson Daniels;Onyeka Okongwu;CJ McCollum;Trae Young;Keshon Gilbert;Kristaps Porziņģis;Zaccharie Risacher;Vít Krejčí;Jonathan Kuminga;Luke Kennard;Jock Landale;Corey Kispert;Mouhamed Gueye;Gabe Vincent;Asa Newell;RayJ Dennis;Tony Bradley;Christian Koloko;Keaton Wallace;Buddy Hield;Caleb Houstan;N'Faly Dante;Jacob Toppin,Chet Holmgren;Jalen Williams;Luguentz Dort;Cason Wallace;Ajay Mitchell;Isaiah Hartenstein;Aaron Wiggins;Isaiah Joe;Jaylin Williams;Alex Caruso;Jared McCain;Nikola Topić;Payton Sandfort;Kenrich Williams;Branden Carlson;Ousmane Dieng;Brooks Barnhizer;Chris Youngblood;Buddy Boeheim
2026,Cleveland Cavaliers,San Antonio Spurs,113,101,Donovan Mitchell;Evan Mobley;Darius Garland;Jarrett Allen;Jaylon Tyson;Sam Merrill;De'Andre Hunter;Keon Ellis;Max Strus;Dean Wade;Dennis Schröder;Lonzo Ball;Craig Porter Jr.;Nae'Qwan Tomlin;Larry Nance Jr.;Thomas Bryant;Tyrese Proctor;Olivier Sarr;Tristan Enaruna;Luke Travers;Riley Minix;Chris Livingston;Darius Brown II,Devin Vassell;Stephon Castle;Victor Wembanyama;Julian Champagnie;Harrison Barnes;Keldon Johnson;Dylan Harper;Luke Kornet;Jeremy Sochan;Carter Bryant;Kelly Olynyk;Mason Plumlee;Lindy Waters III;Jordan McLaughlin;David Jones García;Bismack Biyombo;Harrison Ingram;Stanley Umude;Riley Minix
2026,Dallas Mavericks,Portland Trail Blazers,122,125,Anthony Davis;P.J. Washington;Naji Marshall;Max Christie;Brandon Williams;Klay Thompson;Daniel Gafford;Marvin Bagley III;Khris Middleton;Ryan Nembhard;John Poulakidas;D'Angelo Russell;Tyus Jones;Dereck Lively II;Caleb Martin;Dwight Powell;Moussa Cisse;Tyler Smith;Jaden Hardy;Jeremiah Robinson-Earl;AJ Johnson;Miles Kelly,Deni Avdija;Jerami Grant;Shaedon Sharpe;Jrue Holiday;Donovan Clingan;Scoot Henderson;Kris Murray;Caleb Love;Vít Krejčí;Sidy Cissoko;Robert Williams;Matisse Thybulle;Rayan Rupert;Blake Wesley;Duop Reath;Yang Hansen;Chris Youngblood;Javonte Cooke;Jayson Kent
2026,Philadelphia 76ers,Memphis Grizzlies,139,136,VJ Edgecombe;Joel Embiid;Kelly Oubre Jr.;Paul George;Quentin Grimes;Dominick Barlow;Andre Drummond;Adem Bona;Cameron Payne;Jared McCain;Trendon Watford;Justin Edwards;MarJon Beauchamp;Dalen Terry;Eric Gordon;Jabari Walker;Tyrese Martin;Kyle Lowry;Johni Broome;Charles Bassey;Hunter Sallis;Patrick Baldwin Jr.,Lucas Williamson;Rayan Rupert;Jaren Jackson Jr.;Dariq Whitehead;Adama-Alpha Bal;Ja Morant;Santi Aldama;Jaylen Wells;Zach Edey;Cedric Coward;Tyler Burton;Walter Clayton;Lawson Lovering;Taylor Hendricks;Cam Spencer;Jock Landale;Ty Jerome;Kyle Anderson;Jahmai Mashack;Vince Williams Jr.;GG Jackson II;Kentavious Caldwell-Pope;Scotty Pippen Jr.;DeJon Jarreau;Javon Small;Olivier-Maxence Prosper;Christian Koloko;Charles Bassey;John Konchar;Brandon Clarke;Taj Gibson;PJ Hall
2026,Boston Celtics,Utah Jazz,129,119,Derrick White;Jayson Tatum;Payton Pritchard;Neemias Queta;Sam Hauser;Anfernee Simons;Nikola Vučević;Baylor Scheierman;Jordan Walsh;Luka Garza;Josh Minott;Hugo González;Dalano Banton;Ron Harper Jr.;Chris Boucher;Xavier Tillman Sr.;John Tonje;Amari Williams;Charles Bassey;Max Shulga,Andersson Garcia;Keyonte George;Bez Mbeng;Kennedy Chandler;Walker Kessler;Ace Bailey;Jusuf Nurkić;John Konchar;Isaiah Collier;Hayden Gray;Cody Williams;Jaren Jackson Jr.;Brice Sensabaugh;Kyle Filipowski;Svi Mykhailiuk;Elijah Harkless;Blake Hinson;Kyle Anderson;Mo Bamba;Walter Clayton;Kevin Love;Oscar Tshiebwe;Taylor Hendricks;Vince Williams Jr.
2026,Detroit Pistons,Los Angeles Lakers,128,106,Jalen Duren;Tobias Harris;Duncan Robinson;Ausar Thompson;Isaiah Stewart;Kevin Huerter;Daniss Jenkins;Ron Holland;Caris LeVert;Javonte Green;Jaden Ivey;Paul Reed;Marcus Sasser;Wendell Moore Jr.;Tolu Smith;Chaz Lanier;Colby Jones;Bobi Klintman;Isaac Jones,Austin Reaves;LeBron James;Marcus Smart;Rui Hachimura;Deandre Ayton;Jake LaRavia;Luke Kennard;Gabe Vincent;Jaxson Hayes;Jarred Vanderbilt;Nick Smith Jr.;Maxi Kleber;Dalton Knecht;Bronny James;Drew Timme;Kobe Bufkin;Adou Thiero;Chris Mañon;Christian Koloko
2026,Sacramento Kings,Los Angeles Clippers,90,131,Zach LaVine;DeMar DeRozan;Domantas Sabonis;Russell Westbrook;Maxime Raynaud;Daeqwon Plowden;Dennis Schröder;De'Andre Hunter;Nique Clifford;Precious Achiuwa;Malik Monk;Dylan Cardwell;DaQuan Jeffries;Devin Carter;Killian Hayes;Keon Ellis;Doug McDermott;Patrick Baldwin Jr.;Isaiah Stevens;Drew Eubanks;Dario Šarić;Isaac Jones,Kawhi Leonard;Ivica Zubac;Darius Garland;Bennedict Mathurin;Kris Dunn;John Collins;Derrick Jones Jr.;Jordan Miller;Brook Lopez;Bradley Beal;Kobe Sanders;Bogdan Bogdanović;Nicolas Batum;Isaiah Jackson;Chris Paul;Yanic Konan Niederhäuser;Cam Christie;Kobe Brown;Patrick Baldwin Jr.;TyTy Washington Jr.;Dalano Banton;Sean Pedulla;Norchad Omier;RayJ Dennis;Jahmyl Telfort
2026,Golden State Warriors,Charlotte Hornets,132,125,Stephen Curry;Brandin Podziemski;Draymond Green;Moses Moody;Jonathan Kuminga;Kristaps Porziņģis;De'Anthony Melton;Al Horford;Gui Santos;Charles Bassey;Will Richard;Pat Spencer;Buddy Hield;Quinten Post;Nate Williams;LJ Cryer;Gary Payton II;Seth Curry;Omer Yurtseven;Trayce Jackson-Davis;Malevy Leons,Miles Bridges;Brandon Miller;LaMelo Ball;Moussa Diabaté;Sion James;Collin Sexton;Ryan Kalkbrenner;Grant Williams;Coby White;KJ Simpson;Josh Green;PJ Hall;Tidjane Salaün;Tre Mann;Liam McNeeley;Drew Peterson;Mason Plumlee;Pat Connaughton;Antonio Reeves;Xavier Tillman Sr.
2026,Minnesota Timberwolves,Atlanta Hawks,102,126,Julius Randle;Jaden McDaniels;Rudy Gobert;Donte DiVincenzo;Ayo Dosunmu;Naz Reid;Kyle Anderson;Mike Conley;Bones Hyland;Jaylen Clark;Terrence Shannon Jr.;Rob Dillingham;Enrique Freeman;Zyon Pullin;Joan Beringer;Julian Phillips;Rocco Zikarsky;Joe Ingles;Leonard Miller;Johnny Juzang,Nickeil Alexander-Walker;Dyson Daniels;Onyeka Okongwu;CJ McCollum;Trae Young;Keshon Gilbert;Kristaps Porziņģis;Zaccharie Risacher;Vít Krejčí;Jonathan Kuminga;Luke Kennard;Jock Landale;Corey Kispert;Mouhamed Gueye;Gabe Vincent;Asa Newell;RayJ Dennis;Tony Bradley;Christian Koloko;Keaton Wallace;Buddy Hield;Caleb Houstan;N'Faly Dante;Jacob Toppin
2026,Orlando Magic,Indiana Pacers,112,110,Desmond Bane;Franz Wagner;Anthony Black;Wendell Carter Jr.;Jalen Suggs;Tristan Da Silva;Jevon Carter;Tyus Jones;Goga Bitadze;Noah Penda;Jett Howard;Jamal Cain;Moritz Wagner;Jase Richardson;Jonathan Isaac;Orlando Robinson;Alex Morales;Colin Castleton,Bennedict Mathurin;Andrew Nembhard;Aaron Nesmith;Jarace Walker;Kobe Brown;Jalen Slawson;Ivica Zubac;Ben Sheppard;Jay Huff;Ethan Thompson;Micah Potter;Johnny Furphy;Quenton Jackson;Obi Toppin;Jeremiah Robinson-Earl;T.J. McConnell;Isaiah Jackson;Kam Jones;James Wiseman;Cody Martin;Garrison Mathews;Taelon Peter;RayJ Dennis;Mac McClung;Tony Bradley;Monte Morris
2026,Phoenix Suns,Cleveland Cavaliers,113,129,Dillon Brooks;Grayson Allen;Collin Gillespie;Royce O'Neale;Jalen Green;Mark Williams;Jordan Goodwin;Oso Ighodaro;Ryan Dunn;Amir Coffey;Jamaree Bouyea;Haywood Highsmith;Rasheer Fleming;CJ Huntley;Isaiah Livers;Nick Richards;Khaman Maluach;Nigel Hayes-Davis;Koby Brea,Donovan Mitchell;Evan Mobley;Darius Garland;Jarrett Allen;Jaylon Tyson;Sam Merrill;De'Andre Hunter;Keon Ellis;Max Strus;Dean Wade;Dennis Schröder;Lonzo Ball;Craig Porter Jr.;Nae'Qwan Tomlin;Larry Nance Jr.;Thomas Bryant;Tyrese Proctor;Olivier Sarr;Tristan Enaruna;Luke Travers;Riley Minix;Chris Livingston;Darius Brown II
2026,New Orleans Pelicans,Chicago Bulls,118,134,Saddiq Bey;Zion Williamson;Herbert Jones;Dejounte Murray;Josh Oduro;Jeremiah Fears;Derik Queen;Jordan Poole;Jose Alvarado;Bryce McGowens;Yves Missi;DeAndre Jordan;Micah Peavy;Karlo Matković;Kevon Looney;Jordan Hawkins;Trey Alexander;Hunter Dickinson,Nikola Vučević;Matas Buzelis;Coby White;Jaden Ivey;Anfernee Simons;Tre Jones;Isaac Okoro;Ayo Dosunmu;Collin Sexton;Guerschon Yabusele;Kevin Huerter;Leonard Miller;Mouhamadou Gueye;Nick Richards;Rob Dillingham;Jalen Smith;Patrick Williams;Zach Collins;Mac McClung;Yuki Kawamura;Dalen Terry;Jevon Carter;Julian Phillips;Lachlan Olbrich;Emanuel Miller;Trentyn Flowers;Noa Essengue
2026,New York Knicks,San Antonio Spurs,132,134,OG Anunoby;Mikal Bridges;Karl-Anthony Towns;Josh Hart;Miles McBride;Landry Shamet;Mitchell Robinson;Jordan Clarkson;Jose Alvarado;Tyler Kolek;Mohamed Diawara;Ariel Hukporti;Guerschon Yabusele;Kevin McCullar Jr.;Jeremy Sochan;Trey Jemison;Dillon Jones;Pacôme Dadiet;Tosan Evbuomwan,Devin Vassell;Stephon Castle;Victor Wembanyama;Julian Champagnie;Harrison Barnes;Keldon Johnson;Dylan Harper;Luke Kornet;Jeremy Sochan;Carter Bryant;Kelly Olynyk;Mason Plumlee;Lindy Waters III;Jordan McLaughlin;David Jones García;Bismack Biyombo;Harrison Ingram;Stanley Umude;Riley Minix
2026,Denver Nuggets,Toronto Raptors,106,103,Nikola Jokić;Christian Braun;Cameron Johnson;Peyton Watson;Aaron Gordon;Tim Hardaway Jr.;Bruce Brown;Spencer Jones;Jalen Pickett;Julian Strawther;David Roddy;Jonas Valančiūnas;Zeke Nnaji;Curtis Jones;Tyus Jones;DaRon Holmes;Hunter Tyson;KJ Simpson,Scottie Barnes;Immanuel Quickley;RJ Barrett;Jakob Poeltl;Jamal Shead;Collin Murray-Boyles;Sandro Mamukelashvili;Ja'Kobe Walter;Ochai Agbaji;Gradey Dick;A.J. Lawson;Jamison Battle;Markelle Fultz;Chucky Hepburn;Alijah Martin;Jonathan Mogbo;Trayce Jackson-Davis;Garrett Temple;Mo Bamba
2026,Washington Wizards,Milwaukee Bucks,114,113,CJ McCollum;Kyshawn George;Leaky Black;Bub Carrington;Alex Sarr;Bilal Coulibaly;Alondes Williams;Khris Middleton;Tre Johnson;Kadary Richmond;Will Riley;Trae Young;Jamir Watkins;Jaden Hardy;Justin Champagnie;Corey Kispert;Marvin Bagley III;Anthony Gill;Sharife Cooper;Cam Whitmore;Keshon Gilbert;Tristan Vukcevic;Skal Labissière;Malaki Branham;AJ Johnson,Ryan Rollins;A.J. Green;Giannis Antetokounmpo;Myles Turner;Ousmane Dieng;Kyle Kuzma;Cormac Ryan;Bobby Portis;Taurean Prince;Gary Trent Jr.;Jericho Sims;Cam Thomas;Pete Nance;Cole Anthony;Gary Harris;Amir Coffey;Andre Jackson Jr.;Thanasis Antetokounmpo;Mark Sears;Alex Antetokounmpo
2026,Portland Trail Blazers,Oklahoma City Thunder,95,124,Deni Avdija;Jerami Grant;Shaedon Sharpe;Jrue Holiday;Donovan Clingan;Scoot Henderson;Kris Murray;Caleb Love;Vít Krejčí;Sidy Cissoko;Robert Williams;Matisse Thybulle;Rayan Rupert;Blake Wesley;Duop Reath;Yang Hansen;Chris Youngblood;Javonte Cooke;Jayson Kent,Chet Holmgren;Jalen Williams;Luguentz Dort;Cason Wallace;Ajay Mitchell;Isaiah Hartenstein;Aaron Wiggins;Isaiah Joe;Jaylin Williams;Alex Caruso;Jared McCain;Nikola Topić;Payton Sandfort;Kenrich Williams;Branden Carlson;Ousmane Dieng;Brooks Barnhizer;Chris Youngblood;Buddy Boeheim
2026,Houston Rockets,Brooklyn Nets,120,96,Kevin Durant;Jabari Smith Jr.;Alperen Şengün;Reed Sheppard;Tari Eason;Steven Adams;Josh Okogie;Dorian Finney-Smith;Aaron Holiday;Clint Capela;Tristen Newton;Jae'Sean Tate;JD Davison;Isaiah Crawford;Jeff Green,Tre Scott;Nic Claxton;Noah Clowney;Egor Dёmin;Terance Mann;Cam Thomas;Malachi Smith;Ziaire Williams;Nolan Traoré;Drake Powell;Danny Wolf;Ben Saraf;Chaney Johnson;Josh Minott;Tyrese Martin;Day'Ron Sharpe;Ochai Agbaji;Jalen Wilson;Tyson Etienne;E.J. Liddell;Grant Nelson
2026,Miami Heat,Detroit Pistons,118,112,Tyler Herro;Andrew Wiggins;Norman Powell;Davion Mitchell;Jaime Jaquez Jr.;Pelle Larsson;Kel'el Ware;Kasparas Jakučionis;Nikola Jović;Simone Fontecchio;Dru Smith;Myron Gardner;Keshad Johnson;Jahmir Young;Vladislav Goldin;Trevor Keels,Jalen Duren;Tobias Harris;Duncan Robinson;Ausar Thompson;Isaiah Stewart;Kevin Huerter;Daniss Jenkins;Ron Holland;Caris LeVert;Javonte Green;Jaden Ivey;Paul Reed;Marcus Sasser;Wendell Moore Jr.;Tolu Smith;Chaz Lanier;Colby Jones;Bobi Klintman;Isaac Jones
2026,Philadelphia 76ers,Dallas Mavericks,123,108,VJ Edgecombe;Joel Embiid;Kelly Oubre Jr.;Paul George;Quentin Grimes;Dominick Barlow;Andre Drummond;Adem Bona;Cameron Payne;Jared McCain;Trendon Watford;Justin Edwards;MarJon Beauchamp;Dalen Terry;Eric Gordon;Jabari Walker;Tyrese Martin;Kyle Lowry;Johni Broome;Charles Bassey;Hunter Sallis;Patrick Baldwin Jr.,Anthony Davis;P.J. Washington;Naji Marshall;Max Christie;Brandon Williams;Klay Thompson;Daniel Gafford;Marvin Bagley III;Khris Middleton;Ryan Nembhard;John Poulakidas;D'Angelo Russell;Tyus Jones;Dereck Lively II;Caleb Martin;Dwight Powell;Moussa Cisse;Tyler Smith;Jaden Hardy;Jeremiah Robinson-Earl;AJ Johnson;Miles Kelly
2026,Boston Celtics,Sacramento Kings,120,106,Derrick White;Jayson Tatum;Payton Pritchard;Neemias Queta;Sam Hauser;Anfernee Simons;Nikola Vučević;Baylor Scheierman;Jordan Walsh;Luka Garza;Josh Minott;Hugo González;Dalano Banton;Ron Harper Jr.;Chris Boucher;Xavier Tillman Sr.;John Tonje;Amari Williams;Charles Bassey;Max Shulga,Zach LaVine;DeMar DeRozan;Domantas Sabonis;Russell Westbrook;Maxime Raynaud;Daeqwon Plowden;Dennis Schröder;De'Andre Hunter;Nique Clifford;Precious Achiuwa;Malik Monk;Dylan Cardwell;DaQuan Jeffries;Devin Carter;Killian Hayes;Keon Ellis;Doug McDermott;Patrick Baldwin Jr.;Isaiah Stevens;Drew Eubanks;Dario Šarić;Isaac Jones
2026,Utah Jazz,Los Angeles Clippers,101,118,Andersson Garcia;Keyonte George;Bez Mbeng;Kennedy Chandler;Walker Kessler;Ace Bailey;Jusuf Nurkić;John Konchar;Isaiah Collier;Hayden Gray;Cody Williams;Jaren Jackson Jr.;Brice Sensabaugh;Kyle Filipowski;Svi Mykhailiuk;Elijah Harkless;Blake Hinson;Kyle Anderson;Mo Bamba;Walter Clayton;Kevin Love;Oscar Tshiebwe;Taylor Hendricks;Vince Williams Jr.,Kawhi Leonard;Ivica Zubac;Darius Garland;Bennedict Mathurin;Kris Dunn;John Collins;Derrick Jones Jr.;Jordan Miller;Brook Lopez;Bradley Beal;Kobe Sanders;Bogdan Bogdanović;Nicolas Batum;Isaiah Jackson;Chris Paul;Yanic Konan Niederhäuser;Cam Christie;Kobe Brown;Patrick Baldwin Jr.;TyTy Washington Jr.;Dalano Banton;Sean Pedulla;Norchad Omier;RayJ Dennis;Jahmyl Telfort
2026,San Antonio Spurs,Indiana Pacers,123,113,Devin Vassell;Stephon Castle;Victor Wembanyama;Julian Champagnie;Harrison Barnes;Keldon Johnson;Dylan Harper;Luke Kornet;Jeremy Sochan;Carter Bryant;Kelly Olynyk;Mason Plumlee;Lindy Waters III;Jordan McLaughlin;David Jones García;Bismack Biyombo;Harrison Ingram;Stanley Umude;Riley Minix,Bennedict Mathurin;Andrew Nembhard;Aaron Nesmith;Jarace Walker;Kobe Brown;Jalen Slawson;Ivica Zubac;Ben Sheppard;Jay Huff;Ethan Thompson;Micah Potter;Johnny Furphy;Quenton Jackson;Obi Toppin;Jeremiah Robinson-Earl;T.J. McConnell;Isaiah Jackson;Kam Jones;James Wiseman;Cody Martin;Garrison Mathews;Taelon Peter;RayJ Dennis;Mac McClung;Tony Bradley;Monte Morris
2026,Brooklyn Nets,Washington Wizards,99,119,Tre Scott;Nic Claxton;Noah Clowney;Egor Dёmin;Terance Mann;Cam Thomas;Malachi Smith;Ziaire Williams;Nolan Traoré;Drake Powell;Danny Wolf;Ben Saraf;Chaney Johnson;Josh Minott;Tyrese Martin;Day'Ron Sharpe;Ochai Agbaji;Jalen Wilson;Tyson Etienne;E.J. Liddell;Grant Nelson,CJ McCollum;Kyshawn George;Leaky Black;Bub Carrington;Alex Sarr;Bilal Coulibaly;Alondes Williams;Khris Middleton;Tre Johnson;Kadary Richmond;Will Riley;Trae Young;Jamir Watkins;Jaden Hardy;Justin Champagnie;Corey Kispert;Marvin Bagley III;Anthony Gill;Sharife Cooper;Cam Whitmore;Keshon Gilbert;Tristan Vukcevic;Skal Labissière;Malaki Branham;AJ Johnson
2026,Denver Nuggets,Cleveland Cavaliers,108,113,Nikola Jokić;Christian Braun;Cameron Johnson;Peyton Watson;Aaron Gordon;Tim Hardaway Jr.;Bruce Brown;Spencer Jones;Jalen Pickett;Julian Strawther;David Roddy;Jonas Valančiūnas;Zeke Nnaji;Curtis Jones;Tyus Jones;DaRon Holmes;Hunter Tyson;KJ Simpson,Donovan Mitchell;Evan Mobley;Darius Garland;Jarrett Allen;Jaylon Tyson;Sam Merrill;De'Andre Hunter;Keon Ellis;Max Strus;Dean Wade;Dennis Schröder;Lonzo Ball;Craig Porter Jr.;Nae'Qwan Tomlin;Larry Nance Jr.;Thomas Bryant;Tyrese Proctor;Olivier Sarr;Tristan Enaruna;Luke Travers;Riley Minix;Chris Livingston;Darius Brown II
2026,Atlanta Hawks,New York Knicks,111,99,Nickeil Alexander-Walker;Dyson Daniels;Onyeka Okongwu;CJ McCollum;Trae Young;Keshon Gilbert;Kristaps Porziņģis;Zaccharie Risacher;Vít Krejčí;Jonathan Kuminga;Luke Kennard;Jock Landale;Corey Kispert;Mouhamed Gueye;Gabe Vincent;Asa Newell;RayJ Dennis;Tony Bradley;Christian Koloko;Keaton Wallace;Buddy Hield;Caleb Houstan;N'Faly Dante;Jacob Toppin,OG Anunoby;Mikal Bridges;Karl-Anthony Towns;Josh Hart;Miles McBride;Landry Shamet;Mitchell Robinson;Jordan Clarkson;Jose Alvarado;Tyler Kolek;Mohamed Diawara;Ariel Hukporti;Guerschon Yabusele;Kevin McCullar Jr.;Jeremy Sochan;Trey Jemison;Dillon Jones;Pacôme Dadiet;Tosan Evbuomwan
2026,Orlando Magic,Chicago Bulls,114,121,Desmond Bane;Franz Wagner;Anthony Black;Wendell Carter Jr.;Jalen Suggs;Tristan Da Silva;Jevon Carter;Tyus Jones;Goga Bitadze;Noah Penda;Jett Howard;Jamal Cain;Moritz Wagner;Jase Richardson;Jonathan Isaac;Orlando Robinson;Alex Morales;Colin Castleton,Nikola Vučević;Matas Buzelis;Coby White;Jaden Ivey;Anfernee Simons;Tre Jones;Isaac Okoro;Ayo Dosunmu;Collin Sexton;Guerschon Yabusele;Kevin Huerter;Leonard Miller;Mouhamadou Gueye;Nick Richards;Rob Dillingham;Jalen Smith;Patrick Williams;Zach Collins;Mac McClung;Yuki Kawamura;Dalen Terry;Jevon Carter;Julian Phillips;Lachlan Olbrich;Emanuel Miller;Trentyn Flowers;Noa Essengue
2026,Charlotte Hornets,Milwaukee Bucks,121,122,Miles Bridges;Brandon Miller;LaMelo Ball;Moussa Diabaté;Sion James;Collin Sexton;Ryan Kalkbrenner;Grant Williams;Coby White;KJ Simpson;Josh Green;PJ Hall;Tidjane Salaün;Tre Mann;Liam McNeeley;Drew Peterson;Mason Plumlee;Pat Connaughton;Antonio Reeves;Xavier Tillman Sr.,Ryan Rollins;A.J. Green;Giannis Antetokounmpo;Myles Turner;Ousmane Dieng;Kyle Kuzma;Cormac Ryan;Bobby Portis;Taurean Prince;Gary Trent Jr.;Jericho Sims;Cam Thomas;Pete Nance;Cole Anthony;Gary Harris;Amir Coffey;Andre Jackson Jr.;Thanasis Antetokounmpo;Mark Sears;Alex Antetokounmpo
2026,Portland Trail Blazers,New Orleans Pelicans,122,109,Deni Avdija;Jerami Grant;Shaedon Sharpe;Jrue Holiday;Donovan Clingan;Scoot Henderson;Kris Murray;Caleb Love;Vít Krejčí;Sidy Cissoko;Robert Williams;Matisse Thybulle;Rayan Rupert;Blake Wesley;Duop Reath;Yang Hansen;Chris Youngblood;Javonte Cooke;Jayson Kent,Saddiq Bey;Zion Williamson;Herbert Jones;Dejounte Murray;Josh Oduro;Jeremiah Fears;Derik Queen;Jordan Poole;Jose Alvarado;Bryce McGowens;Yves Missi;DeAndre Jordan;Micah Peavy;Karlo Matković;Kevon Looney;Jordan Hawkins;Trey Alexander;Hunter Dickinson
2026,Sacramento Kings,Phoenix Suns,102,129,Zach LaVine;DeMar DeRozan;Domantas Sabonis;Russell Westbrook;Maxime Raynaud;Daeqwon Plowden;Dennis Schröder;De'Andre Hunter;Nique Clifford;Precious Achiuwa;Malik Monk;Dylan Cardwell;DaQuan Jeffries;Devin Carter;Killian Hayes;Keon Ellis;Doug McDermott;Patrick Baldwin Jr.;Isaiah Stevens;Drew Eubanks;Dario Šarić;Isaac Jones,Dillon Brooks;Grayson Allen;Collin Gillespie;Royce O'Neale;Jalen Green;Mark Williams;Jordan Goodwin;Oso Ighodaro;Ryan Dunn;Amir Coffey;Jamaree Bouyea;Haywood Highsmith;Rasheer Fleming;CJ Huntley;Isaiah Livers;Nick Richards;Khaman Maluach;Nigel Hayes-Davis;Koby Brea
2026,Oklahoma City Thunder,Golden State Warriors,131,94,Chet Holmgren;Jalen Williams;Luguentz Dort;Cason Wallace;Ajay Mitchell;Isaiah Hartenstein;Aaron Wiggins;Isaiah Joe;Jaylin Williams;Alex Caruso;Jared McCain;Nikola Topić;Payton Sandfort;Kenrich Williams;Branden Carlson;Ousmane Dieng;Brooks Barnhizer;Chris Youngblood;Buddy Boeheim,Stephen Curry;Brandin Podziemski;Draymond Green;Moses Moody;Jonathan Kuminga;Kristaps Porziņģis;De'Anthony Melton;Al Horford;Gui Santos;Charles Bassey;Will Richard;Pat Spencer;Buddy Hield;Quinten Post;Nate Williams;LJ Cryer;Gary Payton II;Seth Curry;Omer Yurtseven;Trayce Jackson-Davis;Malevy Leons
2026,Memphis Grizzlies,Los Angeles Lakers,121,128,Lucas Williamson;Rayan Rupert;Jaren Jackson Jr.;Dariq Whitehead;Adama-Alpha Bal;Ja Morant;Santi Aldama;Jaylen Wells;Zach Edey;Cedric Coward;Tyler Burton;Walter Clayton;Lawson Lovering;Taylor Hendricks;Cam Spencer;Jock Landale;Ty Jerome;Kyle Anderson;Jahmai Mashack;Vince Williams Jr.;GG Jackson II;Kentavious Caldwell-Pope;Scotty Pippen Jr.;DeJon Jarreau;Javon Small;Olivier-Maxence Prosper;Christian Koloko;Charles Bassey;John Konchar;Brandon Clarke;Taj Gibson;PJ Hall,Austin Reaves;LeBron James;Marcus Smart;Rui Hachimura;Deandre Ayton;Jake LaRavia;Luke Kennard;Gabe Vincent;Jaxson Hayes;Jarred Vanderbilt;Nick Smith Jr.;Maxi Kleber;Dalton Knecht;Bronny James;Drew Timme;Kobe Bufkin;Adou Thiero;Chris Mañon;Christian Koloko
2026,Minnesota Timberwolves,Miami Heat,125,115,Julius Randle;Jaden McDaniels;Rudy Gobert;Donte DiVincenzo;Ayo Dosunmu;Naz Reid;Kyle Anderson;Mike Conley;Bones Hyland;Jaylen Clark;Terrence Shannon Jr.;Rob Dillingham;Enrique Freeman;Zyon Pullin;Joan Beringer;Julian Phillips;Rocco Zikarsky;Joe Ingles;Leonard Miller;Johnny Juzang,Tyler Herro;Andrew Wiggins;Norman Powell;Davion Mitchell;Jaime Jaquez Jr.;Pelle Larsson;Kel'el Ware;Kasparas Jakučionis;Nikola Jović;Simone Fontecchio;Dru Smith;Myron Gardner;Keshad Johnson;Jahmir Young;Vladislav Goldin;Trevor Keels
2026,Philadelphia 76ers,New York Knicks,130,119,VJ Edgecombe;Joel Embiid;Kelly Oubre Jr.;Paul George;Quentin Grimes;Dominick Barlow;Andre Drummond;Adem Bona;Cameron Payne;Jared McCain;Trendon Watford;Justin Edwards;MarJon Beauchamp;Dalen Terry;Eric Gordon;Jabari Walker;Tyrese Martin;Kyle Lowry;Johni Broome;Charles Bassey;Hunter Sallis;Patrick Baldwin Jr.,OG Anunoby;Mikal Bridges;Karl-Anthony Towns;Josh Hart;Miles McBride;Landry Shamet;Mitchell Robinson;Jordan Clarkson;Jose Alvarado;Tyler Kolek;Mohamed Diawara;Ariel Hukporti;Guerschon Yabusele;Kevin McCullar Jr.;Jeremy Sochan;Trey Jemison;Dillon Jones;Pacôme Dadiet;Tosan Evbuomwan
2026,Atlanta Hawks,Toronto Raptors,117,134,Nickeil Alexander-Walker;Dyson Daniels;Onyeka Okongwu;CJ McCollum;Trae Young;Keshon Gilbert;Kristaps Porziņģis;Zaccharie Risacher;Vít Krejčí;Jonathan Kuminga;Luke Kennard;Jock Landale;Corey Kispert;Mouhamed Gueye;Gabe Vincent;Asa Newell;RayJ Dennis;Tony Bradley;Christian Koloko;Keaton Wallace;Buddy Hield;Caleb Houstan;N'Faly Dante;Jacob Toppin,Scottie Barnes;Immanuel Quickley;RJ Barrett;Jakob Poeltl;Jamal Shead;Collin Murray-Boyles;Sandro Mamukelashvili;Ja'Kobe Walter;Ochai Agbaji;Gradey Dick;A.J. Lawson;Jamison Battle;Markelle Fultz;Chucky Hepburn;Alijah Martin;Jonathan Mogbo;Trayce Jackson-Davis;Garrett Temple;Mo Bamba
2026,Charlotte Hornets,Chicago Bulls,112,99,Miles Bridges;Brandon Miller;LaMelo Ball;Moussa Diabaté;Sion James;Collin Sexton;Ryan Kalkbrenner;Grant Williams;Coby White;KJ Simpson;Josh Green;PJ Hall;Tidjane Salaün;Tre Mann;Liam McNeeley;Drew Peterson;Mason Plumlee;Pat Connaughton;Antonio Reeves;Xavier Tillman Sr.,Nikola Vučević;Matas Buzelis;Coby White;Jaden Ivey;Anfernee Simons;Tre Jones;Isaac Okoro;Ayo Dosunmu;Collin Sexton;Guerschon Yabusele;Kevin Huerter;Leonard Miller;Mouhamadou Gueye;Nick Richards;Rob Dillingham;Jalen Smith;Patrick Williams;Zach Collins;Mac McClung;Yuki Kawamura;Dalen Terry;Jevon Carter;Julian Phillips;Lachlan Olbrich;Emanuel Miller;Trentyn Flowers;Noa Essengue
2026,Portland Trail Blazers,San Antonio Spurs,115,110,Deni Avdija;Jerami Grant;Shaedon Sharpe;Jrue Holiday;Donovan Clingan;Scoot Henderson;Kris Murray;Caleb Love;Vít Krejčí;Sidy Cissoko;Robert Williams;Matisse Thybulle;Rayan Rupert;Blake Wesley;Duop Reath;Yang Hansen;Chris Youngblood;Javonte Cooke;Jayson Kent,Devin Vassell;Stephon Castle;Victor Wembanyama;Julian Champagnie;Harrison Barnes;Keldon Johnson;Dylan Harper;Luke Kornet;Jeremy Sochan;Carter Bryant;Kelly Olynyk;Mason Plumlee;Lindy Waters III;Jordan McLaughlin;David Jones García;Bismack Biyombo;Harrison Ingram;Stanley Umude;Riley Minix
2026,Houston Rockets,Dallas Mavericks,104,110,Kevin Durant;Jabari Smith Jr.;Alperen Şengün;Reed Sheppard;Tari Eason;Steven Adams;Josh Okogie;Dorian Finney-Smith;Aaron Holiday;Clint Capela;Tristen Newton;Jae'Sean Tate;JD Davison;Isaiah Crawford;Jeff Green,Anthony Davis;P.J. Washington;Naji Marshall;Max Christie;Brandon Williams;Klay Thompson;Daniel Gafford;Marvin Bagley III;Khris Middleton;Ryan Nembhard;John Poulakidas;D'Angelo Russell;Tyus Jones;Dereck Lively II;Caleb Martin;Dwight Powell;Moussa Cisse;Tyler Smith;Jaden Hardy;Jeremiah Robinson-Earl;AJ Johnson;Miles Kelly
2026,Utah Jazz,Golden State Warriors,114,123,Andersson Garcia;Keyonte George;Bez Mbeng;Kennedy Chandler;Walker Kessler;Ace Bailey;Jusuf Nurkić;John Konchar;Isaiah Collier;Hayden Gray;Cody Williams;Jaren Jackson Jr.;Brice Sensabaugh;Kyle Filipowski;Svi Mykhailiuk;Elijah Harkless;Blake Hinson;Kyle Anderson;Mo Bamba;Walter Clayton;Kevin Love;Oscar Tshiebwe;Taylor Hendricks;Vince Williams Jr.,Stephen Curry;Brandin Podziemski;Draymond Green;Moses Moody;Jonathan Kuminga;Kristaps Porziņģis;De'Anthony Melton;Al Horford;Gui Santos;Charles Bassey;Will Richard;Pat Spencer;Buddy Hield;Quinten Post;Nate Williams;LJ Cryer;Gary Payton II;Seth Curry;Omer Yurtseven;Trayce Jackson-Davis;Malevy Leons
2026,Boston Celtics,Los Angeles Clippers,146,115,Derrick White;Jayson Tatum;Payton Pritchard;Neemias Queta;Sam Hauser;Anfernee Simons;Nikola Vučević;Baylor Scheierman;Jordan Walsh;Luka Garza;Josh Minott;Hugo González;Dalano Banton;Ron Harper Jr.;Chris Boucher;Xavier Tillman Sr.;John Tonje;Amari Williams;Charles Bassey;Max Shulga,Kawhi Leonard;Ivica Zubac;Darius Garland;Bennedict Mathurin;Kris Dunn;John Collins;Derrick Jones Jr.;Jordan Miller;Brook Lopez;Bradley Beal;Kobe Sanders;Bogdan Bogdanović;Nicolas Batum;Isaiah Jackson;Chris Paul;Yanic Konan Niederhäuser;Cam Christie;Kobe Brown;Patrick Baldwin Jr.;TyTy Washington Jr.;Dalano Banton;Sean Pedulla;Norchad Omier;RayJ Dennis;Jahmyl Telfort
2026,Detroit Pistons,Cleveland Cavaliers,114,110,Jalen Duren;Tobias Harris;Duncan Robinson;Ausar Thompson;Isaiah Stewart;Kevin Huerter;Daniss Jenkins;Ron Holland;Caris LeVert;Javonte Green;Jaden Ivey;Paul Reed;Marcus Sasser;Wendell Moore Jr.;Tolu Smith;Chaz Lanier;Colby Jones;Bobi Klintman;Isaac Jones,Donovan Mitchell;Evan Mobley;Darius Garland;Jarrett Allen;Jaylon Tyson;Sam Merrill;De'Andre Hunter;Keon Ellis;Max Strus;Dean Wade;Dennis Schröder;Lonzo Ball;Craig Porter Jr.;Nae'Qwan Tomlin;Larry Nance Jr.;Thomas Bryant;Tyrese Proctor;Olivier Sarr;Tristan Enaruna;Luke Travers;Riley Minix;Chris Livingston;Darius Brown II
2026,Indiana Pacers,Orlando Magic,127,135,Bennedict Mathurin;Andrew Nembhard;Aaron Nesmith;Jarace Walker;Kobe Brown;Jalen Slawson;Ivica Zubac;Ben Sheppard;Jay Huff;Ethan Thompson;Micah Potter;Johnny Furphy;Quenton Jackson;Obi Toppin;Jeremiah Robinson-Earl;T.J. McConnell;Isaiah Jackson;Kam Jones;James Wiseman;Cody Martin;Garrison Mathews;Taelon Peter;RayJ Dennis;Mac McClung;Tony Bradley;Monte Morris,Desmond Bane;Franz Wagner;Anthony Black;Wendell Carter Jr.;Jalen Suggs;Tristan Da Silva;Jevon Carter;Tyus Jones;Goga Bitadze;Noah Penda;Jett Howard;Jamal Cain;Moritz Wagner;Jase Richardson;Jonathan Isaac;Orlando Robinson;Alex Morales;Colin Castleton
2026,Denver Nuggets,Brooklyn Nets,115,127,Nikola Jokić;Christian Braun;Cameron Johnson;Peyton Watson;Aaron Gordon;Tim Hardaway Jr.;Bruce Brown;Spencer Jones;Jalen Pickett;Julian Strawther;David Roddy;Jonas Valančiūnas;Zeke Nnaji;Curtis Jones;Tyus Jones;DaRon Holmes;Hunter Tyson;KJ Simpson,Tre Scott;Nic Claxton;Noah Clowney;Egor Dёmin;Terance Mann;Cam Thomas;Malachi Smith;Ziaire Williams;Nolan Traoré;Drake Powell;Danny Wolf;Ben Saraf;Chaney Johnson;Josh Minott;Tyrese Martin;Day'Ron Sharpe;Ochai Agbaji;Jalen Wilson;Tyson Etienne;E.J. Liddell;Grant Nelson
2026,New Orleans Pelicans,Miami Heat,106,125,Saddiq Bey;Zion Williamson;Herbert Jones;Dejounte Murray;Josh Oduro;Jeremiah Fears;Derik Queen;Jordan Poole;Jose Alvarado;Bryce McGowens;Yves Missi;DeAndre Jordan;Micah Peavy;Karlo Matković;Kevon Looney;Jordan Hawkins;Trey Alexander;Hunter Dickinson,Tyler Herro;Andrew Wiggins;Norman Powell;Davion Mitchell;Jaime Jaquez Jr.;Pelle Larsson;Kel'el Ware;Kasparas Jakučionis;Nikola Jović;Simone Fontecchio;Dru Smith;Myron Gardner;Keshad Johnson;Jahmir Young;Vladislav Goldin;Trevor Keels
2026,Minnesota Timberwolves,Washington Wizards,141,115,Julius Randle;Jaden McDaniels;Rudy Gobert;Donte DiVincenzo;Ayo Dosunmu;Naz Reid;Kyle Anderson;Mike Conley;Bones Hyland;Jaylen Clark;Terrence Shannon Jr.;Rob Dillingham;Enrique Freeman;Zyon Pullin;Joan Beringer;Julian Phillips;Rocco Zikarsky;Joe Ingles;Leonard Miller;Johnny Juzang,CJ McCollum;Kyshawn George;Leaky Black;Bub Carrington;Alex Sarr;Bilal Coulibaly;Alondes Williams;Khris Middleton;Tre Johnson;Kadary Richmond;Will Riley;Trae Young;Jamir Watkins;Jaden Hardy;Justin Champagnie;Corey Kispert;Marvin Bagley III;Anthony Gill;Sharife Cooper;Cam Whitmore;Keshon Gilbert;Tristan Vukcevic;Skal Labissière;Malaki Branham;AJ Johnson
2026,Oklahoma City Thunder,Phoenix Suns,105,108,Chet Holmgren;Jalen Williams;Luguentz Dort;Cason Wallace;Ajay Mitchell;Isaiah Hartenstein;Aaron Wiggins;Isaiah Joe;Jaylin Williams;Alex Caruso;Jared McCain;Nikola Topić;Payton Sandfort;Kenrich Williams;Branden Carlson;Ousmane Dieng;Brooks Barnhizer;Chris Youngblood;Buddy Boeheim,Dillon Brooks;Grayson Allen;Collin Gillespie;Royce O'Neale;Jalen Green;Mark Williams;Jordan Goodwin;Oso Ighodaro;Ryan Dunn;Amir Coffey;Jamaree Bouyea;Haywood Highsmith;Rasheer Fleming;CJ Huntley;Isaiah Livers;Nick Richards;Khaman Maluach;Nigel Hayes-Davis;Koby Brea
2026,Milwaukee Bucks,Sacramento Kings,115,98,Ryan Rollins;A.J. Green;Giannis Antetokounmpo;Myles Turner;Ousmane Dieng;Kyle Kuzma;Cormac Ryan;Bobby Portis;Taurean Prince;Gary Trent Jr.;Jericho Sims;Cam Thomas;Pete Nance;Cole Anthony;Gary Harris;Amir Coffey;Andre Jackson Jr.;Thanasis Antetokounmpo;Mark Sears;Alex Antetokounmpo,Zach LaVine;DeMar DeRozan;Domantas Sabonis;Russell Westbrook;Maxime Raynaud;Daeqwon Plowden;Dennis Schröder;De'Andre Hunter;Nique Clifford;Precious Achiuwa;Malik Monk;Dylan Cardwell;DaQuan Jeffries;Devin Carter;Killian Hayes;Keon Ellis;Doug McDermott;Patrick Baldwin Jr.;Isaiah Stevens;Drew Eubanks;Dario Šarić;Isaac Jones
2026,Memphis Grizzlies,Los Angeles Lakers,114,120,Lucas Williamson;Rayan Rupert;Jaren Jackson Jr.;Dariq Whitehead;Adama-Alpha Bal;Ja Morant;Santi Aldama;Jaylen Wells;Zach Edey;Cedric Coward;Tyler Burton;Walter Clayton;Lawson Lovering;Taylor Hendricks;Cam Spencer;Jock Landale;Ty Jerome;Kyle Anderson;Jahmai Mashack;Vince Williams Jr.;GG Jackson II;Kentavious Caldwell-Pope;Scotty Pippen Jr.;DeJon Jarreau;Javon Small;Olivier-Maxence Prosper;Christian Koloko;Charles Bassey;John Konchar;Brandon Clarke;Taj Gibson;PJ Hall,Austin Reaves;LeBron James;Marcus Smart;Rui Hachimura;Deandre Ayton;Jake LaRavia;Luke Kennard;Gabe Vincent;Jaxson Hayes;Jarred Vanderbilt;Nick Smith Jr.;Maxi Kleber;Dalton Knecht;Bronny James;Drew Timme;Kobe Bufkin;Adou Thiero;Chris Mañon;Christian Koloko
2026,New York Knicks,Detroit Pistons,90,121,OG Anunoby;Mikal Bridges;Karl-Anthony Towns;Josh Hart;Miles McBride;Landry Shamet;Mitchell Robinson;Jordan Clarkson;Jose Alvarado;Tyler Kolek;Mohamed Diawara;Ariel Hukporti;Guerschon Yabusele;Kevin McCullar Jr.;Jeremy Sochan;Trey Jemison;Dillon Jones;Pacôme Dadiet;Tosan Evbuomwan,Jalen Duren;Tobias Harris;Duncan Robinson;Ausar Thompson;Isaiah Stewart;Kevin Huerter;Daniss Jenkins;Ron Holland;Caris LeVert;Javonte Green;Jaden Ivey;Paul Reed;Marcus Sasser;Wendell Moore Jr.;Tolu Smith;Chaz Lanier;Colby Jones;Bobi Klintman;Isaac Jones
2026,Chicago Bulls,Boston Celtics,101,115,Nikola Vučević;Matas Buzelis;Coby White;Jaden Ivey;Anfernee Simons;Tre Jones;Isaac Okoro;Ayo Dosunmu;Collin Sexton;Guerschon Yabusele;Kevin Huerter;Leonard Miller;Mouhamadou Gueye;Nick Richards;Rob Dillingham;Jalen Smith;Patrick Williams;Zach Collins;Mac McClung;Yuki Kawamura;Dalen Terry;Jevon Carter;Julian Phillips;Lachlan Olbrich;Emanuel Miller;Trentyn Flowers;Noa Essengue,Derrick White;Jayson Tatum;Payton Pritchard;Neemias Queta;Sam Hauser;Anfernee Simons;Nikola Vučević;Baylor Scheierman;Jordan Walsh;Luka Garza;Josh Minott;Hugo González;Dalano Banton;Ron Harper Jr.;Chris Boucher;Xavier Tillman Sr.;John Tonje;Amari Williams;Charles Bassey;Max Shulga
2026,Atlanta Hawks,Toronto Raptors,100,118,Nickeil Alexander-Walker;Dyson Daniels;Onyeka Okongwu;CJ McCollum;Trae Young;Keshon Gilbert;Kristaps Porziņģis;Zaccharie Risacher;Vít Krejčí;Jonathan Kuminga;Luke Kennard;Jock Landale;Corey Kispert;Mouhamed Gueye;Gabe Vincent;Asa Newell;RayJ Dennis;Tony Bradley;Christian Koloko;Keaton Wallace;Buddy Hield;Caleb Houstan;N'Faly Dante;Jacob Toppin,Scottie Barnes;Immanuel Quickley;RJ Barrett;Jakob Poeltl;Jamal Shead;Collin Murray-Boyles;Sandro Mamukelashvili;Ja'Kobe Walter;Ochai Agbaji;Gradey Dick;A.J. Lawson;Jamison Battle;Markelle Fultz;Chucky Hepburn;Alijah Martin;Jonathan Mogbo;Trayce Jackson-Davis;Garrett Temple;Mo Bamba
2026,Phoenix Suns,Houston Rockets,97,100,Dillon Brooks;Grayson Allen;Collin Gillespie;Royce O'Neale;Jalen Green;Mark Williams;Jordan Goodwin;Oso Ighodaro;Ryan Dunn;Amir Coffey;Jamaree Bouyea;Haywood Highsmith;Rasheer Fleming;CJ Huntley;Isaiah Livers;Nick Richards;Khaman Maluach;Nigel Hayes-Davis;Koby Brea,Kevin Durant;Jabari Smith Jr.;Alperen Şengün;Reed Sheppard;Tari Eason;Steven Adams;Josh Okogie;Dorian Finney-Smith;Aaron Holiday;Clint Capela;Tristen Newton;Jae'Sean Tate;JD Davison;Isaiah Crawford;Jeff Green
2026,Charlotte Hornets,Oklahoma City Thunder,124,97,Miles Bridges;Brandon Miller;LaMelo Ball;Moussa Diabaté;Sion James;Collin Sexton;Ryan Kalkbrenner;Grant Williams;Coby White;KJ Simpson;Josh Green;PJ Hall;Tidjane Salaün;Tre Mann;Liam McNeeley;Drew Peterson;Mason Plumlee;Pat Connaughton;Antonio Reeves;Xavier Tillman Sr.,Chet Holmgren;Jalen Williams;Luguentz Dort;Cason Wallace;Ajay Mitchell;Isaiah Hartenstein;Aaron Wiggins;Isaiah Joe;Jaylin Williams;Alex Caruso;Jared McCain;Nikola Topić;Payton Sandfort;Kenrich Williams;Branden Carlson;Ousmane Dieng;Brooks Barnhizer;Chris Youngblood;Buddy Boeheim
2026,Denver Nuggets,Philadelphia 76ers,125,124,Nikola Jokić;Christian Braun;Cameron Johnson;Peyton Watson;Aaron Gordon;Tim Hardaway Jr.;Bruce Brown;Spencer Jones;Jalen Pickett;Julian Strawther;David Roddy;Jonas Valančiūnas;Zeke Nnaji;Curtis Jones;Tyus Jones;DaRon Holmes;Hunter Tyson;KJ Simpson,VJ Edgecombe;Joel Embiid;Kelly Oubre Jr.;Paul George;Quentin Grimes;Dominick Barlow;Andre Drummond;Adem Bona;Cameron Payne;Jared McCain;Trendon Watford;Justin Edwards;MarJon Beauchamp;Dalen Terry;Eric Gordon;Jabari Walker;Tyrese Martin;Kyle Lowry;Johni Broome;Charles Bassey;Hunter Sallis;Patrick Baldwin Jr.
2026,Golden State Warriors,Los Angeles Clippers,102,103,Stephen Curry;Brandin Podziemski;Draymond Green;Moses Moody;Jonathan Kuminga;Kristaps Porziņģis;De'Anthony Melton;Al Horford;Gui Santos;Charles Bassey;Will Richard;Pat Spencer;Buddy Hield;Quinten Post;Nate Williams;LJ Cryer;Gary Payton II;Seth Curry;Omer Yurtseven;Trayce Jackson-Davis;Malevy Leons,Kawhi Leonard;Ivica Zubac;Darius Garland;Bennedict Mathurin;Kris Dunn;John Collins;Derrick Jones Jr.;Jordan Miller;Brook Lopez;Bradley Beal;Kobe Sanders;Bogdan Bogdanović;Nicolas Batum;Isaiah Jackson;Chris Paul;Yanic Konan Niederhäuser;Cam Christie;Kobe Brown;Patrick Baldwin Jr.;TyTy Washington Jr.;Dalano Banton;Sean Pedulla;Norchad Omier;RayJ Dennis;Jahmyl Telfort
2026,Utah Jazz,Portland Trail Blazers,117,137,Andersson Garcia;Keyonte George;Bez Mbeng;Kennedy Chandler;Walker Kessler;Ace Bailey;Jusuf Nurkić;John Konchar;Isaiah Collier;Hayden Gray;Cody Williams;Jaren Jackson Jr.;Brice Sensabaugh;Kyle Filipowski;Svi Mykhailiuk;Elijah Harkless;Blake Hinson;Kyle Anderson;Mo Bamba;Walter Clayton;Kevin Love;Oscar Tshiebwe;Taylor Hendricks;Vince Williams Jr.,Deni Avdija;Jerami Grant;Shaedon Sharpe;Jrue Holiday;Donovan Clingan;Scoot Henderson;Kris Murray;Caleb Love;Vít Krejčí;Sidy Cissoko;Robert Williams;Matisse Thybulle;Rayan Rupert;Blake Wesley;Duop Reath;Yang Hansen;Chris Youngblood;Javonte Cooke;Jayson Kent
2026,Cleveland Cavaliers,Indiana Pacers,120,116,Donovan Mitchell;Evan Mobley;Darius Garland;Jarrett Allen;Jaylon Tyson;Sam Merrill;De'Andre Hunter;Keon Ellis;Max Strus;Dean Wade;Dennis Schröder;Lonzo Ball;Craig Porter Jr.;Nae'Qwan Tomlin;Larry Nance Jr.;Thomas Bryant;Tyrese Proctor;Olivier Sarr;Tristan Enaruna;Luke Travers;Riley Minix;Chris Livingston;Darius Brown II,Bennedict Mathurin;Andrew Nembhard;Aaron Nesmith;Jarace Walker;Kobe Brown;Jalen Slawson;Ivica Zubac;Ben Sheppard;Jay Huff;Ethan Thompson;Micah Potter;Johnny Furphy;Quenton Jackson;Obi Toppin;Jeremiah Robinson-Earl;T.J. McConnell;Isaiah Jackson;Kam Jones;James Wiseman;Cody Martin;Garrison Mathews;Taelon Peter;RayJ Dennis;Mac McClung;Tony Bradley;Monte Morris
2026,Orlando Magic,Washington Wizards,112,120,Desmond Bane;Franz Wagner;Anthony Black;Wendell Carter Jr.;Jalen Suggs;Tristan Da Silva;Jevon Carter;Tyus Jones;Goga Bitadze;Noah Penda;Jett Howard;Jamal Cain;Moritz Wagner;Jase Richardson;Jonathan Isaac;Orlando Robinson;Alex Morales;Colin Castleton,CJ McCollum;Kyshawn George;Leaky Black;Bub Carrington;Alex Sarr;Bilal Coulibaly;Alondes Williams;Khris Middleton;Tre Johnson;Kadary Richmond;Will Riley;Trae Young;Jamir Watkins;Jaden Hardy;Justin Champagnie;Corey Kispert;Marvin Bagley III;Anthony Gill;Sharife Cooper;Cam Whitmore;Keshon Gilbert;Tristan Vukcevic;Skal Labissière;Malaki Branham;AJ Johnson
2026,San Antonio Spurs,Memphis Grizzlies,105,106,Devin Vassell;Stephon Castle;Victor Wembanyama;Julian Champagnie;Harrison Barnes;Keldon Johnson;Dylan Harper;Luke Kornet;Jeremy Sochan;Carter Bryant;Kelly Olynyk;Mason Plumlee;Lindy Waters III;Jordan McLaughlin;David Jones García;Bismack Biyombo;Harrison Ingram;Stanley Umude;Riley Minix,Lucas Williamson;Rayan Rupert;Jaren Jackson Jr.;Dariq Whitehead;Adama-Alpha Bal;Ja Morant;Santi Aldama;Jaylen Wells;Zach Edey;Cedric Coward;Tyler Burton;Walter Clayton;Lawson Lovering;Taylor Hendricks;Cam Spencer;Jock Landale;Ty Jerome;Kyle Anderson;Jahmai Mashack;Vince Williams Jr.;GG Jackson II;Kentavious Caldwell-Pope;Scotty Pippen Jr.;DeJon Jarreau;Javon Small;Olivier-Maxence Prosper;Christian Koloko;Charles Bassey;John Konchar;Brandon Clarke;Taj Gibson;PJ Hall
2026,Miami Heat,Minnesota Timberwolves,94,122,Tyler Herro;Andrew Wiggins;Norman Powell;Davion Mitchell;Jaime Jaquez Jr.;Pelle Larsson;Kel'el Ware;Kasparas Jakučionis;Nikola Jović;Simone Fontecchio;Dru Smith;Myron Gardner;Keshad Johnson;Jahmir Young;Vladislav Goldin;Trevor Keels,Julius Randle;Jaden McDaniels;Rudy Gobert;Donte DiVincenzo;Ayo Dosunmu;Naz Reid;Kyle Anderson;Mike Conley;Bones Hyland;Jaylen Clark;Terrence Shannon Jr.;Rob Dillingham;Enrique Freeman;Zyon Pullin;Joan Beringer;Julian Phillips;Rocco Zikarsky;Joe Ingles;Leonard Miller;Johnny Juzang
2026,Los Angeles Lakers,New Orleans Pelicans,111,103,Austin Reaves;LeBron James;Marcus Smart;Rui Hachimura;Deandre Ayton;Jake LaRavia;Luke Kennard;Gabe Vincent;Jaxson Hayes;Jarred Vanderbilt;Nick Smith Jr.;Maxi Kleber;Dalton Knecht;Bronny James;Drew Timme;Kobe Bufkin;Adou Thiero;Chris Mañon;Christian Koloko,Saddiq Bey;Zion Williamson;Herbert Jones;Dejounte Murray;Josh Oduro;Jeremiah Fears;Derik Queen;Jordan Poole;Jose Alvarado;Bryce McGowens;Yves Missi;DeAndre Jordan;Micah Peavy;Karlo Matković;Kevon Looney;Jordan Hawkins;Trey Alexander;Hunter Dickinson
2026,Dallas Mavericks,Sacramento Kings,100,98,Anthony Davis;P.J. Washington;Naji Marshall;Max Christie;Brandon Williams;Klay Thompson;Daniel Gafford;Marvin Bagley III;Khris Middleton;Ryan Nembhard;John Poulakidas;D'Angelo Russell;Tyus Jones;Dereck Lively II;Caleb Martin;Dwight Powell;Moussa Cisse;Tyler Smith;Jaden Hardy;Jeremiah Robinson-Earl;AJ Johnson;Miles Kelly,Zach LaVine;DeMar DeRozan;Domantas Sabonis;Russell Westbrook;Maxime Raynaud;Daeqwon Plowden;Dennis Schröder;De'Andre Hunter;Nique Clifford;Precious Achiuwa;Malik Monk;Dylan Cardwell;DaQuan Jeffries;Devin Carter;Killian Hayes;Keon Ellis;Doug McDermott;Patrick Baldwin Jr.;Isaiah Stevens;Drew Eubanks;Dario Šarić;Isaac Jones
2026,Denver Nuggets,Boston Celtics,114,110,Nikola Jokić;Christian Braun;Cameron Johnson;Peyton Watson;Aaron Gordon;Tim Hardaway Jr.;Bruce Brown;Spencer Jones;Jalen Pickett;Julian Strawther;David Roddy;Jonas Valančiūnas;Zeke Nnaji;Curtis Jones;Tyus Jones;DaRon Holmes;Hunter Tyson;KJ Simpson,Derrick White;Jayson Tatum;Payton Pritchard;Neemias Queta;Sam Hauser;Anfernee Simons;Nikola Vučević;Baylor Scheierman;Jordan Walsh;Luka Garza;Josh Minott;Hugo González;Dalano Banton;Ron Harper Jr.;Chris Boucher;Xavier Tillman Sr.;John Tonje;Amari Williams;Charles Bassey;Max Shulga
2026,Toronto Raptors,Charlotte Hornets,97,96,Scottie Barnes;Immanuel Quickley;RJ Barrett;Jakob Poeltl;Jamal Shead;Collin Murray-Boyles;Sandro Mamukelashvili;Ja'Kobe Walter;Ochai Agbaji;Gradey Dick;A.J. Lawson;Jamison Battle;Markelle Fultz;Chucky Hepburn;Alijah Martin;Jonathan Mogbo;Trayce Jackson-Davis;Garrett Temple;Mo Bamba,Miles Bridges;Brandon Miller;LaMelo Ball;Moussa Diabaté;Sion James;Collin Sexton;Ryan Kalkbrenner;Grant Williams;Coby White;KJ Simpson;Josh Green;PJ Hall;Tidjane Salaün;Tre Mann;Liam McNeeley;Drew Peterson;Mason Plumlee;Pat Connaughton;Antonio Reeves;Xavier Tillman Sr.
2026,Chicago Bulls,Detroit Pistons,93,108,Nikola Vučević;Matas Buzelis;Coby White;Jaden Ivey;Anfernee Simons;Tre Jones;Isaac Okoro;Ayo Dosunmu;Collin Sexton;Guerschon Yabusele;Kevin Huerter;Leonard Miller;Mouhamadou Gueye;Nick Richards;Rob Dillingham;Jalen Smith;Patrick Williams;Zach Collins;Mac McClung;Yuki Kawamura;Dalen Terry;Jevon Carter;Julian Phillips;Lachlan Olbrich;Emanuel Miller;Trentyn Flowers;Noa Essengue,Jalen Duren;Tobias Harris;Duncan Robinson;Ausar Thompson;Isaiah Stewart;Kevin Huerter;Daniss Jenkins;Ron Holland;Caris LeVert;Javonte Green;Jaden Ivey;Paul Reed;Marcus Sasser;Wendell Moore Jr.;Tolu Smith;Chaz Lanier;Colby Jones;Bobi Klintman;Isaac Jones
2026,Washington Wizards,Philadelphia 76ers,110,131,CJ McCollum;Kyshawn George;Leaky Black;Bub Carrington;Alex Sarr;Bilal Coulibaly;Alondes Williams;Khris Middleton;Tre Johnson;Kadary Richmond;Will Riley;Trae Young;Jamir Watkins;Jaden Hardy;Justin Champagnie;Corey Kispert;Marvin Bagley III;Anthony Gill;Sharife Cooper;Cam Whitmore;Keshon Gilbert;Tristan Vukcevic;Skal Labissière;Malaki Branham;AJ Johnson,VJ Edgecombe;Joel Embiid;Kelly Oubre Jr.;Paul George;Quentin Grimes;Dominick Barlow;Andre Drummond;Adem Bona;Cameron Payne;Jared McCain;Trendon Watford;Justin Edwards;MarJon Beauchamp;Dalen Terry;Eric Gordon;Jabari Walker;Tyrese Martin;Kyle Lowry;Johni Broome;Charles Bassey;Hunter Sallis;Patrick Baldwin Jr.
2026,New Orleans Pelicans,Atlanta Hawks,100,117,Saddiq Bey;Zion Williamson;Herbert Jones;Dejounte Murray;Josh Oduro;Jeremiah Fears;Derik Queen;Jordan Poole;Jose Alvarado;Bryce McGowens;Yves Missi;DeAndre Jordan;Micah Peavy;Karlo Matković;Kevon Looney;Jordan Hawkins;Trey Alexander;Hunter Dickinson,Nickeil Alexander-Walker;Dyson Daniels;Onyeka Okongwu;CJ McCollum;Trae Young;Keshon Gilbert;Kristaps Porziņģis;Zaccharie Risacher;Vít Krejčí;Jonathan Kuminga;Luke Kennard;Jock Landale;Corey Kispert;Mouhamed Gueye;Gabe Vincent;Asa Newell;RayJ Dennis;Tony Bradley;Christian Koloko;Keaton Wallace;Buddy Hield;Caleb Houstan;N'Faly Dante;Jacob Toppin
2026,Orlando Magic,Brooklyn Nets,104,103,Desmond Bane;Franz Wagner;Anthony Black;Wendell Carter Jr.;Jalen Suggs;Tristan Da Silva;Jevon Carter;Tyus Jones;Goga Bitadze;Noah Penda;Jett Howard;Jamal Cain;Moritz Wagner;Jase Richardson;Jonathan Isaac;Orlando Robinson;Alex Morales;Colin Castleton,Tre Scott;Nic Claxton;Noah Clowney;Egor Dёmin;Terance Mann;Cam Thomas;Malachi Smith;Ziaire Williams;Nolan Traoré;Drake Powell;Danny Wolf;Ben Saraf;Chaney Johnson;Josh Minott;Tyrese Martin;Day'Ron Sharpe;Ochai Agbaji;Jalen Wilson;Tyson Etienne;E.J. Liddell;Grant Nelson
2026,Los Angeles Clippers,New York Knicks,111,123,Kawhi Leonard;Ivica Zubac;Darius Garland;Bennedict Mathurin;Kris Dunn;John Collins;Derrick Jones Jr.;Jordan Miller;Brook Lopez;Bradley Beal;Kobe Sanders;Bogdan Bogdanović;Nicolas Batum;Isaiah Jackson;Chris Paul;Yanic Konan Niederhäuser;Cam Christie;Kobe Brown;Patrick Baldwin Jr.;TyTy Washington Jr.;Dalano Banton;Sean Pedulla;Norchad Omier;RayJ Dennis;Jahmyl Telfort,OG Anunoby;Mikal Bridges;Karl-Anthony Towns;Josh Hart;Miles McBride;Landry Shamet;Mitchell Robinson;Jordan Clarkson;Jose Alvarado;Tyler Kolek;Mohamed Diawara;Ariel Hukporti;Guerschon Yabusele;Kevin McCullar Jr.;Jeremy Sochan;Trey Jemison;Dillon Jones;Pacôme Dadiet;Tosan Evbuomwan
2026,Phoenix Suns,Memphis Grizzlies,117,98,Dillon Brooks;Grayson Allen;Collin Gillespie;Royce O'Neale;Jalen Green;Mark Williams;Jordan Goodwin;Oso Ighodaro;Ryan Dunn;Amir Coffey;Jamaree Bouyea;Haywood Highsmith;Rasheer Fleming;CJ Huntley;Isaiah Livers;Nick Richards;Khaman Maluach;Nigel Hayes-Davis;Koby Brea,Lucas Williamson;Rayan Rupert;Jaren Jackson Jr.;Dariq Whitehead;Adama-Alpha Bal;Ja Morant;Santi Aldama;Jaylen Wells;Zach Edey;Cedric Coward;Tyler Burton;Walter Clayton;Lawson Lovering;Taylor Hendricks;Cam Spencer;Jock Landale;Ty Jerome;Kyle Anderson;Jahmai Mashack;Vince Williams Jr.;GG Jackson II;Kentavious Caldwell-Pope;Scotty Pippen Jr.;DeJon Jarreau;Javon Small;Olivier-Maxence Prosper;Christian Koloko;Charles Bassey;John Konchar;Brandon Clarke;Taj Gibson;PJ Hall
2026,Utah Jazz,Oklahoma City Thunder,125,129,Andersson Garcia;Keyonte George;Bez Mbeng;Kennedy Chandler;Walker Kessler;Ace Bailey;Jusuf Nurkić;John Konchar;Isaiah Collier;Hayden Gray;Cody Williams;Jaren Jackson Jr.;Brice Sensabaugh;Kyle Filipowski;Svi Mykhailiuk;Elijah Harkless;Blake Hinson;Kyle Anderson;Mo Bamba;Walter Clayton;Kevin Love;Oscar Tshiebwe;Taylor Hendricks;Vince Williams Jr.,Chet Holmgren;Jalen Williams;Luguentz Dort;Cason Wallace;Ajay Mitchell;Isaiah Hartenstein;Aaron Wiggins;Isaiah Joe;Jaylin Williams;Alex Caruso;Jared McCain;Nikola Topić;Payton Sandfort;Kenrich Williams;Branden Carlson;Ousmane Dieng;Brooks Barnhizer;Chris Youngblood;Buddy Boeheim
2026,Los Angeles Lakers,San Antonio Spurs,91,107,Austin Reaves;LeBron James;Marcus Smart;Rui Hachimura;Deandre Ayton;Jake LaRavia;Luke Kennard;Gabe Vincent;Jaxson Hayes;Jarred Vanderbilt;Nick Smith Jr.;Maxi Kleber;Dalton Knecht;Bronny James;Drew Timme;Kobe Bufkin;Adou Thiero;Chris Mañon;Christian Koloko,Devin Vassell;Stephon Castle;Victor Wembanyama;Julian Champagnie;Harrison Barnes;Keldon Johnson;Dylan Harper;Luke Kornet;Jeremy Sochan;Carter Bryant;Kelly Olynyk;Mason Plumlee;Lindy Waters III;Jordan McLaughlin;David Jones García;Bismack Biyombo;Harrison Ingram;Stanley Umude;Riley Minix
2026,Milwaukee Bucks,Golden State Warriors,113,120,Ryan Rollins;A.J. Green;Giannis Antetokounmpo;Myles Turner;Ousmane Dieng;Kyle Kuzma;Cormac Ryan;Bobby Portis;Taurean Prince;Gary Trent Jr.;Jericho Sims;Cam Thomas;Pete Nance;Cole Anthony;Gary Harris;Amir Coffey;Andre Jackson Jr.;Thanasis Antetokounmpo;Mark Sears;Alex Antetokounmpo,Stephen Curry;Brandin Podziemski;Draymond Green;Moses Moody;Jonathan Kuminga;Kristaps Porziņģis;De'Anthony Melton;Al Horford;Gui Santos;Charles Bassey;Will Richard;Pat Spencer;Buddy Hield;Quinten Post;Nate Williams;LJ Cryer;Gary Payton II;Seth Curry;Omer Yurtseven;Trayce Jackson-Davis;Malevy Leons
2026,Houston Rockets,Portland Trail Blazers,102,103,Kevin Durant;Jabari Smith Jr.;Alperen Şengün;Reed Sheppard;Tari Eason;Steven Adams;Josh Okogie;Dorian Finney-Smith;Aaron Holiday;Clint Capela;Tristen Newton;Jae'Sean Tate;JD Davison;Isaiah Crawford;Jeff Green,Deni Avdija;Jerami Grant;Shaedon Sharpe;Jrue Holiday;Donovan Clingan;Scoot Henderson;Kris Murray;Caleb Love;Vít Krejčí;Sidy Cissoko;Robert Williams;Matisse Thybulle;Rayan Rupert;Blake Wesley;Duop Reath;Yang Hansen;Chris Youngblood;Javonte Cooke;Jayson Kent
2026,Indiana Pacers,Charlotte Hornets,114,112,Bennedict Mathurin;Andrew Nembhard;Aaron Nesmith;Jarace Walker;Kobe Brown;Jalen Slawson;Ivica Zubac;Ben Sheppard;Jay Huff;Ethan Thompson;Micah Potter;Johnny Furphy;Quenton Jackson;Obi Toppin;Jeremiah Robinson-Earl;T.J. McConnell;Isaiah Jackson;Kam Jones;James Wiseman;Cody Martin;Garrison Mathews;Taelon Peter;RayJ Dennis;Mac McClung;Tony Bradley;Monte Morris,Miles Bridges;Brandon Miller;LaMelo Ball;Moussa Diabaté;Sion James;Collin Sexton;Ryan Kalkbrenner;Grant Williams;Coby White;KJ Simpson;Josh Green;PJ Hall;Tidjane Salaün;Tre Mann;Liam McNeeley;Drew Peterson;Mason Plumlee;Pat Connaughton;Antonio Reeves;Xavier Tillman Sr.
2026,Cleveland Cavaliers,Minnesota Timberwolves,122,131,Donovan Mitchell;Evan Mobley;Darius Garland;Jarrett Allen;Jaylon Tyson;Sam Merrill;De'Andre Hunter;Keon Ellis;Max Strus;Dean Wade;Dennis Schröder;Lonzo Ball;Craig Porter Jr.;Nae'Qwan Tomlin;Larry Nance Jr.;Thomas Bryant;Tyrese Proctor;Olivier Sarr;Tristan Enaruna;Luke Travers;Riley Minix;Chris Livingston;Darius Brown II,Julius Randle;Jaden McDaniels;Rudy Gobert;Donte DiVincenzo;Ayo Dosunmu;Naz Reid;Kyle Anderson;Mike Conley;Bones Hyland;Jaylen Clark;Terrence Shannon Jr.;Rob Dillingham;Enrique Freeman;Zyon Pullin;Joan Beringer;Julian Phillips;Rocco Zikarsky;Joe Ingles;Leonard Miller;Johnny Juzang
2026,Dallas Mavericks,Utah Jazz,114,116,Anthony Davis;P.J. Washington;Naji Marshall;Max Christie;Brandon Williams;Klay Thompson;Daniel Gafford;Marvin Bagley III;Khris Middleton;Ryan Nembhard;John Poulakidas;D'Angelo Russell;Tyus Jones;Dereck Lively II;Caleb Martin;Dwight Powell;Moussa Cisse;Tyler Smith;Jaden Hardy;Jeremiah Robinson-Earl;AJ Johnson;Miles Kelly,Andersson Garcia;Keyonte George;Bez Mbeng;Kennedy Chandler;Walker Kessler;Ace Bailey;Jusuf Nurkić;John Konchar;Isaiah Collier;Hayden Gray;Cody Williams;Jaren Jackson Jr.;Brice Sensabaugh;Kyle Filipowski;Svi Mykhailiuk;Elijah Harkless;Blake Hinson;Kyle Anderson;Mo Bamba;Walter Clayton;Kevin Love;Oscar Tshiebwe;Taylor Hendricks;Vince Williams Jr.
2026,Toronto Raptors,Boston Celtics,117,125,Scottie Barnes;Immanuel Quickley;RJ Barrett;Jakob Poeltl;Jamal Shead;Collin Murray-Boyles;Sandro Mamukelashvili;Ja'Kobe Walter;Ochai Agbaji;Gradey Dick;A.J. Lawson;Jamison Battle;Markelle Fultz;Chucky Hepburn;Alijah Martin;Jonathan Mogbo;Trayce Jackson-Davis;Garrett Temple;Mo Bamba,Derrick White;Jayson Tatum;Payton Pritchard;Neemias Queta;Sam Hauser;Anfernee Simons;Nikola Vučević;Baylor Scheierman;Jordan Walsh;Luka Garza;Josh Minott;Hugo González;Dalano Banton;Ron Harper Jr.;Chris Boucher;Xavier Tillman Sr.;John Tonje;Amari Williams;Charles Bassey;Max Shulga
2026,Philadelphia 76ers,Orlando Magic,103,91,VJ Edgecombe;Joel Embiid;Kelly Oubre Jr.;Paul George;Quentin Grimes;Dominick Barlow;Andre Drummond;Adem Bona;Cameron Payne;Jared McCain;Trendon Watford;Justin Edwards;MarJon Beauchamp;Dalen Terry;Eric Gordon;Jabari Walker;Tyrese Martin;Kyle Lowry;Johni Broome;Charles Bassey;Hunter Sallis;Patrick Baldwin Jr.,Desmond Bane;Franz Wagner;Anthony Black;Wendell Carter Jr.;Jalen Suggs;Tristan Da Silva;Jevon Carter;Tyus Jones;Goga Bitadze;Noah Penda;Jett Howard;Jamal Cain;Moritz Wagner;Jase Richardson;Jonathan Isaac;Orlando Robinson;Alex Morales;Colin Castleton
2026,New Orleans Pelicans,Washington Wizards,128,107,Saddiq Bey;Zion Williamson;Herbert Jones;Dejounte Murray;Josh Oduro;Jeremiah Fears;Derik Queen;Jordan Poole;Jose Alvarado;Bryce McGowens;Yves Missi;DeAndre Jordan;Micah Peavy;Karlo Matković;Kevon Looney;Jordan Hawkins;Trey Alexander;Hunter Dickinson,CJ McCollum;Kyshawn George;Leaky Black;Bub Carrington;Alex Sarr;Bilal Coulibaly;Alondes Williams;Khris Middleton;Tre Johnson;Kadary Richmond;Will Riley;Trae Young;Jamir Watkins;Jaden Hardy;Justin Champagnie;Corey Kispert;Marvin Bagley III;Anthony Gill;Sharife Cooper;Cam Whitmore;Keshon Gilbert;Tristan Vukcevic;Skal Labissière;Malaki Branham;AJ Johnson
2026,Los Angeles Clippers,Brooklyn Nets,121,105,Kawhi Leonard;Ivica Zubac;Darius Garland;Bennedict Mathurin;Kris Dunn;John Collins;Derrick Jones Jr.;Jordan Miller;Brook Lopez;Bradley Beal;Kobe Sanders;Bogdan Bogdanović;Nicolas Batum;Isaiah Jackson;Chris Paul;Yanic Konan Niederhäuser;Cam Christie;Kobe Brown;Patrick Baldwin Jr.;TyTy Washington Jr.;Dalano Banton;Sean Pedulla;Norchad Omier;RayJ Dennis;Jahmyl Telfort,Tre Scott;Nic Claxton;Noah Clowney;Egor Dёmin;Terance Mann;Cam Thomas;Malachi Smith;Ziaire Williams;Nolan Traoré;Drake Powell;Danny Wolf;Ben Saraf;Chaney Johnson;Josh Minott;Tyrese Martin;Day'Ron Sharpe;Ochai Agbaji;Jalen Wilson;Tyson Etienne;E.J. Liddell;Grant Nelson
2026,Oklahoma City Thunder,Memphis Grizzlies,117,116,Chet Holmgren;Jalen Williams;Luguentz Dort;Cason Wallace;Ajay Mitchell;Isaiah Hartenstein;Aaron Wiggins;Isaiah Joe;Jaylin Williams;Alex Caruso;Jared McCain;Nikola Topić;Payton Sandfort;Kenrich Williams;Branden Carlson;Ousmane Dieng;Brooks Barnhizer;Chris Youngblood;Buddy Boeheim,Lucas Williamson;Rayan Rupert;Jaren Jackson Jr.;Dariq Whitehead;Adama-Alpha Bal;Ja Morant;Santi Aldama;Jaylen Wells;Zach Edey;Cedric Coward;Tyler Burton;Walter Clayton;Lawson Lovering;Taylor Hendricks;Cam Spencer;Jock Landale;Ty Jerome;Kyle Anderson;Jahmai Mashack;Vince Williams Jr.;GG Jackson II;Kentavious Caldwell-Pope;Scotty Pippen Jr.;DeJon Jarreau;Javon Small;Olivier-Maxence Prosper;Christian Koloko;Charles Bassey;John Konchar;Brandon Clarke;Taj Gibson;PJ Hall
2026,Atlanta Hawks,Denver Nuggets,110,87,Nickeil Alexander-Walker;Dyson Daniels;Onyeka Okongwu;CJ McCollum;Trae Young;Keshon Gilbert;Kristaps Porziņģis;Zaccharie Risacher;Vít Krejčí;Jonathan Kuminga;Luke Kennard;Jock Landale;Corey Kispert;Mouhamed Gueye;Gabe Vincent;Asa Newell;RayJ Dennis;Tony Bradley;Christian Koloko;Keaton Wallace;Buddy Hield;Caleb Houstan;N'Faly Dante;Jacob Toppin,Nikola Jokić;Christian Braun;Cameron Johnson;Peyton Watson;Aaron Gordon;Tim Hardaway Jr.;Bruce Brown;Spencer Jones;Jalen Pickett;Julian Strawther;David Roddy;Jonas Valančiūnas;Zeke Nnaji;Curtis Jones;Tyus Jones;DaRon Holmes;Hunter Tyson;KJ Simpson
2026,New York Knicks,Phoenix Suns,107,112,OG Anunoby;Mikal Bridges;Karl-Anthony Towns;Josh Hart;Miles McBride;Landry Shamet;Mitchell Robinson;Jordan Clarkson;Jose Alvarado;Tyler Kolek;Mohamed Diawara;Ariel Hukporti;Guerschon Yabusele;Kevin McCullar Jr.;Jeremy Sochan;Trey Jemison;Dillon Jones;Pacôme Dadiet;Tosan Evbuomwan,Dillon Brooks;Grayson Allen;Collin Gillespie;Royce O'Neale;Jalen Green;Mark Williams;Jordan Goodwin;Oso Ighodaro;Ryan Dunn;Amir Coffey;Jamaree Bouyea;Haywood Highsmith;Rasheer Fleming;CJ Huntley;Isaiah Livers;Nick Richards;Khaman Maluach;Nigel Hayes-Davis;Koby Brea
2026,Sacramento Kings,Golden State Warriors,103,137,Zach LaVine;DeMar DeRozan;Domantas Sabonis;Russell Westbrook;Maxime Raynaud;Daeqwon Plowden;Dennis Schröder;De'Andre Hunter;Nique Clifford;Precious Achiuwa;Malik Monk;Dylan Cardwell;DaQuan Jeffries;Devin Carter;Killian Hayes;Keon Ellis;Doug McDermott;Patrick Baldwin Jr.;Isaiah Stevens;Drew Eubanks;Dario Šarić;Isaac Jones,Stephen Curry;Brandin Podziemski;Draymond Green;Moses Moody;Jonathan Kuminga;Kristaps Porziņģis;De'Anthony Melton;Al Horford;Gui Santos;Charles Bassey;Will Richard;Pat Spencer;Buddy Hield;Quinten Post;Nate Williams;LJ Cryer;Gary Payton II;Seth Curry;Omer Yurtseven;Trayce Jackson-Davis;Malevy Leons
2026,Houston Rockets,Portland Trail Blazers,105,111,Kevin Durant;Jabari Smith Jr.;Alperen Şengün;Reed Sheppard;Tari Eason;Steven Adams;Josh Okogie;Dorian Finney-Smith;Aaron Holiday;Clint Capela;Tristen Newton;Jae'Sean Tate;JD Davison;Isaiah Crawford;Jeff Green,Deni Avdija;Jerami Grant;Shaedon Sharpe;Jrue Holiday;Donovan Clingan;Scoot Henderson;Kris Murray;Caleb Love;Vít Krejčí;Sidy Cissoko;Robert Williams;Matisse Thybulle;Rayan Rupert;Blake Wesley;Duop Reath;Yang Hansen;Chris Youngblood;Javonte Cooke;Jayson Kent
2026,Milwaukee Bucks,Los Angeles Lakers,105,101,Ryan Rollins;A.J. Green;Giannis Antetokounmpo;Myles Turner;Ousmane Dieng;Kyle Kuzma;Cormac Ryan;Bobby Portis;Taurean Prince;Gary Trent Jr.;Jericho Sims;Cam Thomas;Pete Nance;Cole Anthony;Gary Harris;Amir Coffey;Andre Jackson Jr.;Thanasis Antetokounmpo;Mark Sears;Alex Antetokounmpo,Austin Reaves;LeBron James;Marcus Smart;Rui Hachimura;Deandre Ayton;Jake LaRavia;Luke Kennard;Gabe Vincent;Jaxson Hayes;Jarred Vanderbilt;Nick Smith Jr.;Maxi Kleber;Dalton Knecht;Bronny James;Drew Timme;Kobe Bufkin;Adou Thiero;Chris Mañon;Christian Koloko
2026,Minnesota Timberwolves,Cleveland Cavaliers,134,146,Julius Randle;Jaden McDaniels;Rudy Gobert;Donte DiVincenzo;Ayo Dosunmu;Naz Reid;Kyle Anderson;Mike Conley;Bones Hyland;Jaylen Clark;Terrence Shannon Jr.;Rob Dillingham;Enrique Freeman;Zyon Pullin;Joan Beringer;Julian Phillips;Rocco Zikarsky;Joe Ingles;Leonard Miller;Johnny Juzang,Donovan Mitchell;Evan Mobley;Darius Garland;Jarrett Allen;Jaylon Tyson;Sam Merrill;De'Andre Hunter;Keon Ellis;Max Strus;Dean Wade;Dennis Schröder;Lonzo Ball;Craig Porter Jr.;Nae'Qwan Tomlin;Larry Nance Jr.;Thomas Bryant;Tyrese Proctor;Olivier Sarr;Tristan Enaruna;Luke Travers;Riley Minix;Chris Livingston;Darius Brown II
2026,Miami Heat,Indiana Pacers,99,123,Tyler Herro;Andrew Wiggins;Norman Powell;Davion Mitchell;Jaime Jaquez Jr.;Pelle Larsson;Kel'el Ware;Kasparas Jakučionis;Nikola Jović;Simone Fontecchio;Dru Smith;Myron Gardner;Keshad Johnson;Jahmir Young;Vladislav Goldin;Trevor Keels,Bennedict Mathurin;Andrew Nembhard;Aaron Nesmith;Jarace Walker;Kobe Brown;Jalen Slawson;Ivica Zubac;Ben Sheppard;Jay Huff;Ethan Thompson;Micah Potter;Johnny Furphy;Quenton Jackson;Obi Toppin;Jeremiah Robinson-Earl;T.J. McConnell;Isaiah Jackson;Kam Jones;James Wiseman;Cody Martin;Garrison Mathews;Taelon Peter;RayJ Dennis;Mac McClung;Tony Bradley;Monte Morris
2026,Los Angeles Clippers,Detroit Pistons,98,92,Kawhi Leonard;Ivica Zubac;Darius Garland;Bennedict Mathurin;Kris Dunn;John Collins;Derrick Jones Jr.;Jordan Miller;Brook Lopez;Bradley Beal;Kobe Sanders;Bogdan Bogdanović;Nicolas Batum;Isaiah Jackson;Chris Paul;Yanic Konan Niederhäuser;Cam Christie;Kobe Brown;Patrick Baldwin Jr.;TyTy Washington Jr.;Dalano Banton;Sean Pedulla;Norchad Omier;RayJ Dennis;Jahmyl Telfort,Jalen Duren;Tobias Harris;Duncan Robinson;Ausar Thompson;Isaiah Stewart;Kevin Huerter;Daniss Jenkins;Ron Holland;Caris LeVert;Javonte Green;Jaden Ivey;Paul Reed;Marcus Sasser;Wendell Moore Jr.;Tolu Smith;Chaz Lanier;Colby Jones;Bobi Klintman;Isaac Jones
2026,San Antonio Spurs,Boston Celtics,100,95,Devin Vassell;Stephon Castle;Victor Wembanyama;Julian Champagnie;Harrison Barnes;Keldon Johnson;Dylan Harper;Luke Kornet;Jeremy Sochan;Carter Bryant;Kelly Olynyk;Mason Plumlee;Lindy Waters III;Jordan McLaughlin;David Jones García;Bismack Biyombo;Harrison Ingram;Stanley Umude;Riley Minix,Derrick White;Jayson Tatum;Payton Pritchard;Neemias Queta;Sam Hauser;Anfernee Simons;Nikola Vučević;Baylor Scheierman;Jordan Walsh;Luka Garza;Josh Minott;Hugo González;Dalano Banton;Ron Harper Jr.;Chris Boucher;Xavier Tillman Sr.;John Tonje;Amari Williams;Charles Bassey;Max Shulga
2026,Dallas Mavericks,Chicago Bulls,107,125,Anthony Davis;P.J. Washington;Naji Marshall;Max Christie;Brandon Williams;Klay Thompson;Daniel Gafford;Marvin Bagley III;Khris Middleton;Ryan Nembhard;John Poulakidas;D'Angelo Russell;Tyus Jones;Dereck Lively II;Caleb Martin;Dwight Powell;Moussa Cisse;Tyler Smith;Jaden Hardy;Jeremiah Robinson-Earl;AJ Johnson;Miles Kelly,Nikola Vučević;Matas Buzelis;Coby White;Jaden Ivey;Anfernee Simons;Tre Jones;Isaac Okoro;Ayo Dosunmu;Collin Sexton;Guerschon Yabusele;Kevin Huerter;Leonard Miller;Mouhamadou Gueye;Nick Richards;Rob Dillingham;Jalen Smith;Patrick Williams;Zach Collins;Mac McClung;Yuki Kawamura;Dalen Terry;Jevon Carter;Julian Phillips;Lachlan Olbrich;Emanuel Miller;Trentyn Flowers;Noa Essengue
2026,Charlotte Hornets,Utah Jazz,150,95,Miles Bridges;Brandon Miller;LaMelo Ball;Moussa Diabaté;Sion James;Collin Sexton;Ryan Kalkbrenner;Grant Williams;Coby White;KJ Simpson;Josh Green;PJ Hall;Tidjane Salaün;Tre Mann;Liam McNeeley;Drew Peterson;Mason Plumlee;Pat Connaughton;Antonio Reeves;Xavier Tillman Sr.,Andersson Garcia;Keyonte George;Bez Mbeng;Kennedy Chandler;Walker Kessler;Ace Bailey;Jusuf Nurkić;John Konchar;Isaiah Collier;Hayden Gray;Cody Williams;Jaren Jackson Jr.;Brice Sensabaugh;Kyle Filipowski;Svi Mykhailiuk;Elijah Harkless;Blake Hinson;Kyle Anderson;Mo Bamba;Walter Clayton;Kevin Love;Oscar Tshiebwe;Taylor Hendricks;Vince Williams Jr.
2026,New Orleans Pelicans,Orlando Magic,118,128,Saddiq Bey;Zion Williamson;Herbert Jones;Dejounte Murray;Josh Oduro;Jeremiah Fears;Derik Queen;Jordan Poole;Jose Alvarado;Bryce McGowens;Yves Missi;DeAndre Jordan;Micah Peavy;Karlo Matković;Kevon Looney;Jordan Hawkins;Trey Alexander;Hunter Dickinson,Desmond Bane;Franz Wagner;Anthony Black;Wendell Carter Jr.;Jalen Suggs;Tristan Da Silva;Jevon Carter;Tyus Jones;Goga Bitadze;Noah Penda;Jett Howard;Jamal Cain;Moritz Wagner;Jase Richardson;Jonathan Isaac;Orlando Robinson;Alex Morales;Colin Castleton
2026,Brooklyn Nets,Memphis Grizzlies,98,103,Tre Scott;Nic Claxton;Noah Clowney;Egor Dёmin;Terance Mann;Cam Thomas;Malachi Smith;Ziaire Williams;Nolan Traoré;Drake Powell;Danny Wolf;Ben Saraf;Chaney Johnson;Josh Minott;Tyrese Martin;Day'Ron Sharpe;Ochai Agbaji;Jalen Wilson;Tyson Etienne;E.J. Liddell;Grant Nelson,Lucas Williamson;Rayan Rupert;Jaren Jackson Jr.;Dariq Whitehead;Adama-Alpha Bal;Ja Morant;Santi Aldama;Jaylen Wells;Zach Edey;Cedric Coward;Tyler Burton;Walter Clayton;Lawson Lovering;Taylor Hendricks;Cam Spencer;Jock Landale;Ty Jerome;Kyle Anderson;Jahmai Mashack;Vince Williams Jr.;GG Jackson II;Kentavious Caldwell-Pope;Scotty Pippen Jr.;DeJon Jarreau;Javon Small;Olivier-Maxence Prosper;Christian Koloko;Charles Bassey;John Konchar;Brandon Clarke;Taj Gibson;PJ Hall
2026,New York Knicks,Portland Trail Blazers,123,114,OG Anunoby;Mikal Bridges;Karl-Anthony Towns;Josh Hart;Miles McBride;Landry Shamet;Mitchell Robinson;Jordan Clarkson;Jose Alvarado;Tyler Kolek;Mohamed Diawara;Ariel Hukporti;Guerschon Yabusele;Kevin McCullar Jr.;Jeremy Sochan;Trey Jemison;Dillon Jones;Pacôme Dadiet;Tosan Evbuomwan,Deni Avdija;Jerami Grant;Shaedon Sharpe;Jrue Holiday;Donovan Clingan;Scoot Henderson;Kris Murray;Caleb Love;Vít Krejčí;Sidy Cissoko;Robert Williams;Matisse Thybulle;Rayan Rupert;Blake Wesley;Duop Reath;Yang Hansen;Chris Youngblood;Javonte Cooke;Jayson Kent
2026,Philadelphia 76ers,Toronto Raptors,115,116,VJ Edgecombe;Joel Embiid;Kelly Oubre Jr.;Paul George;Quentin Grimes;Dominick Barlow;Andre Drummond;Adem Bona;Cameron Payne;Jared McCain;Trendon Watford;Justin Edwards;MarJon Beauchamp;Dalen Terry;Eric Gordon;Jabari Walker;Tyrese Martin;Kyle Lowry;Johni Broome;Charles Bassey;Hunter Sallis;Patrick Baldwin Jr.,Scottie Barnes;Immanuel Quickley;RJ Barrett;Jakob Poeltl;Jamal Shead;Collin Murray-Boyles;Sandro Mamukelashvili;Ja'Kobe Walter;Ochai Agbaji;Gradey Dick;A.J. Lawson;Jamison Battle;Markelle Fultz;Chucky Hepburn;Alijah Martin;Jonathan Mogbo;Trayce Jackson-Davis;Garrett Temple;Mo Bamba
2026,San Antonio Spurs,Minnesota Timberwolves,103,104,Devin Vassell;Stephon Castle;Victor Wembanyama;Julian Champagnie;Harrison Barnes;Keldon Johnson;Dylan Harper;Luke Kornet;Jeremy Sochan;Carter Bryant;Kelly Olynyk;Mason Plumlee;Lindy Waters III;Jordan McLaughlin;David Jones García;Bismack Biyombo;Harrison Ingram;Stanley Umude;Riley Minix,Julius Randle;Jaden McDaniels;Rudy Gobert;Donte DiVincenzo;Ayo Dosunmu;Naz Reid;Kyle Anderson;Mike Conley;Bones Hyland;Jaylen Clark;Terrence Shannon Jr.;Rob Dillingham;Enrique Freeman;Zyon Pullin;Joan Beringer;Julian Phillips;Rocco Zikarsky;Joe Ingles;Leonard Miller;Johnny Juzang
2026,Miami Heat,Oklahoma City Thunder,112,124,Tyler Herro;Andrew Wiggins;Norman Powell;Davion Mitchell;Jaime Jaquez Jr.;Pelle Larsson;Kel'el Ware;Kasparas Jakučionis;Nikola Jović;Simone Fontecchio;Dru Smith;Myron Gardner;Keshad Johnson;Jahmir Young;Vladislav Goldin;Trevor Keels,Chet Holmgren;Jalen Williams;Luguentz Dort;Cason Wallace;Ajay Mitchell;Isaiah Hartenstein;Aaron Wiggins;Isaiah Joe;Jaylin Williams;Alex Caruso;Jared McCain;Nikola Topić;Payton Sandfort;Kenrich Williams;Branden Carlson;Ousmane Dieng;Brooks Barnhizer;Chris Youngblood;Buddy Boeheim
2026,Milwaukee Bucks,Denver Nuggets,104,108,Ryan Rollins;A.J. Green;Giannis Antetokounmpo;Myles Turner;Ousmane Dieng;Kyle Kuzma;Cormac Ryan;Bobby Portis;Taurean Prince;Gary Trent Jr.;Jericho Sims;Cam Thomas;Pete Nance;Cole Anthony;Gary Harris;Amir Coffey;Andre Jackson Jr.;Thanasis Antetokounmpo;Mark Sears;Alex Antetokounmpo,Nikola Jokić;Christian Braun;Cameron Johnson;Peyton Watson;Aaron Gordon;Tim Hardaway Jr.;Bruce Brown;Spencer Jones;Jalen Pickett;Julian Strawther;David Roddy;Jonas Valančiūnas;Zeke Nnaji;Curtis Jones;Tyus Jones;DaRon Holmes;Hunter Tyson;KJ Simpson
2026,Washington Wizards,Phoenix Suns,93,112,CJ McCollum;Kyshawn George;Leaky Black;Bub Carrington;Alex Sarr;Bilal Coulibaly;Alondes Williams;Khris Middleton;Tre Johnson;Kadary Richmond;Will Riley;Trae Young;Jamir Watkins;Jaden Hardy;Justin Champagnie;Corey Kispert;Marvin Bagley III;Anthony Gill;Sharife Cooper;Cam Whitmore;Keshon Gilbert;Tristan Vukcevic;Skal Labissière;Malaki Branham;AJ Johnson,Dillon Brooks;Grayson Allen;Collin Gillespie;Royce O'Neale;Jalen Green;Mark Williams;Jordan Goodwin;Oso Ighodaro;Ryan Dunn;Amir Coffey;Jamaree Bouyea;Haywood Highsmith;Rasheer Fleming;CJ Huntley;Isaiah Livers;Nick Richards;Khaman Maluach;Nigel Hayes-Davis;Koby Brea
2026,Atlanta Hawks,Golden State Warriors,124,111,Nickeil Alexander-Walker;Dyson Daniels;Onyeka Okongwu;CJ McCollum;Trae Young;Keshon Gilbert;Kristaps Porziņģis;Zaccharie Risacher;Vít Krejčí;Jonathan Kuminga;Luke Kennard;Jock Landale;Corey Kispert;Mouhamed Gueye;Gabe Vincent;Asa Newell;RayJ Dennis;Tony Bradley;Christian Koloko;Keaton Wallace;Buddy Hield;Caleb Houstan;N'Faly Dante;Jacob Toppin,Stephen Curry;Brandin Podziemski;Draymond Green;Moses Moody;Jonathan Kuminga;Kristaps Porziņģis;De'Anthony Melton;Al Horford;Gui Santos;Charles Bassey;Will Richard;Pat Spencer;Buddy Hield;Quinten Post;Nate Williams;LJ Cryer;Gary Payton II;Seth Curry;Omer Yurtseven;Trayce Jackson-Davis;Malevy Leons
2026,Houston Rockets,Sacramento Kings,98,111,Kevin Durant;Jabari Smith Jr.;Alperen Şengün;Reed Sheppard;Tari Eason;Steven Adams;Josh Okogie;Dorian Finney-Smith;Aaron Holiday;Clint Capela;Tristen Newton;Jae'Sean Tate;JD Davison;Isaiah Crawford;Jeff Green,Zach LaVine;DeMar DeRozan;Domantas Sabonis;Russell Westbrook;Maxime Raynaud;Daeqwon Plowden;Dennis Schröder;De'Andre Hunter;Nique Clifford;Precious Achiuwa;Malik Monk;Dylan Cardwell;DaQuan Jeffries;Devin Carter;Killian Hayes;Keon Ellis;Doug McDermott;Patrick Baldwin Jr.;Isaiah Stevens;Drew Eubanks;Dario Šarić;Isaac Jones
2026,Utah Jazz,Cleveland Cavaliers,123,112,Andersson Garcia;Keyonte George;Bez Mbeng;Kennedy Chandler;Walker Kessler;Ace Bailey;Jusuf Nurkić;John Konchar;Isaiah Collier;Hayden Gray;Cody Williams;Jaren Jackson Jr.;Brice Sensabaugh;Kyle Filipowski;Svi Mykhailiuk;Elijah Harkless;Blake Hinson;Kyle Anderson;Mo Bamba;Walter Clayton;Kevin Love;Oscar Tshiebwe;Taylor Hendricks;Vince Williams Jr.,Donovan Mitchell;Evan Mobley;Darius Garland;Jarrett Allen;Jaylon Tyson;Sam Merrill;De'Andre Hunter;Keon Ellis;Max Strus;Dean Wade;Dennis Schröder;Lonzo Ball;Craig Porter Jr.;Nae'Qwan Tomlin;Larry Nance Jr.;Thomas Bryant;Tyrese Proctor;Olivier Sarr;Tristan Enaruna;Luke Travers;Riley Minix;Chris Livingston;Darius Brown II
2026,Boston Celtics,Indiana Pacers,96,98,Derrick White;Jayson Tatum;Payton Pritchard;Neemias Queta;Sam Hauser;Anfernee Simons;Nikola Vučević;Baylor Scheierman;Jordan Walsh;Luka Garza;Josh Minott;Hugo González;Dalano Banton;Ron Harper Jr.;Chris Boucher;Xavier Tillman Sr.;John Tonje;Amari Williams;Charles Bassey;Max Shulga,Bennedict Mathurin;Andrew Nembhard;Aaron Nesmith;Jarace Walker;Kobe Brown;Jalen Slawson;Ivica Zubac;Ben Sheppard;Jay Huff;Ethan Thompson;Micah Potter;Johnny Furphy;Quenton Jackson;Obi Toppin;Jeremiah Robinson-Earl;T.J. McConnell;Isaiah Jackson;Kam Jones;James Wiseman;Cody Martin;Garrison Mathews;Taelon Peter;RayJ Dennis;Mac McClung;Tony Bradley;Monte Morris
2026,Philadelphia 76ers,Toronto Raptors,115,102,VJ Edgecombe;Joel Embiid;Kelly Oubre Jr.;Paul George;Quentin Grimes;Dominick Barlow;Andre Drummond;Adem Bona;Cameron Payne;Jared McCain;Trendon Watford;Justin Edwards;MarJon Beauchamp;Dalen Terry;Eric Gordon;Jabari Walker;Tyrese Martin;Kyle Lowry;Johni Broome;Charles Bassey;Hunter Sallis;Patrick Baldwin Jr.,Scottie Barnes;Immanuel Quickley;RJ Barrett;Jakob Poeltl;Jamal Shead;Collin Murray-Boyles;Sandro Mamukelashvili;Ja'Kobe Walter;Ochai Agbaji;Gradey Dick;A.J. Lawson;Jamison Battle;Markelle Fultz;Chucky Hepburn;Alijah Martin;Jonathan Mogbo;Trayce Jackson-Davis;Garrett Temple;Mo Bamba
2026,Brooklyn Nets,Dallas Mavericks,105,113,Tre Scott;Nic Claxton;Noah Clowney;Egor Dёmin;Terance Mann;Cam Thomas;Malachi Smith;Ziaire Williams;Nolan Traoré;Drake Powell;Danny Wolf;Ben Saraf;Chaney Johnson;Josh Minott;Tyrese Martin;Day'Ron Sharpe;Ochai Agbaji;Jalen Wilson;Tyson Etienne;E.J. Liddell;Grant Nelson,Anthony Davis;P.J. Washington;Naji Marshall;Max Christie;Brandon Williams;Klay Thompson;Daniel Gafford;Marvin Bagley III;Khris Middleton;Ryan Nembhard;John Poulakidas;D'Angelo Russell;Tyus Jones;Dereck Lively II;Caleb Martin;Dwight Powell;Moussa Cisse;Tyler Smith;Jaden Hardy;Jeremiah Robinson-Earl;AJ Johnson;Miles Kelly
2026,Los Angeles Lakers,Sacramento Kings,112,124,Austin Reaves;LeBron James;Marcus Smart;Rui Hachimura;Deandre Ayton;Jake LaRavia;Luke Kennard;Gabe Vincent;Jaxson Hayes;Jarred Vanderbilt;Nick Smith Jr.;Maxi Kleber;Dalton Knecht;Bronny James;Drew Timme;Kobe Bufkin;Adou Thiero;Chris Mañon;Christian Koloko,Zach LaVine;DeMar DeRozan;Domantas Sabonis;Russell Westbrook;Maxime Raynaud;Daeqwon Plowden;Dennis Schröder;De'Andre Hunter;Nique Clifford;Precious Achiuwa;Malik Monk;Dylan Cardwell;DaQuan Jeffries;Devin Carter;Killian Hayes;Keon Ellis;Doug McDermott;Patrick Baldwin Jr.;Isaiah Stevens;Drew Eubanks;Dario Šarić;Isaac Jones
2026,Charlotte Hornets,Los Angeles Clippers,109,117,Miles Bridges;Brandon Miller;LaMelo Ball;Moussa Diabaté;Sion James;Collin Sexton;Ryan Kalkbrenner;Grant Williams;Coby White;KJ Simpson;Josh Green;PJ Hall;Tidjane Salaün;Tre Mann;Liam McNeeley;Drew Peterson;Mason Plumlee;Pat Connaughton;Antonio Reeves;Xavier Tillman Sr.,Kawhi Leonard;Ivica Zubac;Darius Garland;Bennedict Mathurin;Kris Dunn;John Collins;Derrick Jones Jr.;Jordan Miller;Brook Lopez;Bradley Beal;Kobe Sanders;Bogdan Bogdanović;Nicolas Batum;Isaiah Jackson;Chris Paul;Yanic Konan Niederhäuser;Cam Christie;Kobe Brown;Patrick Baldwin Jr.;TyTy Washington Jr.;Dalano Banton;Sean Pedulla;Norchad Omier;RayJ Dennis;Jahmyl Telfort
2026,Phoenix Suns,Miami Heat,121,127,Dillon Brooks;Grayson Allen;Collin Gillespie;Royce O'Neale;Jalen Green;Mark Williams;Jordan Goodwin;Oso Ighodaro;Ryan Dunn;Amir Coffey;Jamaree Bouyea;Haywood Highsmith;Rasheer Fleming;CJ Huntley;Isaiah Livers;Nick Richards;Khaman Maluach;Nigel Hayes-Davis;Koby Brea,Tyler Herro;Andrew Wiggins;Norman Powell;Davion Mitchell;Jaime Jaquez Jr.;Pelle Larsson;Kel'el Ware;Kasparas Jakučionis;Nikola Jović;Simone Fontecchio;Dru Smith;Myron Gardner;Keshad Johnson;Jahmir Young;Vladislav Goldin;Trevor Keels
2026,Chicago Bulls,Houston Rockets,113,119,Nikola Vučević;Matas Buzelis;Coby White;Jaden Ivey;Anfernee Simons;Tre Jones;Isaac Okoro;Ayo Dosunmu;Collin Sexton;Guerschon Yabusele;Kevin Huerter;Leonard Miller;Mouhamadou Gueye;Nick Richards;Rob Dillingham;Jalen Smith;Patrick Williams;Zach Collins;Mac McClung;Yuki Kawamura;Dalen Terry;Jevon Carter;Julian Phillips;Lachlan Olbrich;Emanuel Miller;Trentyn Flowers;Noa Essengue,Kevin Durant;Jabari Smith Jr.;Alperen Şengün;Reed Sheppard;Tari Eason;Steven Adams;Josh Okogie;Dorian Finney-Smith;Aaron Holiday;Clint Capela;Tristen Newton;Jae'Sean Tate;JD Davison;Isaiah Crawford;Jeff Green
2026,Minnesota Timberwolves,Milwaukee Bucks,139,106,Julius Randle;Jaden McDaniels;Rudy Gobert;Donte DiVincenzo;Ayo Dosunmu;Naz Reid;Kyle Anderson;Mike Conley;Bones Hyland;Jaylen Clark;Terrence Shannon Jr.;Rob Dillingham;Enrique Freeman;Zyon Pullin;Joan Beringer;Julian Phillips;Rocco Zikarsky;Joe Ingles;Leonard Miller;Johnny Juzang,Ryan Rollins;A.J. Green;Giannis Antetokounmpo;Myles Turner;Ousmane Dieng;Kyle Kuzma;Cormac Ryan;Bobby Portis;Taurean Prince;Gary Trent Jr.;Jericho Sims;Cam Thomas;Pete Nance;Cole Anthony;Gary Harris;Amir Coffey;Andre Jackson Jr.;Thanasis Antetokounmpo;Mark Sears;Alex Antetokounmpo
2026,Denver Nuggets,New Orleans Pelicans,122,116,Nikola Jokić;Christian Braun;Cameron Johnson;Peyton Watson;Aaron Gordon;Tim Hardaway Jr.;Bruce Brown;Spencer Jones;Jalen Pickett;Julian Strawther;David Roddy;Jonas Valančiūnas;Zeke Nnaji;Curtis Jones;Tyus Jones;DaRon Holmes;Hunter Tyson;KJ Simpson,Saddiq Bey;Zion Williamson;Herbert Jones;Dejounte Murray;Josh Oduro;Jeremiah Fears;Derik Queen;Jordan Poole;Jose Alvarado;Bryce McGowens;Yves Missi;DeAndre Jordan;Micah Peavy;Karlo Matković;Kevon Looney;Jordan Hawkins;Trey Alexander;Hunter Dickinson
2026,San Antonio Spurs,Oklahoma City Thunder,98,119,Devin Vassell;Stephon Castle;Victor Wembanyama;Julian Champagnie;Harrison Barnes;Keldon Johnson;Dylan Harper;Luke Kornet;Jeremy Sochan;Carter Bryant;Kelly Olynyk;Mason Plumlee;Lindy Waters III;Jordan McLaughlin;David Jones García;Bismack Biyombo;Harrison Ingram;Stanley Umude;Riley Minix,Chet Holmgren;Jalen Williams;Luguentz Dort;Cason Wallace;Ajay Mitchell;Isaiah Hartenstein;Aaron Wiggins;Isaiah Joe;Jaylin Williams;Alex Caruso;Jared McCain;Nikola Topić;Payton Sandfort;Kenrich Williams;Branden Carlson;Ousmane Dieng;Brooks Barnhizer;Chris Youngblood;Buddy Boeheim
2026,Atlanta Hawks,Los Angeles Lakers,116,141,Nickeil Alexander-Walker;Dyson Daniels;Onyeka Okongwu;CJ McCollum;Trae Young;Keshon Gilbert;Kristaps Porziņģis;Zaccharie Risacher;Vít Krejčí;Jonathan Kuminga;Luke Kennard;Jock Landale;Corey Kispert;Mouhamed Gueye;Gabe Vincent;Asa Newell;RayJ Dennis;Tony Bradley;Christian Koloko;Keaton Wallace;Buddy Hield;Caleb Houstan;N'Faly Dante;Jacob Toppin,Austin Reaves;LeBron James;Marcus Smart;Rui Hachimura;Deandre Ayton;Jake LaRavia;Luke Kennard;Gabe Vincent;Jaxson Hayes;Jarred Vanderbilt;Nick Smith Jr.;Maxi Kleber;Dalton Knecht;Bronny James;Drew Timme;Kobe Bufkin;Adou Thiero;Chris Mañon;Christian Koloko
2026,Portland Trail Blazers,Golden State Warriors,97,119,Deni Avdija;Jerami Grant;Shaedon Sharpe;Jrue Holiday;Donovan Clingan;Scoot Henderson;Kris Murray;Caleb Love;Vít Krejčí;Sidy Cissoko;Robert Williams;Matisse Thybulle;Rayan Rupert;Blake Wesley;Duop Reath;Yang Hansen;Chris Youngblood;Javonte Cooke;Jayson Kent,Stephen Curry;Brandin Podziemski;Draymond Green;Moses Moody;Jonathan Kuminga;Kristaps Porziņģis;De'Anthony Melton;Al Horford;Gui Santos;Charles Bassey;Will Richard;Pat Spencer;Buddy Hield;Quinten Post;Nate Williams;LJ Cryer;Gary Payton II;Seth Curry;Omer Yurtseven;Trayce Jackson-Davis;Malevy Leons
2026,Toronto Raptors,Indiana Pacers,115,101,Scottie Barnes;Immanuel Quickley;RJ Barrett;Jakob Poeltl;Jamal Shead;Collin Murray-Boyles;Sandro Mamukelashvili;Ja'Kobe Walter;Ochai Agbaji;Gradey Dick;A.J. Lawson;Jamison Battle;Markelle Fultz;Chucky Hepburn;Alijah Martin;Jonathan Mogbo;Trayce Jackson-Davis;Garrett Temple;Mo Bamba,Bennedict Mathurin;Andrew Nembhard;Aaron Nesmith;Jarace Walker;Kobe Brown;Jalen Slawson;Ivica Zubac;Ben Sheppard;Jay Huff;Ethan Thompson;Micah Potter;Johnny Furphy;Quenton Jackson;Obi Toppin;Jeremiah Robinson-Earl;T.J. McConnell;Isaiah Jackson;Kam Jones;James Wiseman;Cody Martin;Garrison Mathews;Taelon Peter;RayJ Dennis;Mac McClung;Tony Bradley;Monte Morris
2026,Cleveland Cavaliers,Philadelphia 76ers,133,107,Donovan Mitchell;Evan Mobley;Darius Garland;Jarrett Allen;Jaylon Tyson;Sam Merrill;De'Andre Hunter;Keon Ellis;Max Strus;Dean Wade;Dennis Schröder;Lonzo Ball;Craig Porter Jr.;Nae'Qwan Tomlin;Larry Nance Jr.;Thomas Bryant;Tyrese Proctor;Olivier Sarr;Tristan Enaruna;Luke Travers;Riley Minix;Chris Livingston;Darius Brown II,VJ Edgecombe;Joel Embiid;Kelly Oubre Jr.;Paul George;Quentin Grimes;Dominick Barlow;Andre Drummond;Adem Bona;Cameron Payne;Jared McCain;Trendon Watford;Justin Edwards;MarJon Beauchamp;Dalen Terry;Eric Gordon;Jabari Walker;Tyrese Martin;Kyle Lowry;Johni Broome;Charles Bassey;Hunter Sallis;Patrick Baldwin Jr.
2026,Utah Jazz,Chicago Bulls,126,128,Andersson Garcia;Keyonte George;Bez Mbeng;Kennedy Chandler;Walker Kessler;Ace Bailey;Jusuf Nurkić;John Konchar;Isaiah Collier;Hayden Gray;Cody Williams;Jaren Jackson Jr.;Brice Sensabaugh;Kyle Filipowski;Svi Mykhailiuk;Elijah Harkless;Blake Hinson;Kyle Anderson;Mo Bamba;Walter Clayton;Kevin Love;Oscar Tshiebwe;Taylor Hendricks;Vince Williams Jr.,Nikola Vučević;Matas Buzelis;Coby White;Jaden Ivey;Anfernee Simons;Tre Jones;Isaac Okoro;Ayo Dosunmu;Collin Sexton;Guerschon Yabusele;Kevin Huerter;Leonard Miller;Mouhamadou Gueye;Nick Richards;Rob Dillingham;Jalen Smith;Patrick Williams;Zach Collins;Mac McClung;Yuki Kawamura;Dalen Terry;Jevon Carter;Julian Phillips;Lachlan Olbrich;Emanuel Miller;Trentyn Flowers;Noa Essengue
2026,Brooklyn Nets,New Orleans Pelicans,113,116,Tre Scott;Nic Claxton;Noah Clowney;Egor Dёmin;Terance Mann;Cam Thomas;Malachi Smith;Ziaire Williams;Nolan Traoré;Drake Powell;Danny Wolf;Ben Saraf;Chaney Johnson;Josh Minott;Tyrese Martin;Day'Ron Sharpe;Ochai Agbaji;Jalen Wilson;Tyson Etienne;E.J. Liddell;Grant Nelson,Saddiq Bey;Zion Williamson;Herbert Jones;Dejounte Murray;Josh Oduro;Jeremiah Fears;Derik Queen;Jordan Poole;Jose Alvarado;Bryce McGowens;Yves Missi;DeAndre Jordan;Micah Peavy;Karlo Matković;Kevon Looney;Jordan Hawkins;Trey Alexander;Hunter Dickinson
2026,Denver Nuggets,Dallas Mavericks,118,109,Nikola Jokić;Christian Braun;Cameron Johnson;Peyton Watson;Aaron Gordon;Tim Hardaway Jr.;Bruce Brown;Spencer Jones;Jalen Pickett;Julian Strawther;David Roddy;Jonas Valančiūnas;Zeke Nnaji;Curtis Jones;Tyus Jones;DaRon Holmes;Hunter Tyson;KJ Simpson,Anthony Davis;P.J. Washington;Naji Marshall;Max Christie;Brandon Williams;Klay Thompson;Daniel Gafford;Marvin Bagley III;Khris Middleton;Ryan Nembhard;John Poulakidas;D'Angelo Russell;Tyus Jones;Dereck Lively II;Caleb Martin;Dwight Powell;Moussa Cisse;Tyler Smith;Jaden Hardy;Jeremiah Robinson-Earl;AJ Johnson;Miles Kelly
2026,New York Knicks,Sacramento Kings,101,112,OG Anunoby;Mikal Bridges;Karl-Anthony Towns;Josh Hart;Miles McBride;Landry Shamet;Mitchell Robinson;Jordan Clarkson;Jose Alvarado;Tyler Kolek;Mohamed Diawara;Ariel Hukporti;Guerschon Yabusele;Kevin McCullar Jr.;Jeremy Sochan;Trey Jemison;Dillon Jones;Pacôme Dadiet;Tosan Evbuomwan,Zach LaVine;DeMar DeRozan;Domantas Sabonis;Russell Westbrook;Maxime Raynaud;Daeqwon Plowden;Dennis Schröder;De'Andre Hunter;Nique Clifford;Precious Achiuwa;Malik Monk;Dylan Cardwell;DaQuan Jeffries;Devin Carter;Killian Hayes;Keon Ellis;Doug McDermott;Patrick Baldwin Jr.;Isaiah Stevens;Drew Eubanks;Dario Šarić;Isaac Jones
2026,Washington Wizards,Los Angeles Clippers,105,119,CJ McCollum;Kyshawn George;Leaky Black;Bub Carrington;Alex Sarr;Bilal Coulibaly;Alondes Williams;Khris Middleton;Tre Johnson;Kadary Richmond;Will Riley;Trae Young;Jamir Watkins;Jaden Hardy;Justin Champagnie;Corey Kispert;Marvin Bagley III;Anthony Gill;Sharife Cooper;Cam Whitmore;Keshon Gilbert;Tristan Vukcevic;Skal Labissière;Malaki Branham;AJ Johnson,Kawhi Leonard;Ivica Zubac;Darius Garland;Bennedict Mathurin;Kris Dunn;John Collins;Derrick Jones Jr.;Jordan Miller;Brook Lopez;Bradley Beal;Kobe Sanders;Bogdan Bogdanović;Nicolas Batum;Isaiah Jackson;Chris Paul;Yanic Konan Niederhäuser;Cam Christie;Kobe Brown;Patrick Baldwin Jr.;TyTy Washington Jr.;Dalano Banton;Sean Pedulla;Norchad Omier;RayJ Dennis;Jahmyl Telfort
2026,Memphis Grizzlies,Orlando Magic,111,118,Lucas Williamson;Rayan Rupert;Jaren Jackson Jr.;Dariq Whitehead;Adama-Alpha Bal;Ja Morant;Santi Aldama;Jaylen Wells;Zach Edey;Cedric Coward;Tyler Burton;Walter Clayton;Lawson Lovering;Taylor Hendricks;Cam Spencer;Jock Landale;Ty Jerome;Kyle Anderson;Jahmai Mashack;Vince Williams Jr.;GG Jackson II;Kentavious Caldwell-Pope;Scotty Pippen Jr.;DeJon Jarreau;Javon Small;Olivier-Maxence Prosper;Christian Koloko;Charles Bassey;John Konchar;Brandon Clarke;Taj Gibson;PJ Hall,Desmond Bane;Franz Wagner;Anthony Black;Wendell Carter Jr.;Jalen Suggs;Tristan Da Silva;Jevon Carter;Tyus Jones;Goga Bitadze;Noah Penda;Jett Howard;Jamal Cain;Moritz Wagner;Jase Richardson;Jonathan Isaac;Orlando Robinson;Alex Morales;Colin Castleton
2026,Phoenix Suns,Detroit Pistons,105,108,Dillon Brooks;Grayson Allen;Collin Gillespie;Royce O'Neale;Jalen Green;Mark Williams;Jordan Goodwin;Oso Ighodaro;Ryan Dunn;Amir Coffey;Jamaree Bouyea;Haywood Highsmith;Rasheer Fleming;CJ Huntley;Isaiah Livers;Nick Richards;Khaman Maluach;Nigel Hayes-Davis;Koby Brea,Jalen Duren;Tobias Harris;Duncan Robinson;Ausar Thompson;Isaiah Stewart;Kevin Huerter;Daniss Jenkins;Ron Holland;Caris LeVert;Javonte Green;Jaden Ivey;Paul Reed;Marcus Sasser;Wendell Moore Jr.;Tolu Smith;Chaz Lanier;Colby Jones;Bobi Klintman;Isaac Jones
2026,Oklahoma City Thunder,Houston Rockets,111,91,Chet Holmgren;Jalen Williams;Luguentz Dort;Cason Wallace;Ajay Mitchell;Isaiah Hartenstein;Aaron Wiggins;Isaiah Joe;Jaylin Williams;Alex Caruso;Jared McCain;Nikola Topić;Payton Sandfort;Kenrich Williams;Branden Carlson;Ousmane Dieng;Brooks Barnhizer;Chris Youngblood;Buddy Boeheim,Kevin Durant;Jabari Smith Jr.;Alperen Şengün;Reed Sheppard;Tari Eason;Steven Adams;Josh Okogie;Dorian Finney-Smith;Aaron Holiday;Clint Capela;Tristen Newton;Jae'Sean Tate;JD Davison;Isaiah Crawford;Jeff Green
2026,Boston Celtics,Miami Heat,119,114,Derrick White;Jayson Tatum;Payton Pritchard;Neemias Queta;Sam Hauser;Anfernee Simons;Nikola Vučević;Baylor Scheierman;Jordan Walsh;Luka Garza;Josh Minott;Hugo González;Dalano Banton;Ron Harper Jr.;Chris Boucher;Xavier Tillman Sr.;John Tonje;Amari Williams;Charles Bassey;Max Shulga,Tyler Herro;Andrew Wiggins;Norman Powell;Davion Mitchell;Jaime Jaquez Jr.;Pelle Larsson;Kel'el Ware;Kasparas Jakučionis;Nikola Jović;Simone Fontecchio;Dru Smith;Myron Gardner;Keshad Johnson;Jahmir Young;Vladislav Goldin;Trevor Keels
2026,Milwaukee Bucks,San Antonio Spurs,101,119,Ryan Rollins;A.J. Green;Giannis Antetokounmpo;Myles Turner;Ousmane Dieng;Kyle Kuzma;Cormac Ryan;Bobby Portis;Taurean Prince;Gary Trent Jr.;Jericho Sims;Cam Thomas;Pete Nance;Cole Anthony;Gary Harris;Amir Coffey;Andre Jackson Jr.;Thanasis Antetokounmpo;Mark Sears;Alex Antetokounmpo,Devin Vassell;Stephon Castle;Victor Wembanyama;Julian Champagnie;Harrison Barnes;Keldon Johnson;Dylan Harper;Luke Kornet;Jeremy Sochan;Carter Bryant;Kelly Olynyk;Mason Plumlee;Lindy Waters III;Jordan McLaughlin;David Jones García;Bismack Biyombo;Harrison Ingram;Stanley Umude;Riley Minix
2026,Utah Jazz,Dallas Mavericks,122,144,Andersson Garcia;Keyonte George;Bez Mbeng;Kennedy Chandler;Walker Kessler;Ace Bailey;Jusuf Nurkić;John Konchar;Isaiah Collier;Hayden Gray;Cody Williams;Jaren Jackson Jr.;Brice Sensabaugh;Kyle Filipowski;Svi Mykhailiuk;Elijah Harkless;Blake Hinson;Kyle Anderson;Mo Bamba;Walter Clayton;Kevin Love;Oscar Tshiebwe;Taylor Hendricks;Vince Williams Jr.,Anthony Davis;P.J. Washington;Naji Marshall;Max Christie;Brandon Williams;Klay Thompson;Daniel Gafford;Marvin Bagley III;Khris Middleton;Ryan Nembhard;John Poulakidas;D'Angelo Russell;Tyus Jones;Dereck Lively II;Caleb Martin;Dwight Powell;Moussa Cisse;Tyler Smith;Jaden Hardy;Jeremiah Robinson-Earl;AJ Johnson;Miles Kelly
2026,New York Knicks,Golden State Warriors,113,126,OG Anunoby;Mikal Bridges;Karl-Anthony Towns;Josh Hart;Miles McBride;Landry Shamet;Mitchell Robinson;Jordan Clarkson;Jose Alvarado;Tyler Kolek;Mohamed Diawara;Ariel Hukporti;Guerschon Yabusele;Kevin McCullar Jr.;Jeremy Sochan;Trey Jemison;Dillon Jones;Pacôme Dadiet;Tosan Evbuomwan,Stephen Curry;Brandin Podziemski;Draymond Green;Moses Moody;Jonathan Kuminga;Kristaps Porziņģis;De'Anthony Melton;Al Horford;Gui Santos;Charles Bassey;Will Richard;Pat Spencer;Buddy Hield;Quinten Post;Nate Williams;LJ Cryer;Gary Payton II;Seth Curry;Omer Yurtseven;Trayce Jackson-Davis;Malevy Leons
2026,Atlanta Hawks,Portland Trail Blazers,101,117,Nickeil Alexander-Walker;Dyson Daniels;Onyeka Okongwu;CJ McCollum;Trae Young;Keshon Gilbert;Kristaps Porziņģis;Zaccharie Risacher;Vít Krejčí;Jonathan Kuminga;Luke Kennard;Jock Landale;Corey Kispert;Mouhamed Gueye;Gabe Vincent;Asa Newell;RayJ Dennis;Tony Bradley;Christian Koloko;Keaton Wallace;Buddy Hield;Caleb Houstan;N'Faly Dante;Jacob Toppin,Deni Avdija;Jerami Grant;Shaedon Sharpe;Jrue Holiday;Donovan Clingan;Scoot Henderson;Kris Murray;Caleb Love;Vít Krejčí;Sidy Cissoko;Robert Williams;Matisse Thybulle;Rayan Rupert;Blake Wesley;Duop Reath;Yang Hansen;Chris Youngblood;Javonte Cooke;Jayson Kent
2026,Charlotte Hornets,Los Angeles Lakers,135,117,Miles Bridges;Brandon Miller;LaMelo Ball;Moussa Diabaté;Sion James;Collin Sexton;Ryan Kalkbrenner;Grant Williams;Coby White;KJ Simpson;Josh Green;PJ Hall;Tidjane Salaün;Tre Mann;Liam McNeeley;Drew Peterson;Mason Plumlee;Pat Connaughton;Antonio Reeves;Xavier Tillman Sr.,Austin Reaves;LeBron James;Marcus Smart;Rui Hachimura;Deandre Ayton;Jake LaRavia;Luke Kennard;Gabe Vincent;Jaxson Hayes;Jarred Vanderbilt;Nick Smith Jr.;Maxi Kleber;Dalton Knecht;Bronny James;Drew Timme;Kobe Bufkin;Adou Thiero;Chris Mañon;Christian Koloko
2026,New Orleans Pelicans,Indiana Pacers,119,127,Saddiq Bey;Zion Williamson;Herbert Jones;Dejounte Murray;Josh Oduro;Jeremiah Fears;Derik Queen;Jordan Poole;Jose Alvarado;Bryce McGowens;Yves Missi;DeAndre Jordan;Micah Peavy;Karlo Matković;Kevon Looney;Jordan Hawkins;Trey Alexander;Hunter Dickinson,Bennedict Mathurin;Andrew Nembhard;Aaron Nesmith;Jarace Walker;Kobe Brown;Jalen Slawson;Ivica Zubac;Ben Sheppard;Jay Huff;Ethan Thompson;Micah Potter;Johnny Furphy;Quenton Jackson;Obi Toppin;Jeremiah Robinson-Earl;T.J. McConnell;Isaiah Jackson;Kam Jones;James Wiseman;Cody Martin;Garrison Mathews;Taelon Peter;RayJ Dennis;Mac McClung;Tony Bradley;Monte Morris
2026,Cleveland Cavaliers,Philadelphia 76ers,117,115,Donovan Mitchell;Evan Mobley;Darius Garland;Jarrett Allen;Jaylon Tyson;Sam Merrill;De'Andre Hunter;Keon Ellis;Max Strus;Dean Wade;Dennis Schröder;Lonzo Ball;Craig Porter Jr.;Nae'Qwan Tomlin;Larry Nance Jr.;Thomas Bryant;Tyrese Proctor;Olivier Sarr;Tristan Enaruna;Luke Travers;Riley Minix;Chris Livingston;Darius Brown II,VJ Edgecombe;Joel Embiid;Kelly Oubre Jr.;Paul George;Quentin Grimes;Dominick Barlow;Andre Drummond;Adem Bona;Cameron Payne;Jared McCain;Trendon Watford;Justin Edwards;MarJon Beauchamp;Dalen Terry;Eric Gordon;Jabari Walker;Tyrese Martin;Kyle Lowry;Johni Broome;Charles Bassey;Hunter Sallis;Patrick Baldwin Jr.
2026,Chicago Bulls,Brooklyn Nets,109,112,Nikola Vučević;Matas Buzelis;Coby White;Jaden Ivey;Anfernee Simons;Tre Jones;Isaac Okoro;Ayo Dosunmu;Collin Sexton;Guerschon Yabusele;Kevin Huerter;Leonard Miller;Mouhamadou Gueye;Nick Richards;Rob Dillingham;Jalen Smith;Patrick Williams;Zach Collins;Mac McClung;Yuki Kawamura;Dalen Terry;Jevon Carter;Julian Phillips;Lachlan Olbrich;Emanuel Miller;Trentyn Flowers;Noa Essengue,Tre Scott;Nic Claxton;Noah Clowney;Egor Dёmin;Terance Mann;Cam Thomas;Malachi Smith;Ziaire Williams;Nolan Traoré;Drake Powell;Danny Wolf;Ben Saraf;Chaney Johnson;Josh Minott;Tyrese Martin;Day'Ron Sharpe;Ochai Agbaji;Jalen Wilson;Tyson Etienne;E.J. Liddell;Grant Nelson
2026,Los Angeles Clippers,Toronto Raptors,121,117,Kawhi Leonard;Ivica Zubac;Darius Garland;Bennedict Mathurin;Kris Dunn;John Collins;Derrick Jones Jr.;Jordan Miller;Brook Lopez;Bradley Beal;Kobe Sanders;Bogdan Bogdanović;Nicolas Batum;Isaiah Jackson;Chris Paul;Yanic Konan Niederhäuser;Cam Christie;Kobe Brown;Patrick Baldwin Jr.;TyTy Washington Jr.;Dalano Banton;Sean Pedulla;Norchad Omier;RayJ Dennis;Jahmyl Telfort,Scottie Barnes;Immanuel Quickley;RJ Barrett;Jakob Poeltl;Jamal Shead;Collin Murray-Boyles;Sandro Mamukelashvili;Ja'Kobe Walter;Ochai Agbaji;Gradey Dick;A.J. Lawson;Jamison Battle;Markelle Fultz;Chucky Hepburn;Alijah Martin;Jonathan Mogbo;Trayce Jackson-Davis;Garrett Temple;Mo Bamba
2026,Minnesota Timberwolves,Houston Rockets,105,110,Julius Randle;Jaden McDaniels;Rudy Gobert;Donte DiVincenzo;Ayo Dosunmu;Naz Reid;Kyle Anderson;Mike Conley;Bones Hyland;Jaylen Clark;Terrence Shannon Jr.;Rob Dillingham;Enrique Freeman;Zyon Pullin;Joan Beringer;Julian Phillips;Rocco Zikarsky;Joe Ingles;Leonard Miller;Johnny Juzang,Kevin Durant;Jabari Smith Jr.;Alperen Şengün;Reed Sheppard;Tari Eason;Steven Adams;Josh Okogie;Dorian Finney-Smith;Aaron Holiday;Clint Capela;Tristen Newton;Jae'Sean Tate;JD Davison;Isaiah Crawford;Jeff Green
2026,Washington Wizards,Sacramento Kings,115,128,CJ McCollum;Kyshawn George;Leaky Black;Bub Carrington;Alex Sarr;Bilal Coulibaly;Alondes Williams;Khris Middleton;Tre Johnson;Kadary Richmond;Will Riley;Trae Young;Jamir Watkins;Jaden Hardy;Justin Champagnie;Corey Kispert;Marvin Bagley III;Anthony Gill;Sharife Cooper;Cam Whitmore;Keshon Gilbert;Tristan Vukcevic;Skal Labissière;Malaki Branham;AJ Johnson,Zach LaVine;DeMar DeRozan;Domantas Sabonis;Russell Westbrook;Maxime Raynaud;Daeqwon Plowden;Dennis Schröder;De'Andre Hunter;Nique Clifford;Precious Achiuwa;Malik Monk;Dylan Cardwell;DaQuan Jeffries;Devin Carter;Killian Hayes;Keon Ellis;Doug McDermott;Patrick Baldwin Jr.;Isaiah Stevens;Drew Eubanks;Dario Šarić;Isaac Jones
2026,Utah Jazz,Dallas Mavericks,120,138,Andersson Garcia;Keyonte George;Bez Mbeng;Kennedy Chandler;Walker Kessler;Ace Bailey;Jusuf Nurkić;John Konchar;Isaiah Collier;Hayden Gray;Cody Williams;Jaren Jackson Jr.;Brice Sensabaugh;Kyle Filipowski;Svi Mykhailiuk;Elijah Harkless;Blake Hinson;Kyle Anderson;Mo Bamba;Walter Clayton;Kevin Love;Oscar Tshiebwe;Taylor Hendricks;Vince Williams Jr.,Anthony Davis;P.J. Washington;Naji Marshall;Max Christie;Brandon Williams;Klay Thompson;Daniel Gafford;Marvin Bagley III;Khris Middleton;Ryan Nembhard;John Poulakidas;D'Angelo Russell;Tyus Jones;Dereck Lively II;Caleb Martin;Dwight Powell;Moussa Cisse;Tyler Smith;Jaden Hardy;Jeremiah Robinson-Earl;AJ Johnson;Miles Kelly
2026,Boston Celtics,Atlanta Hawks,132,106,Derrick White;Jayson Tatum;Payton Pritchard;Neemias Queta;Sam Hauser;Anfernee Simons;Nikola Vučević;Baylor Scheierman;Jordan Walsh;Luka Garza;Josh Minott;Hugo González;Dalano Banton;Ron Harper Jr.;Chris Boucher;Xavier Tillman Sr.;John Tonje;Amari Williams;Charles Bassey;Max Shulga,Nickeil Alexander-Walker;Dyson Daniels;Onyeka Okongwu;CJ McCollum;Trae Young;Keshon Gilbert;Kristaps Porziņģis;Zaccharie Risacher;Vít Krejčí;Jonathan Kuminga;Luke Kennard;Jock Landale;Corey Kispert;Mouhamed Gueye;Gabe Vincent;Asa Newell;RayJ Dennis;Tony Bradley;Christian Koloko;Keaton Wallace;Buddy Hield;Caleb Houstan;N'Faly Dante;Jacob Toppin
2026,Indiana Pacers,Detroit Pistons,78,121,Bennedict Mathurin;Andrew Nembhard;Aaron Nesmith;Jarace Walker;Kobe Brown;Jalen Slawson;Ivica Zubac;Ben Sheppard;Jay Huff;Ethan Thompson;Micah Potter;Johnny Furphy;Quenton Jackson;Obi Toppin;Jeremiah Robinson-Earl;T.J. McConnell;Isaiah Jackson;Kam Jones;James Wiseman;Cody Martin;Garrison Mathews;Taelon Peter;RayJ Dennis;Mac McClung;Tony Bradley;Monte Morris,Jalen Duren;Tobias Harris;Duncan Robinson;Ausar Thompson;Isaiah Stewart;Kevin Huerter;Daniss Jenkins;Ron Holland;Caris LeVert;Javonte Green;Jaden Ivey;Paul Reed;Marcus Sasser;Wendell Moore Jr.;Tolu Smith;Chaz Lanier;Colby Jones;Bobi Klintman;Isaac Jones
2026,Phoenix Suns,New York Knicks,106,99,Dillon Brooks;Grayson Allen;Collin Gillespie;Royce O'Neale;Jalen Green;Mark Williams;Jordan Goodwin;Oso Ighodaro;Ryan Dunn;Amir Coffey;Jamaree Bouyea;Haywood Highsmith;Rasheer Fleming;CJ Huntley;Isaiah Livers;Nick Richards;Khaman Maluach;Nigel Hayes-Davis;Koby Brea,OG Anunoby;Mikal Bridges;Karl-Anthony Towns;Josh Hart;Miles McBride;Landry Shamet;Mitchell Robinson;Jordan Clarkson;Jose Alvarado;Tyler Kolek;Mohamed Diawara;Ariel Hukporti;Guerschon Yabusele;Kevin McCullar Jr.;Jeremy Sochan;Trey Jemison;Dillon Jones;Pacôme Dadiet;Tosan Evbuomwan
2026,Oklahoma City Thunder,Miami Heat,120,122,Chet Holmgren;Jalen Williams;Luguentz Dort;Cason Wallace;Ajay Mitchell;Isaiah Hartenstein;Aaron Wiggins;Isaiah Joe;Jaylin Williams;Alex Caruso;Jared McCain;Nikola Topić;Payton Sandfort;Kenrich Williams;Branden Carlson;Ousmane Dieng;Brooks Barnhizer;Chris Youngblood;Buddy Boeheim,Tyler Herro;Andrew Wiggins;Norman Powell;Davion Mitchell;Jaime Jaquez Jr.;Pelle Larsson;Kel'el Ware;Kasparas Jakučionis;Nikola Jović;Simone Fontecchio;Dru Smith;Myron Gardner;Keshad Johnson;Jahmir Young;Vladislav Goldin;Trevor Keels
2026,Minnesota Timberwolves,San Antonio Spurs,123,126,Julius Randle;Jaden McDaniels;Rudy Gobert;Donte DiVincenzo;Ayo Dosunmu;Naz Reid;Kyle Anderson;Mike Conley;Bones Hyland;Jaylen Clark;Terrence Shannon Jr.;Rob Dillingham;Enrique Freeman;Zyon Pullin;Joan Beringer;Julian Phillips;Rocco Zikarsky;Joe Ingles;Leonard Miller;Johnny Juzang,Devin Vassell;Stephon Castle;Victor Wembanyama;Julian Champagnie;Harrison Barnes;Keldon Johnson;Dylan Harper;Luke Kornet;Jeremy Sochan;Carter Bryant;Kelly Olynyk;Mason Plumlee;Lindy Waters III;Jordan McLaughlin;David Jones García;Bismack Biyombo;Harrison Ingram;Stanley Umude;Riley Minix
2026,Charlotte Hornets,Golden State Warriors,116,136,Miles Bridges;Brandon Miller;LaMelo Ball;Moussa Diabaté;Sion James;Collin Sexton;Ryan Kalkbrenner;Grant Williams;Coby White;KJ Simpson;Josh Green;PJ Hall;Tidjane Salaün;Tre Mann;Liam McNeeley;Drew Peterson;Mason Plumlee;Pat Connaughton;Antonio Reeves;Xavier Tillman Sr.,Stephen Curry;Brandin Podziemski;Draymond Green;Moses Moody;Jonathan Kuminga;Kristaps Porziņģis;De'Anthony Melton;Al Horford;Gui Santos;Charles Bassey;Will Richard;Pat Spencer;Buddy Hield;Quinten Post;Nate Williams;LJ Cryer;Gary Payton II;Seth Curry;Omer Yurtseven;Trayce Jackson-Davis;Malevy Leons
2026,Washington Wizards,Denver Nuggets,115,121,CJ McCollum;Kyshawn George;Leaky Black;Bub Carrington;Alex Sarr;Bilal Coulibaly;Alondes Williams;Khris Middleton;Tre Johnson;Kadary Richmond;Will Riley;Trae Young;Jamir Watkins;Jaden Hardy;Justin Champagnie;Corey Kispert;Marvin Bagley III;Anthony Gill;Sharife Cooper;Cam Whitmore;Keshon Gilbert;Tristan Vukcevic;Skal Labissière;Malaki Branham;AJ Johnson,Nikola Jokić;Christian Braun;Cameron Johnson;Peyton Watson;Aaron Gordon;Tim Hardaway Jr.;Bruce Brown;Spencer Jones;Jalen Pickett;Julian Strawther;David Roddy;Jonas Valančiūnas;Zeke Nnaji;Curtis Jones;Tyus Jones;DaRon Holmes;Hunter Tyson;KJ Simpson
2026,Los Angeles Lakers,Portland Trail Blazers,116,132,Austin Reaves;LeBron James;Marcus Smart;Rui Hachimura;Deandre Ayton;Jake LaRavia;Luke Kennard;Gabe Vincent;Jaxson Hayes;Jarred Vanderbilt;Nick Smith Jr.;Maxi Kleber;Dalton Knecht;Bronny James;Drew Timme;Kobe Bufkin;Adou Thiero;Chris Mañon;Christian Koloko,Deni Avdija;Jerami Grant;Shaedon Sharpe;Jrue Holiday;Donovan Clingan;Scoot Henderson;Kris Murray;Caleb Love;Vít Krejčí;Sidy Cissoko;Robert Williams;Matisse Thybulle;Rayan Rupert;Blake Wesley;Duop Reath;Yang Hansen;Chris Youngblood;Javonte Cooke;Jayson Kent
2026,Orlando Magic,Memphis Grizzlies,109,126,Desmond Bane;Franz Wagner;Anthony Black;Wendell Carter Jr.;Jalen Suggs;Tristan Da Silva;Jevon Carter;Tyus Jones;Goga Bitadze;Noah Penda;Jett Howard;Jamal Cain;Moritz Wagner;Jase Richardson;Jonathan Isaac;Orlando Robinson;Alex Morales;Colin Castleton,Lucas Williamson;Rayan Rupert;Jaren Jackson Jr.;Dariq Whitehead;Adama-Alpha Bal;Ja Morant;Santi Aldama;Jaylen Wells;Zach Edey;Cedric Coward;Tyler Burton;Walter Clayton;Lawson Lovering;Taylor Hendricks;Cam Spencer;Jock Landale;Ty Jerome;Kyle Anderson;Jahmai Mashack;Vince Williams Jr.;GG Jackson II;Kentavious Caldwell-Pope;Scotty Pippen Jr.;DeJon Jarreau;Javon Small;Olivier-Maxence Prosper;Christian Koloko;Charles Bassey;John Konchar;Brandon Clarke;Taj Gibson;PJ Hall
2026,Brooklyn Nets,Chicago Bulls,102,124,Tre Scott;Nic Claxton;Noah Clowney;Egor Dёmin;Terance Mann;Cam Thomas;Malachi Smith;Ziaire Williams;Nolan Traoré;Drake Powell;Danny Wolf;Ben Saraf;Chaney Johnson;Josh Minott;Tyrese Martin;Day'Ron Sharpe;Ochai Agbaji;Jalen Wilson;Tyson Etienne;E.J. Liddell;Grant Nelson,Nikola Vučević;Matas Buzelis;Coby White;Jaden Ivey;Anfernee Simons;Tre Jones;Isaac Okoro;Ayo Dosunmu;Collin Sexton;Guerschon Yabusele;Kevin Huerter;Leonard Miller;Mouhamadou Gueye;Nick Richards;Rob Dillingham;Jalen Smith;Patrick Williams;Zach Collins;Mac McClung;Yuki Kawamura;Dalen Terry;Jevon Carter;Julian Phillips;Lachlan Olbrich;Emanuel Miller;Trentyn Flowers;Noa Essengue
2026,New Orleans Pelicans,Houston Rockets,110,119,Saddiq Bey;Zion Williamson;Herbert Jones;Dejounte Murray;Josh Oduro;Jeremiah Fears;Derik Queen;Jordan Poole;Jose Alvarado;Bryce McGowens;Yves Missi;DeAndre Jordan;Micah Peavy;Karlo Matković;Kevon Looney;Jordan Hawkins;Trey Alexander;Hunter Dickinson,Kevin Durant;Jabari Smith Jr.;Alperen Şengün;Reed Sheppard;Tari Eason;Steven Adams;Josh Okogie;Dorian Finney-Smith;Aaron Holiday;Clint Capela;Tristen Newton;Jae'Sean Tate;JD Davison;Isaiah Crawford;Jeff Green
2026,Charlotte Hornets,Denver Nuggets,110,87,Miles Bridges;Brandon Miller;LaMelo Ball;Moussa Diabaté;Sion James;Collin Sexton;Ryan Kalkbrenner;Grant Williams;Coby White;KJ Simpson;Josh Green;PJ Hall;Tidjane Salaün;Tre Mann;Liam McNeeley;Drew Peterson;Mason Plumlee;Pat Connaughton;Antonio Reeves;Xavier Tillman Sr.,Nikola Jokić;Christian Braun;Cameron Johnson;Peyton Watson;Aaron Gordon;Tim Hardaway Jr.;Bruce Brown;Spencer Jones;Jalen Pickett;Julian Strawther;David Roddy;Jonas Valančiūnas;Zeke Nnaji;Curtis Jones;Tyus Jones;DaRon Holmes;Hunter Tyson;KJ Simpson
2026,Portland Trail Blazers,Sacramento Kings,117,110,Deni Avdija;Jerami Grant;Shaedon Sharpe;Jrue Holiday;Donovan Clingan;Scoot Henderson;Kris Murray;Caleb Love;Vít Krejčí;Sidy Cissoko;Robert Williams;Matisse Thybulle;Rayan Rupert;Blake Wesley;Duop Reath;Yang Hansen;Chris Youngblood;Javonte Cooke;Jayson Kent,Zach LaVine;DeMar DeRozan;Domantas Sabonis;Russell Westbrook;Maxime Raynaud;Daeqwon Plowden;Dennis Schröder;De'Andre Hunter;Nique Clifford;Precious Achiuwa;Malik Monk;Dylan Cardwell;DaQuan Jeffries;Devin Carter;Killian Hayes;Keon Ellis;Doug McDermott;Patrick Baldwin Jr.;Isaiah Stevens;Drew Eubanks;Dario Šarić;Isaac Jones
2026,Toronto Raptors,Los Angeles Lakers,93,110,Scottie Barnes;Immanuel Quickley;RJ Barrett;Jakob Poeltl;Jamal Shead;Collin Murray-Boyles;Sandro Mamukelashvili;Ja'Kobe Walter;Ochai Agbaji;Gradey Dick;A.J. Lawson;Jamison Battle;Markelle Fultz;Chucky Hepburn;Alijah Martin;Jonathan Mogbo;Trayce Jackson-Davis;Garrett Temple;Mo Bamba,Austin Reaves;LeBron James;Marcus Smart;Rui Hachimura;Deandre Ayton;Jake LaRavia;Luke Kennard;Gabe Vincent;Jaxson Hayes;Jarred Vanderbilt;Nick Smith Jr.;Maxi Kleber;Dalton Knecht;Bronny James;Drew Timme;Kobe Bufkin;Adou Thiero;Chris Mañon;Christian Koloko
2026,Milwaukee Bucks,Atlanta Hawks,112,110,Ryan Rollins;A.J. Green;Giannis Antetokounmpo;Myles Turner;Ousmane Dieng;Kyle Kuzma;Cormac Ryan;Bobby Portis;Taurean Prince;Gary Trent Jr.;Jericho Sims;Cam Thomas;Pete Nance;Cole Anthony;Gary Harris;Amir Coffey;Andre Jackson Jr.;Thanasis Antetokounmpo;Mark Sears;Alex Antetokounmpo,Nickeil Alexander-Walker;Dyson Daniels;Onyeka Okongwu;CJ McCollum;Trae Young;Keshon Gilbert;Kristaps Porziņģis;Zaccharie Risacher;Vít Krejčí;Jonathan Kuminga;Luke Kennard;Jock Landale;Corey Kispert;Mouhamed Gueye;Gabe Vincent;Asa Newell;RayJ Dennis;Tony Bradley;Christian Koloko;Keaton Wallace;Buddy Hield;Caleb Houstan;N'Faly Dante;Jacob Toppin
2026,Oklahoma City Thunder,Cleveland Cavaliers,136,104,Chet Holmgren;Jalen Williams;Luguentz Dort;Cason Wallace;Ajay Mitchell;Isaiah Hartenstein;Aaron Wiggins;Isaiah Joe;Jaylin Williams;Alex Caruso;Jared McCain;Nikola Topić;Payton Sandfort;Kenrich Williams;Branden Carlson;Ousmane Dieng;Brooks Barnhizer;Chris Youngblood;Buddy Boeheim,Donovan Mitchell;Evan Mobley;Darius Garland;Jarrett Allen;Jaylon Tyson;Sam Merrill;De'Andre Hunter;Keon Ellis;Max Strus;Dean Wade;Dennis Schröder;Lonzo Ball;Craig Porter Jr.;Nae'Qwan Tomlin;Larry Nance Jr.;Thomas Bryant;Tyrese Proctor;Olivier Sarr;Tristan Enaruna;Luke Travers;Riley Minix;Chris Livingston;Darius Brown II
2026,Los Angeles Clippers,Washington Wizards,110,106,Kawhi Leonard;Ivica Zubac;Darius Garland;Bennedict Mathurin;Kris Dunn;John Collins;Derrick Jones Jr.;Jordan Miller;Brook Lopez;Bradley Beal;Kobe Sanders;Bogdan Bogdanović;Nicolas Batum;Isaiah Jackson;Chris Paul;Yanic Konan Niederhäuser;Cam Christie;Kobe Brown;Patrick Baldwin Jr.;TyTy Washington Jr.;Dalano Banton;Sean Pedulla;Norchad Omier;RayJ Dennis;Jahmyl Telfort,CJ McCollum;Kyshawn George;Leaky Black;Bub Carrington;Alex Sarr;Bilal Coulibaly;Alondes Williams;Khris Middleton;Tre Johnson;Kadary Richmond;Will Riley;Trae Young;Jamir Watkins;Jaden Hardy;Justin Champagnie;Corey Kispert;Marvin Bagley III;Anthony Gill;Sharife Cooper;Cam Whitmore;Keshon Gilbert;Tristan Vukcevic;Skal Labissière;Malaki Branham;AJ Johnson
2026,Dallas Mavericks,New York Knicks,114,97,Anthony Davis;P.J. Washington;Naji Marshall;Max Christie;Brandon Williams;Klay Thompson;Daniel Gafford;Marvin Bagley III;Khris Middleton;Ryan Nembhard;John Poulakidas;D'Angelo Russell;Tyus Jones;Dereck Lively II;Caleb Martin;Dwight Powell;Moussa Cisse;Tyler Smith;Jaden Hardy;Jeremiah Robinson-Earl;AJ Johnson;Miles Kelly,OG Anunoby;Mikal Bridges;Karl-Anthony Towns;Josh Hart;Miles McBride;Landry Shamet;Mitchell Robinson;Jordan Clarkson;Jose Alvarado;Tyler Kolek;Mohamed Diawara;Ariel Hukporti;Guerschon Yabusele;Kevin McCullar Jr.;Jeremy Sochan;Trey Jemison;Dillon Jones;Pacôme Dadiet;Tosan Evbuomwan
2026,Utah Jazz,San Antonio Spurs,110,123,Andersson Garcia;Keyonte George;Bez Mbeng;Kennedy Chandler;Walker Kessler;Ace Bailey;Jusuf Nurkić;John Konchar;Isaiah Collier;Hayden Gray;Cody Williams;Jaren Jackson Jr.;Brice Sensabaugh;Kyle Filipowski;Svi Mykhailiuk;Elijah Harkless;Blake Hinson;Kyle Anderson;Mo Bamba;Walter Clayton;Kevin Love;Oscar Tshiebwe;Taylor Hendricks;Vince Williams Jr.,Devin Vassell;Stephon Castle;Victor Wembanyama;Julian Champagnie;Harrison Barnes;Keldon Johnson;Dylan Harper;Luke Kornet;Jeremy Sochan;Carter Bryant;Kelly Olynyk;Mason Plumlee;Lindy Waters III;Jordan McLaughlin;David Jones García;Bismack Biyombo;Harrison Ingram;Stanley Umude;Riley Minix
2026,Indiana Pacers,Philadelphia 76ers,104,113,Bennedict Mathurin;Andrew Nembhard;Aaron Nesmith;Jarace Walker;Kobe Brown;Jalen Slawson;Ivica Zubac;Ben Sheppard;Jay Huff;Ethan Thompson;Micah Potter;Johnny Furphy;Quenton Jackson;Obi Toppin;Jeremiah Robinson-Earl;T.J. McConnell;Isaiah Jackson;Kam Jones;James Wiseman;Cody Martin;Garrison Mathews;Taelon Peter;RayJ Dennis;Mac McClung;Tony Bradley;Monte Morris,VJ Edgecombe;Joel Embiid;Kelly Oubre Jr.;Paul George;Quentin Grimes;Dominick Barlow;Andre Drummond;Adem Bona;Cameron Payne;Jared McCain;Trendon Watford;Justin Edwards;MarJon Beauchamp;Dalen Terry;Eric Gordon;Jabari Walker;Tyrese Martin;Kyle Lowry;Johni Broome;Charles Bassey;Hunter Sallis;Patrick Baldwin Jr.
2026,Phoenix Suns,Brooklyn Nets,126,117,Dillon Brooks;Grayson Allen;Collin Gillespie;Royce O'Neale;Jalen Green;Mark Williams;Jordan Goodwin;Oso Ighodaro;Ryan Dunn;Amir Coffey;Jamaree Bouyea;Haywood Highsmith;Rasheer Fleming;CJ Huntley;Isaiah Livers;Nick Richards;Khaman Maluach;Nigel Hayes-Davis;Koby Brea,Tre Scott;Nic Claxton;Noah Clowney;Egor Dёmin;Terance Mann;Cam Thomas;Malachi Smith;Ziaire Williams;Nolan Traoré;Drake Powell;Danny Wolf;Ben Saraf;Chaney Johnson;Josh Minott;Tyrese Martin;Day'Ron Sharpe;Ochai Agbaji;Jalen Wilson;Tyson Etienne;E.J. Liddell;Grant Nelson
2026,Boston Celtics,Detroit Pistons,103,104,Derrick White;Jayson Tatum;Payton Pritchard;Neemias Queta;Sam Hauser;Anfernee Simons;Nikola Vučević;Baylor Scheierman;Jordan Walsh;Luka Garza;Josh Minott;Hugo González;Dalano Banton;Ron Harper Jr.;Chris Boucher;Xavier Tillman Sr.;John Tonje;Amari Williams;Charles Bassey;Max Shulga,Jalen Duren;Tobias Harris;Duncan Robinson;Ausar Thompson;Isaiah Stewart;Kevin Huerter;Daniss Jenkins;Ron Holland;Caris LeVert;Javonte Green;Jaden Ivey;Paul Reed;Marcus Sasser;Wendell Moore Jr.;Tolu Smith;Chaz Lanier;Colby Jones;Bobi Klintman;Isaac Jones
2026,Miami Heat,Golden State Warriors,112,135,Tyler Herro;Andrew Wiggins;Norman Powell;Davion Mitchell;Jaime Jaquez Jr.;Pelle Larsson;Kel'el Ware;Kasparas Jakučionis;Nikola Jović;Simone Fontecchio;Dru Smith;Myron Gardner;Keshad Johnson;Jahmir Young;Vladislav Goldin;Trevor Keels,Stephen Curry;Brandin Podziemski;Draymond Green;Moses Moody;Jonathan Kuminga;Kristaps Porziņģis;De'Anthony Melton;Al Horford;Gui Santos;Charles Bassey;Will Richard;Pat Spencer;Buddy Hield;Quinten Post;Nate Williams;LJ Cryer;Gary Payton II;Seth Curry;Omer Yurtseven;Trayce Jackson-Davis;Malevy Leons
2026,Phoenix Suns,Philadelphia 76ers,116,110,Dillon Brooks;Grayson Allen;Collin Gillespie;Royce O'Neale;Jalen Green;Mark Williams;Jordan Goodwin;Oso Ighodaro;Ryan Dunn;Amir Coffey;Jamaree Bouyea;Haywood Highsmith;Rasheer Fleming;CJ Huntley;Isaiah Livers;Nick Richards;Khaman Maluach;Nigel Hayes-Davis;Koby Brea,VJ Edgecombe;Joel Embiid;Kelly Oubre Jr.;Paul George;Quentin Grimes;Dominick Barlow;Andre Drummond;Adem Bona;Cameron Payne;Jared McCain;Trendon Watford;Justin Edwards;MarJon Beauchamp;Dalen Terry;Eric Gordon;Jabari Walker;Tyrese Martin;Kyle Lowry;Johni Broome;Charles Bassey;Hunter Sallis;Patrick Baldwin Jr.
2026,Los Angeles Clippers,Chicago Bulls,110,138,Kawhi Leonard;Ivica Zubac;Darius Garland;Bennedict Mathurin;Kris Dunn;John Collins;Derrick Jones Jr.;Jordan Miller;Brook Lopez;Bradley Beal;Kobe Sanders;Bogdan Bogdanović;Nicolas Batum;Isaiah Jackson;Chris Paul;Yanic Konan Niederhäuser;Cam Christie;Kobe Brown;Patrick Baldwin Jr.;TyTy Washington Jr.;Dalano Banton;Sean Pedulla;Norchad Omier;RayJ Dennis;Jahmyl Telfort,Nikola Vučević;Matas Buzelis;Coby White;Jaden Ivey;Anfernee Simons;Tre Jones;Isaac Okoro;Ayo Dosunmu;Collin Sexton;Guerschon Yabusele;Kevin Huerter;Leonard Miller;Mouhamadou Gueye;Nick Richards;Rob Dillingham;Jalen Smith;Patrick Williams;Zach Collins;Mac McClung;Yuki Kawamura;Dalen Terry;Jevon Carter;Julian Phillips;Lachlan Olbrich;Emanuel Miller;Trentyn Flowers;Noa Essengue
2026,San Antonio Spurs,Houston Rockets,106,111,Devin Vassell;Stephon Castle;Victor Wembanyama;Julian Champagnie;Harrison Barnes;Keldon Johnson;Dylan Harper;Luke Kornet;Jeremy Sochan;Carter Bryant;Kelly Olynyk;Mason Plumlee;Lindy Waters III;Jordan McLaughlin;David Jones García;Bismack Biyombo;Harrison Ingram;Stanley Umude;Riley Minix,Kevin Durant;Jabari Smith Jr.;Alperen Şengün;Reed Sheppard;Tari Eason;Steven Adams;Josh Okogie;Dorian Finney-Smith;Aaron Holiday;Clint Capela;Tristen Newton;Jae'Sean Tate;JD Davison;Isaiah Crawford;Jeff Green
2026,Minnesota Timberwolves,Utah Jazz,122,127,Julius Randle;Jaden McDaniels;Rudy Gobert;Donte DiVincenzo;Ayo Dosunmu;Naz Reid;Kyle Anderson;Mike Conley;Bones Hyland;Jaylen Clark;Terrence Shannon Jr.;Rob Dillingham;Enrique Freeman;Zyon Pullin;Joan Beringer;Julian Phillips;Rocco Zikarsky;Joe Ingles;Leonard Miller;Johnny Juzang,Andersson Garcia;Keyonte George;Bez Mbeng;Kennedy Chandler;Walker Kessler;Ace Bailey;Jusuf Nurkić;John Konchar;Isaiah Collier;Hayden Gray;Cody Williams;Jaren Jackson Jr.;Brice Sensabaugh;Kyle Filipowski;Svi Mykhailiuk;Elijah Harkless;Blake Hinson;Kyle Anderson;Mo Bamba;Walter Clayton;Kevin Love;Oscar Tshiebwe;Taylor Hendricks;Vince Williams Jr.
2026,Los Angeles Lakers,Denver Nuggets,115,107,Austin Reaves;LeBron James;Marcus Smart;Rui Hachimura;Deandre Ayton;Jake LaRavia;Luke Kennard;Gabe Vincent;Jaxson Hayes;Jarred Vanderbilt;Nick Smith Jr.;Maxi Kleber;Dalton Knecht;Bronny James;Drew Timme;Kobe Bufkin;Adou Thiero;Chris Mañon;Christian Koloko,Nikola Jokić;Christian Braun;Cameron Johnson;Peyton Watson;Aaron Gordon;Tim Hardaway Jr.;Bruce Brown;Spencer Jones;Jalen Pickett;Julian Strawther;David Roddy;Jonas Valančiūnas;Zeke Nnaji;Curtis Jones;Tyus Jones;DaRon Holmes;Hunter Tyson;KJ Simpson
2026,Toronto Raptors,Golden State Warriors,145,127,Scottie Barnes;Immanuel Quickley;RJ Barrett;Jakob Poeltl;Jamal Shead;Collin Murray-Boyles;Sandro Mamukelashvili;Ja'Kobe Walter;Ochai Agbaji;Gradey Dick;A.J. Lawson;Jamison Battle;Markelle Fultz;Chucky Hepburn;Alijah Martin;Jonathan Mogbo;Trayce Jackson-Davis;Garrett Temple;Mo Bamba,Stephen Curry;Brandin Podziemski;Draymond Green;Moses Moody;Jonathan Kuminga;Kristaps Porziņģis;De'Anthony Melton;Al Horford;Gui Santos;Charles Bassey;Will Richard;Pat Spencer;Buddy Hield;Quinten Post;Nate Williams;LJ Cryer;Gary Payton II;Seth Curry;Omer Yurtseven;Trayce Jackson-Davis;Malevy Leons
2026,Miami Heat,Sacramento Kings,130,117,Tyler Herro;Andrew Wiggins;Norman Powell;Davion Mitchell;Jaime Jaquez Jr.;Pelle Larsson;Kel'el Ware;Kasparas Jakučionis;Nikola Jović;Simone Fontecchio;Dru Smith;Myron Gardner;Keshad Johnson;Jahmir Young;Vladislav Goldin;Trevor Keels,Zach LaVine;DeMar DeRozan;Domantas Sabonis;Russell Westbrook;Maxime Raynaud;Daeqwon Plowden;Dennis Schröder;De'Andre Hunter;Nique Clifford;Precious Achiuwa;Malik Monk;Dylan Cardwell;DaQuan Jeffries;Devin Carter;Killian Hayes;Keon Ellis;Doug McDermott;Patrick Baldwin Jr.;Isaiah Stevens;Drew Eubanks;Dario Šarić;Isaac Jones
2026,Cleveland Cavaliers,Charlotte Hornets,94,87,Donovan Mitchell;Evan Mobley;Darius Garland;Jarrett Allen;Jaylon Tyson;Sam Merrill;De'Andre Hunter;Keon Ellis;Max Strus;Dean Wade;Dennis Schröder;Lonzo Ball;Craig Porter Jr.;Nae'Qwan Tomlin;Larry Nance Jr.;Thomas Bryant;Tyrese Proctor;Olivier Sarr;Tristan Enaruna;Luke Travers;Riley Minix;Chris Livingston;Darius Brown II,Miles Bridges;Brandon Miller;LaMelo Ball;Moussa Diabaté;Sion James;Collin Sexton;Ryan Kalkbrenner;Grant Williams;Coby White;KJ Simpson;Josh Green;PJ Hall;Tidjane Salaün;Tre Mann;Liam McNeeley;Drew Peterson;Mason Plumlee;Pat Connaughton;Antonio Reeves;Xavier Tillman Sr.
2026,Indiana Pacers,Boston Celtics,104,119,Bennedict Mathurin;Andrew Nembhard;Aaron Nesmith;Jarace Walker;Kobe Brown;Jalen Slawson;Ivica Zubac;Ben Sheppard;Jay Huff;Ethan Thompson;Micah Potter;Johnny Furphy;Quenton Jackson;Obi Toppin;Jeremiah Robinson-Earl;T.J. McConnell;Isaiah Jackson;Kam Jones;James Wiseman;Cody Martin;Garrison Mathews;Taelon Peter;RayJ Dennis;Mac McClung;Tony Bradley;Monte Morris,Derrick White;Jayson Tatum;Payton Pritchard;Neemias Queta;Sam Hauser;Anfernee Simons;Nikola Vučević;Baylor Scheierman;Jordan Walsh;Luka Garza;Josh Minott;Hugo González;Dalano Banton;Ron Harper Jr.;Chris Boucher;Xavier Tillman Sr.;John Tonje;Amari Williams;Charles Bassey;Max Shulga
2026,Brooklyn Nets,New York Knicks,66,120,Tre Scott;Nic Claxton;Noah Clowney;Egor Dёmin;Terance Mann;Cam Thomas;Malachi Smith;Ziaire Williams;Nolan Traoré;Drake Powell;Danny Wolf;Ben Saraf;Chaney Johnson;Josh Minott;Tyrese Martin;Day'Ron Sharpe;Ochai Agbaji;Jalen Wilson;Tyson Etienne;E.J. Liddell;Grant Nelson,OG Anunoby;Mikal Bridges;Karl-Anthony Towns;Josh Hart;Miles McBride;Landry Shamet;Mitchell Robinson;Jordan Clarkson;Jose Alvarado;Tyler Kolek;Mohamed Diawara;Ariel Hukporti;Guerschon Yabusele;Kevin McCullar Jr.;Jeremy Sochan;Trey Jemison;Dillon Jones;Pacôme Dadiet;Tosan Evbuomwan
2026,Atlanta Hawks,Memphis Grizzlies,124,122,Nickeil Alexander-Walker;Dyson Daniels;Onyeka Okongwu;CJ McCollum;Trae Young;Keshon Gilbert;Kristaps Porziņģis;Zaccharie Risacher;Vít Krejčí;Jonathan Kuminga;Luke Kennard;Jock Landale;Corey Kispert;Mouhamed Gueye;Gabe Vincent;Asa Newell;RayJ Dennis;Tony Bradley;Christian Koloko;Keaton Wallace;Buddy Hield;Caleb Houstan;N'Faly Dante;Jacob Toppin,Lucas Williamson;Rayan Rupert;Jaren Jackson Jr.;Dariq Whitehead;Adama-Alpha Bal;Ja Morant;Santi Aldama;Jaylen Wells;Zach Edey;Cedric Coward;Tyler Burton;Walter Clayton;Lawson Lovering;Taylor Hendricks;Cam Spencer;Jock Landale;Ty Jerome;Kyle Anderson;Jahmai Mashack;Vince Williams Jr.;GG Jackson II;Kentavious Caldwell-Pope;Scotty Pippen Jr.;DeJon Jarreau;Javon Small;Olivier-Maxence Prosper;Christian Koloko;Charles Bassey;John Konchar;Brandon Clarke;Taj Gibson;PJ Hall
2026,Detroit Pistons,New Orleans Pelicans,112,104,Jalen Duren;Tobias Harris;Duncan Robinson;Ausar Thompson;Isaiah Stewart;Kevin Huerter;Daniss Jenkins;Ron Holland;Caris LeVert;Javonte Green;Jaden Ivey;Paul Reed;Marcus Sasser;Wendell Moore Jr.;Tolu Smith;Chaz Lanier;Colby Jones;Bobi Klintman;Isaac Jones,Saddiq Bey;Zion Williamson;Herbert Jones;Dejounte Murray;Josh Oduro;Jeremiah Fears;Derik Queen;Jordan Poole;Jose Alvarado;Bryce McGowens;Yves Missi;DeAndre Jordan;Micah Peavy;Karlo Matković;Kevon Looney;Jordan Hawkins;Trey Alexander;Hunter Dickinson
2026,Oklahoma City Thunder,Milwaukee Bucks,122,102,Chet Holmgren;Jalen Williams;Luguentz Dort;Cason Wallace;Ajay Mitchell;Isaiah Hartenstein;Aaron Wiggins;Isaiah Joe;Jaylin Williams;Alex Caruso;Jared McCain;Nikola Topić;Payton Sandfort;Kenrich Williams;Branden Carlson;Ousmane Dieng;Brooks Barnhizer;Chris Youngblood;Buddy Boeheim,Ryan Rollins;A.J. Green;Giannis Antetokounmpo;Myles Turner;Ousmane Dieng;Kyle Kuzma;Cormac Ryan;Bobby Portis;Taurean Prince;Gary Trent Jr.;Jericho Sims;Cam Thomas;Pete Nance;Cole Anthony;Gary Harris;Amir Coffey;Andre Jackson Jr.;Thanasis Antetokounmpo;Mark Sears;Alex Antetokounmpo
2026,Toronto Raptors,Sacramento Kings,122,109,Scottie Barnes;Immanuel Quickley;RJ Barrett;Jakob Poeltl;Jamal Shead;Collin Murray-Boyles;Sandro Mamukelashvili;Ja'Kobe Walter;Ochai Agbaji;Gradey Dick;A.J. Lawson;Jamison Battle;Markelle Fultz;Chucky Hepburn;Alijah Martin;Jonathan Mogbo;Trayce Jackson-Davis;Garrett Temple;Mo Bamba,Zach LaVine;DeMar DeRozan;Domantas Sabonis;Russell Westbrook;Maxime Raynaud;Daeqwon Plowden;Dennis Schröder;De'Andre Hunter;Nique Clifford;Precious Achiuwa;Malik Monk;Dylan Cardwell;DaQuan Jeffries;Devin Carter;Killian Hayes;Keon Ellis;Doug McDermott;Patrick Baldwin Jr.;Isaiah Stevens;Drew Eubanks;Dario Šarić;Isaac Jones
2026,Charlotte Hornets,Orlando Magic,124,97,Miles Bridges;Brandon Miller;LaMelo Ball;Moussa Diabaté;Sion James;Collin Sexton;Ryan Kalkbrenner;Grant Williams;Coby White;KJ Simpson;Josh Green;PJ Hall;Tidjane Salaün;Tre Mann;Liam McNeeley;Drew Peterson;Mason Plumlee;Pat Connaughton;Antonio Reeves;Xavier Tillman Sr.,Desmond Bane;Franz Wagner;Anthony Black;Wendell Carter Jr.;Jalen Suggs;Tristan Da Silva;Jevon Carter;Tyus Jones;Goga Bitadze;Noah Penda;Jett Howard;Jamal Cain;Moritz Wagner;Jase Richardson;Jonathan Isaac;Orlando Robinson;Alex Morales;Colin Castleton
2026,Houston Rockets,Philadelphia 76ers,122,128,Kevin Durant;Jabari Smith Jr.;Alperen Şengün;Reed Sheppard;Tari Eason;Steven Adams;Josh Okogie;Dorian Finney-Smith;Aaron Holiday;Clint Capela;Tristen Newton;Jae'Sean Tate;JD Davison;Isaiah Crawford;Jeff Green,VJ Edgecombe;Joel Embiid;Kelly Oubre Jr.;Paul George;Quentin Grimes;Dominick Barlow;Andre Drummond;Adem Bona;Cameron Payne;Jared McCain;Trendon Watford;Justin Edwards;MarJon Beauchamp;Dalen Terry;Eric Gordon;Jabari Walker;Tyrese Martin;Kyle Lowry;Johni Broome;Charles Bassey;Hunter Sallis;Patrick Baldwin Jr.
2026,Denver Nuggets,Washington Wizards,107,97,Nikola Jokić;Christian Braun;Cameron Johnson;Peyton Watson;Aaron Gordon;Tim Hardaway Jr.;Bruce Brown;Spencer Jones;Jalen Pickett;Julian Strawther;David Roddy;Jonas Valančiūnas;Zeke Nnaji;Curtis Jones;Tyus Jones;DaRon Holmes;Hunter Tyson;KJ Simpson,CJ McCollum;Kyshawn George;Leaky Black;Bub Carrington;Alex Sarr;Bilal Coulibaly;Alondes Williams;Khris Middleton;Tre Johnson;Kadary Richmond;Will Riley;Trae Young;Jamir Watkins;Jaden Hardy;Justin Champagnie;Corey Kispert;Marvin Bagley III;Anthony Gill;Sharife Cooper;Cam Whitmore;Keshon Gilbert;Tristan Vukcevic;Skal Labissière;Malaki Branham;AJ Johnson
2026,Golden State Warriors,Dallas Mavericks,115,123,Stephen Curry;Brandin Podziemski;Draymond Green;Moses Moody;Jonathan Kuminga;Kristaps Porziņģis;De'Anthony Melton;Al Horford;Gui Santos;Charles Bassey;Will Richard;Pat Spencer;Buddy Hield;Quinten Post;Nate Williams;LJ Cryer;Gary Payton II;Seth Curry;Omer Yurtseven;Trayce Jackson-Davis;Malevy Leons,Anthony Davis;P.J. Washington;Naji Marshall;Max Christie;Brandon Williams;Klay Thompson;Daniel Gafford;Marvin Bagley III;Khris Middleton;Ryan Nembhard;John Poulakidas;D'Angelo Russell;Tyus Jones;Dereck Lively II;Caleb Martin;Dwight Powell;Moussa Cisse;Tyler Smith;Jaden Hardy;Jeremiah Robinson-Earl;AJ Johnson;Miles Kelly
2026,Chicago Bulls,Minnesota Timberwolves,120,115,Nikola Vučević;Matas Buzelis;Coby White;Jaden Ivey;Anfernee Simons;Tre Jones;Isaac Okoro;Ayo Dosunmu;Collin Sexton;Guerschon Yabusele;Kevin Huerter;Leonard Miller;Mouhamadou Gueye;Nick Richards;Rob Dillingham;Jalen Smith;Patrick Williams;Zach Collins;Mac McClung;Yuki Kawamura;Dalen Terry;Jevon Carter;Julian Phillips;Lachlan Olbrich;Emanuel Miller;Trentyn Flowers;Noa Essengue,Julius Randle;Jaden McDaniels;Rudy Gobert;Donte DiVincenzo;Ayo Dosunmu;Naz Reid;Kyle Anderson;Mike Conley;Bones Hyland;Jaylen Clark;Terrence Shannon Jr.;Rob Dillingham;Enrique Freeman;Zyon Pullin;Joan Beringer;Julian Phillips;Rocco Zikarsky;Joe Ingles;Leonard Miller;Johnny Juzang
2026,San Antonio Spurs,Utah Jazz,126,109,Devin Vassell;Stephon Castle;Victor Wembanyama;Julian Champagnie;Harrison Barnes;Keldon Johnson;Dylan Harper;Luke Kornet;Jeremy Sochan;Carter Bryant;Kelly Olynyk;Mason Plumlee;Lindy Waters III;Jordan McLaughlin;David Jones García;Bismack Biyombo;Harrison Ingram;Stanley Umude;Riley Minix,Andersson Garcia;Keyonte George;Bez Mbeng;Kennedy Chandler;Walker Kessler;Ace Bailey;Jusuf Nurkić;John Konchar;Isaiah Collier;Hayden Gray;Cody Williams;Jaren Jackson Jr.;Brice Sensabaugh;Kyle Filipowski;Svi Mykhailiuk;Elijah Harkless;Blake Hinson;Kyle Anderson;Mo Bamba;Walter Clayton;Kevin Love;Oscar Tshiebwe;Taylor Hendricks;Vince Williams Jr.
2026,Los Angeles Lakers,Los Angeles Clippers,104,112,Austin Reaves;LeBron James;Marcus Smart;Rui Hachimura;Deandre Ayton;Jake LaRavia;Luke Kennard;Gabe Vincent;Jaxson Hayes;Jarred Vanderbilt;Nick Smith Jr.;Maxi Kleber;Dalton Knecht;Bronny James;Drew Timme;Kobe Bufkin;Adou Thiero;Chris Mañon;Christian Koloko,Kawhi Leonard;Ivica Zubac;Darius Garland;Bennedict Mathurin;Kris Dunn;John Collins;Derrick Jones Jr.;Jordan Miller;Brook Lopez;Bradley Beal;Kobe Sanders;Bogdan Bogdanović;Nicolas Batum;Isaiah Jackson;Chris Paul;Yanic Konan Niederhäuser;Cam Christie;Kobe Brown;Patrick Baldwin Jr.;TyTy Washington Jr.;Dalano Banton;Sean Pedulla;Norchad Omier;RayJ Dennis;Jahmyl Telfort
2026,Miami Heat,Portland Trail Blazers,110,127,Tyler Herro;Andrew Wiggins;Norman Powell;Davion Mitchell;Jaime Jaquez Jr.;Pelle Larsson;Kel'el Ware;Kasparas Jakučionis;Nikola Jović;Simone Fontecchio;Dru Smith;Myron Gardner;Keshad Johnson;Jahmir Young;Vladislav Goldin;Trevor Keels,Deni Avdija;Jerami Grant;Shaedon Sharpe;Jrue Holiday;Donovan Clingan;Scoot Henderson;Kris Murray;Caleb Love;Vít Krejčí;Sidy Cissoko;Robert Williams;Matisse Thybulle;Rayan Rupert;Blake Wesley;Duop Reath;Yang Hansen;Chris Youngblood;Javonte Cooke;Jayson Kent
2026,Houston Rockets,Detroit Pistons,111,104,Kevin Durant;Jabari Smith Jr.;Alperen Şengün;Reed Sheppard;Tari Eason;Steven Adams;Josh Okogie;Dorian Finney-Smith;Aaron Holiday;Clint Capela;Tristen Newton;Jae'Sean Tate;JD Davison;Isaiah Crawford;Jeff Green,Jalen Duren;Tobias Harris;Duncan Robinson;Ausar Thompson;Isaiah Stewart;Kevin Huerter;Daniss Jenkins;Ron Holland;Caris LeVert;Javonte Green;Jaden Ivey;Paul Reed;Marcus Sasser;Wendell Moore Jr.;Tolu Smith;Chaz Lanier;Colby Jones;Bobi Klintman;Isaac Jones
2026,Phoenix Suns,Atlanta Hawks,103,110,Dillon Brooks;Grayson Allen;Collin Gillespie;Royce O'Neale;Jalen Green;Mark Williams;Jordan Goodwin;Oso Ighodaro;Ryan Dunn;Amir Coffey;Jamaree Bouyea;Haywood Highsmith;Rasheer Fleming;CJ Huntley;Isaiah Livers;Nick Richards;Khaman Maluach;Nigel Hayes-Davis;Koby Brea,Nickeil Alexander-Walker;Dyson Daniels;Onyeka Okongwu;CJ McCollum;Trae Young;Keshon Gilbert;Kristaps Porziņģis;Zaccharie Risacher;Vít Krejčí;Jonathan Kuminga;Luke Kennard;Jock Landale;Corey Kispert;Mouhamed Gueye;Gabe Vincent;Asa Newell;RayJ Dennis;Tony Bradley;Christian Koloko;Keaton Wallace;Buddy Hield;Caleb Houstan;N'Faly Dante;Jacob Toppin
2026,Boston Celtics,Brooklyn Nets,130,126,Derrick White;Jayson Tatum;Payton Pritchard;Neemias Queta;Sam Hauser;Anfernee Simons;Nikola Vučević;Baylor Scheierman;Jordan Walsh;Luka Garza;Josh Minott;Hugo González;Dalano Banton;Ron Harper Jr.;Chris Boucher;Xavier Tillman Sr.;John Tonje;Amari Williams;Charles Bassey;Max Shulga,Tre Scott;Nic Claxton;Noah Clowney;Egor Dёmin;Terance Mann;Cam Thomas;Malachi Smith;Ziaire Williams;Nolan Traoré;Drake Powell;Danny Wolf;Ben Saraf;Chaney Johnson;Josh Minott;Tyrese Martin;Day'Ron Sharpe;Ochai Agbaji;Jalen Wilson;Tyson Etienne;E.J. Liddell;Grant Nelson
2026,Sacramento Kings,Cleveland Cavaliers,118,123,Zach LaVine;DeMar DeRozan;Domantas Sabonis;Russell Westbrook;Maxime Raynaud;Daeqwon Plowden;Dennis Schröder;De'Andre Hunter;Nique Clifford;Precious Achiuwa;Malik Monk;Dylan Cardwell;DaQuan Jeffries;Devin Carter;Killian Hayes;Keon Ellis;Doug McDermott;Patrick Baldwin Jr.;Isaiah Stevens;Drew Eubanks;Dario Šarić;Isaac Jones,Donovan Mitchell;Evan Mobley;Darius Garland;Jarrett Allen;Jaylon Tyson;Sam Merrill;De'Andre Hunter;Keon Ellis;Max Strus;Dean Wade;Dennis Schröder;Lonzo Ball;Craig Porter Jr.;Nae'Qwan Tomlin;Larry Nance Jr.;Thomas Bryant;Tyrese Proctor;Olivier Sarr;Tristan Enaruna;Luke Travers;Riley Minix;Chris Livingston;Darius Brown II
2026,New Orleans Pelicans,Memphis Grizzlies,133,127,Saddiq Bey;Zion Williamson;Herbert Jones;Dejounte Murray;Josh Oduro;Jeremiah Fears;Derik Queen;Jordan Poole;Jose Alvarado;Bryce McGowens;Yves Missi;DeAndre Jordan;Micah Peavy;Karlo Matković;Kevon Looney;Jordan Hawkins;Trey Alexander;Hunter Dickinson,Lucas Williamson;Rayan Rupert;Jaren Jackson Jr.;Dariq Whitehead;Adama-Alpha Bal;Ja Morant;Santi Aldama;Jaylen Wells;Zach Edey;Cedric Coward;Tyler Burton;Walter Clayton;Lawson Lovering;Taylor Hendricks;Cam Spencer;Jock Landale;Ty Jerome;Kyle Anderson;Jahmai Mashack;Vince Williams Jr.;GG Jackson II;Kentavious Caldwell-Pope;Scotty Pippen Jr.;DeJon Jarreau;Javon Small;Olivier-Maxence Prosper;Christian Koloko;Charles Bassey;John Konchar;Brandon Clarke;Taj Gibson;PJ Hall
2026,Indiana Pacers,Oklahoma City Thunder,117,114,Bennedict Mathurin;Andrew Nembhard;Aaron Nesmith;Jarace Walker;Kobe Brown;Jalen Slawson;Ivica Zubac;Ben Sheppard;Jay Huff;Ethan Thompson;Micah Potter;Johnny Furphy;Quenton Jackson;Obi Toppin;Jeremiah Robinson-Earl;T.J. McConnell;Isaiah Jackson;Kam Jones;James Wiseman;Cody Martin;Garrison Mathews;Taelon Peter;RayJ Dennis;Mac McClung;Tony Bradley;Monte Morris,Chet Holmgren;Jalen Williams;Luguentz Dort;Cason Wallace;Ajay Mitchell;Isaiah Hartenstein;Aaron Wiggins;Isaiah Joe;Jaylin Williams;Alex Caruso;Jared McCain;Nikola Topić;Payton Sandfort;Kenrich Williams;Branden Carlson;Ousmane Dieng;Brooks Barnhizer;Chris Youngblood;Buddy Boeheim
2026,Denver Nuggets,Milwaukee Bucks,102,100,Nikola Jokić;Christian Braun;Cameron Johnson;Peyton Watson;Aaron Gordon;Tim Hardaway Jr.;Bruce Brown;Spencer Jones;Jalen Pickett;Julian Strawther;David Roddy;Jonas Valančiūnas;Zeke Nnaji;Curtis Jones;Tyus Jones;DaRon Holmes;Hunter Tyson;KJ Simpson,Ryan Rollins;A.J. Green;Giannis Antetokounmpo;Myles Turner;Ousmane Dieng;Kyle Kuzma;Cormac Ryan;Bobby Portis;Taurean Prince;Gary Trent Jr.;Jericho Sims;Cam Thomas;Pete Nance;Cole Anthony;Gary Harris;Amir Coffey;Andre Jackson Jr.;Thanasis Antetokounmpo;Mark Sears;Alex Antetokounmpo
2026,Toronto Raptors,Portland Trail Blazers,110,98,Scottie Barnes;Immanuel Quickley;RJ Barrett;Jakob Poeltl;Jamal Shead;Collin Murray-Boyles;Sandro Mamukelashvili;Ja'Kobe Walter;Ochai Agbaji;Gradey Dick;A.J. Lawson;Jamison Battle;Markelle Fultz;Chucky Hepburn;Alijah Martin;Jonathan Mogbo;Trayce Jackson-Davis;Garrett Temple;Mo Bamba,Deni Avdija;Jerami Grant;Shaedon Sharpe;Jrue Holiday;Donovan Clingan;Scoot Henderson;Kris Murray;Caleb Love;Vít Krejčí;Sidy Cissoko;Robert Williams;Matisse Thybulle;Rayan Rupert;Blake Wesley;Duop Reath;Yang Hansen;Chris Youngblood;Javonte Cooke;Jayson Kent
2026,Washington Wizards,Charlotte Hornets,115,119,CJ McCollum;Kyshawn George;Leaky Black;Bub Carrington;Alex Sarr;Bilal Coulibaly;Alondes Williams;Khris Middleton;Tre Johnson;Kadary Richmond;Will Riley;Trae Young;Jamir Watkins;Jaden Hardy;Justin Champagnie;Corey Kispert;Marvin Bagley III;Anthony Gill;Sharife Cooper;Cam Whitmore;Keshon Gilbert;Tristan Vukcevic;Skal Labissière;Malaki Branham;AJ Johnson,Miles Bridges;Brandon Miller;LaMelo Ball;Moussa Diabaté;Sion James;Collin Sexton;Ryan Kalkbrenner;Grant Williams;Coby White;KJ Simpson;Josh Green;PJ Hall;Tidjane Salaün;Tre Mann;Liam McNeeley;Drew Peterson;Mason Plumlee;Pat Connaughton;Antonio Reeves;Xavier Tillman Sr.
2026,New York Knicks,Philadelphia 76ers,112,109,OG Anunoby;Mikal Bridges;Karl-Anthony Towns;Josh Hart;Miles McBride;Landry Shamet;Mitchell Robinson;Jordan Clarkson;Jose Alvarado;Tyler Kolek;Mohamed Diawara;Ariel Hukporti;Guerschon Yabusele;Kevin McCullar Jr.;Jeremy Sochan;Trey Jemison;Dillon Jones;Pacôme Dadiet;Tosan Evbuomwan,VJ Edgecombe;Joel Embiid;Kelly Oubre Jr.;Paul George;Quentin Grimes;Dominick Barlow;Andre Drummond;Adem Bona;Cameron Payne;Jared McCain;Trendon Watford;Justin Edwards;MarJon Beauchamp;Dalen Terry;Eric Gordon;Jabari Walker;Tyrese Martin;Kyle Lowry;Johni Broome;Charles Bassey;Hunter Sallis;Patrick Baldwin Jr.
2026,Cleveland Cavaliers,Orlando Magic,119,105,Donovan Mitchell;Evan Mobley;Darius Garland;Jarrett Allen;Jaylon Tyson;Sam Merrill;De'Andre Hunter;Keon Ellis;Max Strus;Dean Wade;Dennis Schröder;Lonzo Ball;Craig Porter Jr.;Nae'Qwan Tomlin;Larry Nance Jr.;Thomas Bryant;Tyrese Proctor;Olivier Sarr;Tristan Enaruna;Luke Travers;Riley Minix;Chris Livingston;Darius Brown II,Desmond Bane;Franz Wagner;Anthony Black;Wendell Carter Jr.;Jalen Suggs;Tristan Da Silva;Jevon Carter;Tyus Jones;Goga Bitadze;Noah Penda;Jett Howard;Jamal Cain;Moritz Wagner;Jase Richardson;Jonathan Isaac;Orlando Robinson;Alex Morales;Colin Castleton
2026,Boston Celtics,Chicago Bulls,111,114,Derrick White;Jayson Tatum;Payton Pritchard;Neemias Queta;Sam Hauser;Anfernee Simons;Nikola Vučević;Baylor Scheierman;Jordan Walsh;Luka Garza;Josh Minott;Hugo González;Dalano Banton;Ron Harper Jr.;Chris Boucher;Xavier Tillman Sr.;John Tonje;Amari Williams;Charles Bassey;Max Shulga,Nikola Vučević;Matas Buzelis;Coby White;Jaden Ivey;Anfernee Simons;Tre Jones;Isaac Okoro;Ayo Dosunmu;Collin Sexton;Guerschon Yabusele;Kevin Huerter;Leonard Miller;Mouhamadou Gueye;Nick Richards;Rob Dillingham;Jalen Smith;Patrick Williams;Zach Collins;Mac McClung;Yuki Kawamura;Dalen Terry;Jevon Carter;Julian Phillips;Lachlan Olbrich;Emanuel Miller;Trentyn Flowers;Noa Essengue
2026,Los Angeles Lakers,Dallas Mavericks,116,110,Austin Reaves;LeBron James;Marcus Smart;Rui Hachimura;Deandre Ayton;Jake LaRavia;Luke Kennard;Gabe Vincent;Jaxson Hayes;Jarred Vanderbilt;Nick Smith Jr.;Maxi Kleber;Dalton Knecht;Bronny James;Drew Timme;Kobe Bufkin;Adou Thiero;Chris Mañon;Christian Koloko,Anthony Davis;P.J. Washington;Naji Marshall;Max Christie;Brandon Williams;Klay Thompson;Daniel Gafford;Marvin Bagley III;Khris Middleton;Ryan Nembhard;John Poulakidas;D'Angelo Russell;Tyus Jones;Dereck Lively II;Caleb Martin;Dwight Powell;Moussa Cisse;Tyler Smith;Jaden Hardy;Jeremiah Robinson-Earl;AJ Johnson;Miles Kelly
2026,Miami Heat,Utah Jazz,147,116,Tyler Herro;Andrew Wiggins;Norman Powell;Davion Mitchell;Jaime Jaquez Jr.;Pelle Larsson;Kel'el Ware;Kasparas Jakučionis;Nikola Jović;Simone Fontecchio;Dru Smith;Myron Gardner;Keshad Johnson;Jahmir Young;Vladislav Goldin;Trevor Keels,Andersson Garcia;Keyonte George;Bez Mbeng;Kennedy Chandler;Walker Kessler;Ace Bailey;Jusuf Nurkić;John Konchar;Isaiah Collier;Hayden Gray;Cody Williams;Jaren Jackson Jr.;Brice Sensabaugh;Kyle Filipowski;Svi Mykhailiuk;Elijah Harkless;Blake Hinson;Kyle Anderson;Mo Bamba;Walter Clayton;Kevin Love;Oscar Tshiebwe;Taylor Hendricks;Vince Williams Jr.
2026,Sacramento Kings,Detroit Pistons,116,139,Zach LaVine;DeMar DeRozan;Domantas Sabonis;Russell Westbrook;Maxime Raynaud;Daeqwon Plowden;Dennis Schröder;De'Andre Hunter;Nique Clifford;Precious Achiuwa;Malik Monk;Dylan Cardwell;DaQuan Jeffries;Devin Carter;Killian Hayes;Keon Ellis;Doug McDermott;Patrick Baldwin Jr.;Isaiah Stevens;Drew Eubanks;Dario Šarić;Isaac Jones,Jalen Duren;Tobias Harris;Duncan Robinson;Ausar Thompson;Isaiah Stewart;Kevin Huerter;Daniss Jenkins;Ron Holland;Caris LeVert;Javonte Green;Jaden Ivey;Paul Reed;Marcus Sasser;Wendell Moore Jr.;Tolu Smith;Chaz Lanier;Colby Jones;Bobi Klintman;Isaac Jones
2026,Golden State Warriors,Minnesota Timberwolves,111,85,Stephen Curry;Brandin Podziemski;Draymond Green;Moses Moody;Jonathan Kuminga;Kristaps Porziņģis;De'Anthony Melton;Al Horford;Gui Santos;Charles Bassey;Will Richard;Pat Spencer;Buddy Hield;Quinten Post;Nate Williams;LJ Cryer;Gary Payton II;Seth Curry;Omer Yurtseven;Trayce Jackson-Davis;Malevy Leons,Julius Randle;Jaden McDaniels;Rudy Gobert;Donte DiVincenzo;Ayo Dosunmu;Naz Reid;Kyle Anderson;Mike Conley;Bones Hyland;Jaylen Clark;Terrence Shannon Jr.;Rob Dillingham;Enrique Freeman;Zyon Pullin;Joan Beringer;Julian Phillips;Rocco Zikarsky;Joe Ingles;Leonard Miller;Johnny Juzang
2026,Toronto Raptors,Oklahoma City Thunder,103,101,Scottie Barnes;Immanuel Quickley;RJ Barrett;Jakob Poeltl;Jamal Shead;Collin Murray-Boyles;Sandro Mamukelashvili;Ja'Kobe Walter;Ochai Agbaji;Gradey Dick;A.J. Lawson;Jamison Battle;Markelle Fultz;Chucky Hepburn;Alijah Martin;Jonathan Mogbo;Trayce Jackson-Davis;Garrett Temple;Mo Bamba,Chet Holmgren;Jalen Williams;Luguentz Dort;Cason Wallace;Ajay Mitchell;Isaiah Hartenstein;Aaron Wiggins;Isaiah Joe;Jaylin Williams;Alex Caruso;Jared McCain;Nikola Topić;Payton Sandfort;Kenrich Williams;Branden Carlson;Ousmane Dieng;Brooks Barnhizer;Chris Youngblood;Buddy Boeheim
2026,New Orleans Pelicans,San Antonio Spurs,104,95,Saddiq Bey;Zion Williamson;Herbert Jones;Dejounte Murray;Josh Oduro;Jeremiah Fears;Derik Queen;Jordan Poole;Jose Alvarado;Bryce McGowens;Yves Missi;DeAndre Jordan;Micah Peavy;Karlo Matković;Kevon Looney;Jordan Hawkins;Trey Alexander;Hunter Dickinson,Devin Vassell;Stephon Castle;Victor Wembanyama;Julian Champagnie;Harrison Barnes;Keldon Johnson;Dylan Harper;Luke Kornet;Jeremy Sochan;Carter Bryant;Kelly Olynyk;Mason Plumlee;Lindy Waters III;Jordan McLaughlin;David Jones García;Bismack Biyombo;Harrison Ingram;Stanley Umude;Riley Minix
2026,Miami Heat,Phoenix Suns,111,102,Tyler Herro;Andrew Wiggins;Norman Powell;Davion Mitchell;Jaime Jaquez Jr.;Pelle Larsson;Kel'el Ware;Kasparas Jakučionis;Nikola Jović;Simone Fontecchio;Dru Smith;Myron Gardner;Keshad Johnson;Jahmir Young;Vladislav Goldin;Trevor Keels,Dillon Brooks;Grayson Allen;Collin Gillespie;Royce O'Neale;Jalen Green;Mark Williams;Jordan Goodwin;Oso Ighodaro;Ryan Dunn;Amir Coffey;Jamaree Bouyea;Haywood Highsmith;Rasheer Fleming;CJ Huntley;Isaiah Livers;Nick Richards;Khaman Maluach;Nigel Hayes-Davis;Koby Brea
2026,Brooklyn Nets,Los Angeles Clippers,89,126,Tre Scott;Nic Claxton;Noah Clowney;Egor Dёmin;Terance Mann;Cam Thomas;Malachi Smith;Ziaire Williams;Nolan Traoré;Drake Powell;Danny Wolf;Ben Saraf;Chaney Johnson;Josh Minott;Tyrese Martin;Day'Ron Sharpe;Ochai Agbaji;Jalen Wilson;Tyson Etienne;E.J. Liddell;Grant Nelson,Kawhi Leonard;Ivica Zubac;Darius Garland;Bennedict Mathurin;Kris Dunn;John Collins;Derrick Jones Jr.;Jordan Miller;Brook Lopez;Bradley Beal;Kobe Sanders;Bogdan Bogdanović;Nicolas Batum;Isaiah Jackson;Chris Paul;Yanic Konan Niederhäuser;Cam Christie;Kobe Brown;Patrick Baldwin Jr.;TyTy Washington Jr.;Dalano Banton;Sean Pedulla;Norchad Omier;RayJ Dennis;Jahmyl Telfort
2026,Indiana Pacers,Atlanta Hawks,116,132,Bennedict Mathurin;Andrew Nembhard;Aaron Nesmith;Jarace Walker;Kobe Brown;Jalen Slawson;Ivica Zubac;Ben Sheppard;Jay Huff;Ethan Thompson;Micah Potter;Johnny Furphy;Quenton Jackson;Obi Toppin;Jeremiah Robinson-Earl;T.J. McConnell;Isaiah Jackson;Kam Jones;James Wiseman;Cody Martin;Garrison Mathews;Taelon Peter;RayJ Dennis;Mac McClung;Tony Bradley;Monte Morris,Nickeil Alexander-Walker;Dyson Daniels;Onyeka Okongwu;CJ McCollum;Trae Young;Keshon Gilbert;Kristaps Porziņģis;Zaccharie Risacher;Vít Krejčí;Jonathan Kuminga;Luke Kennard;Jock Landale;Corey Kispert;Mouhamed Gueye;Gabe Vincent;Asa Newell;RayJ Dennis;Tony Bradley;Christian Koloko;Keaton Wallace;Buddy Hield;Caleb Houstan;N'Faly Dante;Jacob Toppin
2026,Philadelphia 76ers,Charlotte Hornets,93,130,VJ Edgecombe;Joel Embiid;Kelly Oubre Jr.;Paul George;Quentin Grimes;Dominick Barlow;Andre Drummond;Adem Bona;Cameron Payne;Jared McCain;Trendon Watford;Justin Edwards;MarJon Beauchamp;Dalen Terry;Eric Gordon;Jabari Walker;Tyrese Martin;Kyle Lowry;Johni Broome;Charles Bassey;Hunter Sallis;Patrick Baldwin Jr.,Miles Bridges;Brandon Miller;LaMelo Ball;Moussa Diabaté;Sion James;Collin Sexton;Ryan Kalkbrenner;Grant Williams;Coby White;KJ Simpson;Josh Green;PJ Hall;Tidjane Salaün;Tre Mann;Liam McNeeley;Drew Peterson;Mason Plumlee;Pat Connaughton;Antonio Reeves;Xavier Tillman Sr.
2026,Orlando Magic,Cleveland Cavaliers,98,114,Desmond Bane;Franz Wagner;Anthony Black;Wendell Carter Jr.;Jalen Suggs;Tristan Da Silva;Jevon Carter;Tyus Jones;Goga Bitadze;Noah Penda;Jett Howard;Jamal Cain;Moritz Wagner;Jase Richardson;Jonathan Isaac;Orlando Robinson;Alex Morales;Colin Castleton,Donovan Mitchell;Evan Mobley;Darius Garland;Jarrett Allen;Jaylon Tyson;Sam Merrill;De'Andre Hunter;Keon Ellis;Max Strus;Dean Wade;Dennis Schröder;Lonzo Ball;Craig Porter Jr.;Nae'Qwan Tomlin;Larry Nance Jr.;Thomas Bryant;Tyrese Proctor;Olivier Sarr;Tristan Enaruna;Luke Travers;Riley Minix;Chris Livingston;Darius Brown II
2026,Portland Trail Blazers,Boston Celtics,94,102,Deni Avdija;Jerami Grant;Shaedon Sharpe;Jrue Holiday;Donovan Clingan;Scoot Henderson;Kris Murray;Caleb Love;Vít Krejčí;Sidy Cissoko;Robert Williams;Matisse Thybulle;Rayan Rupert;Blake Wesley;Duop Reath;Yang Hansen;Chris Youngblood;Javonte Cooke;Jayson Kent,Derrick White;Jayson Tatum;Payton Pritchard;Neemias Queta;Sam Hauser;Anfernee Simons;Nikola Vučević;Baylor Scheierman;Jordan Walsh;Luka Garza;Josh Minott;Hugo González;Dalano Banton;Ron Harper Jr.;Chris Boucher;Xavier Tillman Sr.;John Tonje;Amari Williams;Charles Bassey;Max Shulga
2026,Los Angeles Lakers,Chicago Bulls,129,118,Austin Reaves;LeBron James;Marcus Smart;Rui Hachimura;Deandre Ayton;Jake LaRavia;Luke Kennard;Gabe Vincent;Jaxson Hayes;Jarred Vanderbilt;Nick Smith Jr.;Maxi Kleber;Dalton Knecht;Bronny James;Drew Timme;Kobe Bufkin;Adou Thiero;Chris Mañon;Christian Koloko,Nikola Vučević;Matas Buzelis;Coby White;Jaden Ivey;Anfernee Simons;Tre Jones;Isaac Okoro;Ayo Dosunmu;Collin Sexton;Guerschon Yabusele;Kevin Huerter;Leonard Miller;Mouhamadou Gueye;Nick Richards;Rob Dillingham;Jalen Smith;Patrick Williams;Zach Collins;Mac McClung;Yuki Kawamura;Dalen Terry;Jevon Carter;Julian Phillips;Lachlan Olbrich;Emanuel Miller;Trentyn Flowers;Noa Essengue
2026,Memphis Grizzlies,Houston Rockets,99,108,Lucas Williamson;Rayan Rupert;Jaren Jackson Jr.;Dariq Whitehead;Adama-Alpha Bal;Ja Morant;Santi Aldama;Jaylen Wells;Zach Edey;Cedric Coward;Tyler Burton;Walter Clayton;Lawson Lovering;Taylor Hendricks;Cam Spencer;Jock Landale;Ty Jerome;Kyle Anderson;Jahmai Mashack;Vince Williams Jr.;GG Jackson II;Kentavious Caldwell-Pope;Scotty Pippen Jr.;DeJon Jarreau;Javon Small;Olivier-Maxence Prosper;Christian Koloko;Charles Bassey;John Konchar;Brandon Clarke;Taj Gibson;PJ Hall,Kevin Durant;Jabari Smith Jr.;Alperen Şengün;Reed Sheppard;Tari Eason;Steven Adams;Josh Okogie;Dorian Finney-Smith;Aaron Holiday;Clint Capela;Tristen Newton;Jae'Sean Tate;JD Davison;Isaiah Crawford;Jeff Green
2026,Golden State Warriors,Minnesota Timberwolves,83,108,Stephen Curry;Brandin Podziemski;Draymond Green;Moses Moody;Jonathan Kuminga;Kristaps Porziņģis;De'Anthony Melton;Al Horford;Gui Santos;Charles Bassey;Will Richard;Pat Spencer;Buddy Hield;Quinten Post;Nate Williams;LJ Cryer;Gary Payton II;Seth Curry;Omer Yurtseven;Trayce Jackson-Davis;Malevy Leons,Julius Randle;Jaden McDaniels;Rudy Gobert;Donte DiVincenzo;Ayo Dosunmu;Naz Reid;Kyle Anderson;Mike Conley;Bones Hyland;Jaylen Clark;Terrence Shannon Jr.;Rob Dillingham;Enrique Freeman;Zyon Pullin;Joan Beringer;Julian Phillips;Rocco Zikarsky;Joe Ingles;Leonard Miller;Johnny Juzang
2026,Portland Trail Blazers,Washington Wizards,111,115,Deni Avdija;Jerami Grant;Shaedon Sharpe;Jrue Holiday;Donovan Clingan;Scoot Henderson;Kris Murray;Caleb Love;Vít Krejčí;Sidy Cissoko;Robert Williams;Matisse Thybulle;Rayan Rupert;Blake Wesley;Duop Reath;Yang Hansen;Chris Youngblood;Javonte Cooke;Jayson Kent,CJ McCollum;Kyshawn George;Leaky Black;Bub Carrington;Alex Sarr;Bilal Coulibaly;Alondes Williams;Khris Middleton;Tre Johnson;Kadary Richmond;Will Riley;Trae Young;Jamir Watkins;Jaden Hardy;Justin Champagnie;Corey Kispert;Marvin Bagley III;Anthony Gill;Sharife Cooper;Cam Whitmore;Keshon Gilbert;Tristan Vukcevic;Skal Labissière;Malaki Branham;AJ Johnson
2026,Sacramento Kings,New York Knicks,87,103,Zach LaVine;DeMar DeRozan;Domantas Sabonis;Russell Westbrook;Maxime Raynaud;Daeqwon Plowden;Dennis Schröder;De'Andre Hunter;Nique Clifford;Precious Achiuwa;Malik Monk;Dylan Cardwell;DaQuan Jeffries;Devin Carter;Killian Hayes;Keon Ellis;Doug McDermott;Patrick Baldwin Jr.;Isaiah Stevens;Drew Eubanks;Dario Šarić;Isaac Jones,OG Anunoby;Mikal Bridges;Karl-Anthony Towns;Josh Hart;Miles McBride;Landry Shamet;Mitchell Robinson;Jordan Clarkson;Jose Alvarado;Tyler Kolek;Mohamed Diawara;Ariel Hukporti;Guerschon Yabusele;Kevin McCullar Jr.;Jeremy Sochan;Trey Jemison;Dillon Jones;Pacôme Dadiet;Tosan Evbuomwan
2026,New Orleans Pelicans,Oklahoma City Thunder,95,104,Saddiq Bey;Zion Williamson;Herbert Jones;Dejounte Murray;Josh Oduro;Jeremiah Fears;Derik Queen;Jordan Poole;Jose Alvarado;Bryce McGowens;Yves Missi;DeAndre Jordan;Micah Peavy;Karlo Matković;Kevon Looney;Jordan Hawkins;Trey Alexander;Hunter Dickinson,Chet Holmgren;Jalen Williams;Luguentz Dort;Cason Wallace;Ajay Mitchell;Isaiah Hartenstein;Aaron Wiggins;Isaiah Joe;Jaylin Williams;Alex Caruso;Jared McCain;Nikola Topić;Payton Sandfort;Kenrich Williams;Branden Carlson;Ousmane Dieng;Brooks Barnhizer;Chris Youngblood;Buddy Boeheim
2026,Milwaukee Bucks,Philadelphia 76ers,122,139,Ryan Rollins;A.J. Green;Giannis Antetokounmpo;Myles Turner;Ousmane Dieng;Kyle Kuzma;Cormac Ryan;Bobby Portis;Taurean Prince;Gary Trent Jr.;Jericho Sims;Cam Thomas;Pete Nance;Cole Anthony;Gary Harris;Amir Coffey;Andre Jackson Jr.;Thanasis Antetokounmpo;Mark Sears;Alex Antetokounmpo,VJ Edgecombe;Joel Embiid;Kelly Oubre Jr.;Paul George;Quentin Grimes;Dominick Barlow;Andre Drummond;Adem Bona;Cameron Payne;Jared McCain;Trendon Watford;Justin Edwards;MarJon Beauchamp;Dalen Terry;Eric Gordon;Jabari Walker;Tyrese Martin;Kyle Lowry;Johni Broome;Charles Bassey;Hunter Sallis;Patrick Baldwin Jr.
2026,Detroit Pistons,Denver Nuggets,109,107,Jalen Duren;Tobias Harris;Duncan Robinson;Ausar Thompson;Isaiah Stewart;Kevin Huerter;Daniss Jenkins;Ron Holland;Caris LeVert;Javonte Green;Jaden Ivey;Paul Reed;Marcus Sasser;Wendell Moore Jr.;Tolu Smith;Chaz Lanier;Colby Jones;Bobi Klintman;Isaac Jones,Nikola Jokić;Christian Braun;Cameron Johnson;Peyton Watson;Aaron Gordon;Tim Hardaway Jr.;Bruce Brown;Spencer Jones;Jalen Pickett;Julian Strawther;David Roddy;Jonas Valančiūnas;Zeke Nnaji;Curtis Jones;Tyus Jones;DaRon Holmes;Hunter Tyson;KJ Simpson
2026,Brooklyn Nets,Phoenix Suns,102,106,Tre Scott;Nic Claxton;Noah Clowney;Egor Dёmin;Terance Mann;Cam Thomas;Malachi Smith;Ziaire Williams;Nolan Traoré;Drake Powell;Danny Wolf;Ben Saraf;Chaney Johnson;Josh Minott;Tyrese Martin;Day'Ron Sharpe;Ochai Agbaji;Jalen Wilson;Tyson Etienne;E.J. Liddell;Grant Nelson,Dillon Brooks;Grayson Allen;Collin Gillespie;Royce O'Neale;Jalen Green;Mark Williams;Jordan Goodwin;Oso Ighodaro;Ryan Dunn;Amir Coffey;Jamaree Bouyea;Haywood Highsmith;Rasheer Fleming;CJ Huntley;Isaiah Livers;Nick Richards;Khaman Maluach;Nigel Hayes-Davis;Koby Brea
2026,Los Angeles Clippers,Utah Jazz,115,103,Kawhi Leonard;Ivica Zubac;Darius Garland;Bennedict Mathurin;Kris Dunn;John Collins;Derrick Jones Jr.;Jordan Miller;Brook Lopez;Bradley Beal;Kobe Sanders;Bogdan Bogdanović;Nicolas Batum;Isaiah Jackson;Chris Paul;Yanic Konan Niederhäuser;Cam Christie;Kobe Brown;Patrick Baldwin Jr.;TyTy Washington Jr.;Dalano Banton;Sean Pedulla;Norchad Omier;RayJ Dennis;Jahmyl Telfort,Andersson Garcia;Keyonte George;Bez Mbeng;Kennedy Chandler;Walker Kessler;Ace Bailey;Jusuf Nurkić;John Konchar;Isaiah Collier;Hayden Gray;Cody Williams;Jaren Jackson Jr.;Brice Sensabaugh;Kyle Filipowski;Svi Mykhailiuk;Elijah Harkless;Blake Hinson;Kyle Anderson;Mo Bamba;Walter Clayton;Kevin Love;Oscar Tshiebwe;Taylor Hendricks;Vince Williams Jr.
2026,Los Angeles Lakers,Cleveland Cavaliers,99,129,Austin Reaves;LeBron James;Marcus Smart;Rui Hachimura;Deandre Ayton;Jake LaRavia;Luke Kennard;Gabe Vincent;Jaxson Hayes;Jarred Vanderbilt;Nick Smith Jr.;Maxi Kleber;Dalton Knecht;Bronny James;Drew Timme;Kobe Bufkin;Adou Thiero;Chris Mañon;Christian Koloko,Donovan Mitchell;Evan Mobley;Darius Garland;Jarrett Allen;Jaylon Tyson;Sam Merrill;De'Andre Hunter;Keon Ellis;Max Strus;Dean Wade;Dennis Schröder;Lonzo Ball;Craig Porter Jr.;Nae'Qwan Tomlin;Larry Nance Jr.;Thomas Bryant;Tyrese Proctor;Olivier Sarr;Tristan Enaruna;Luke Travers;Riley Minix;Chris Livingston;Darius Brown II
2026,Chicago Bulls,Indiana Pacers,110,113,Nikola Vučević;Matas Buzelis;Coby White;Jaden Ivey;Anfernee Simons;Tre Jones;Isaac Okoro;Ayo Dosunmu;Collin Sexton;Guerschon Yabusele;Kevin Huerter;Leonard Miller;Mouhamadou Gueye;Nick Richards;Rob Dillingham;Jalen Smith;Patrick Williams;Zach Collins;Mac McClung;Yuki Kawamura;Dalen Terry;Jevon Carter;Julian Phillips;Lachlan Olbrich;Emanuel Miller;Trentyn Flowers;Noa Essengue,Bennedict Mathurin;Andrew Nembhard;Aaron Nesmith;Jarace Walker;Kobe Brown;Jalen Slawson;Ivica Zubac;Ben Sheppard;Jay Huff;Ethan Thompson;Micah Potter;Johnny Furphy;Quenton Jackson;Obi Toppin;Jeremiah Robinson-Earl;T.J. McConnell;Isaiah Jackson;Kam Jones;James Wiseman;Cody Martin;Garrison Mathews;Taelon Peter;RayJ Dennis;Mac McClung;Tony Bradley;Monte Morris
2026,Atlanta Hawks,Boston Celtics,117,106,Nickeil Alexander-Walker;Dyson Daniels;Onyeka Okongwu;CJ McCollum;Trae Young;Keshon Gilbert;Kristaps Porziņģis;Zaccharie Risacher;Vít Krejčí;Jonathan Kuminga;Luke Kennard;Jock Landale;Corey Kispert;Mouhamed Gueye;Gabe Vincent;Asa Newell;RayJ Dennis;Tony Bradley;Christian Koloko;Keaton Wallace;Buddy Hield;Caleb Houstan;N'Faly Dante;Jacob Toppin,Derrick White;Jayson Tatum;Payton Pritchard;Neemias Queta;Sam Hauser;Anfernee Simons;Nikola Vučević;Baylor Scheierman;Jordan Walsh;Luka Garza;Josh Minott;Hugo González;Dalano Banton;Ron Harper Jr.;Chris Boucher;Xavier Tillman Sr.;John Tonje;Amari Williams;Charles Bassey;Max Shulga
2026,Orlando Magic,Miami Heat,133,124,Desmond Bane;Franz Wagner;Anthony Black;Wendell Carter Jr.;Jalen Suggs;Tristan Da Silva;Jevon Carter;Tyus Jones;Goga Bitadze;Noah Penda;Jett Howard;Jamal Cain;Moritz Wagner;Jase Richardson;Jonathan Isaac;Orlando Robinson;Alex Morales;Colin Castleton,Tyler Herro;Andrew Wiggins;Norman Powell;Davion Mitchell;Jaime Jaquez Jr.;Pelle Larsson;Kel'el Ware;Kasparas Jakučionis;Nikola Jović;Simone Fontecchio;Dru Smith;Myron Gardner;Keshad Johnson;Jahmir Young;Vladislav Goldin;Trevor Keels
2026,New York Knicks,Toronto Raptors,119,92,OG Anunoby;Mikal Bridges;Karl-Anthony Towns;Josh Hart;Miles McBride;Landry Shamet;Mitchell Robinson;Jordan Clarkson;Jose Alvarado;Tyler Kolek;Mohamed Diawara;Ariel Hukporti;Guerschon Yabusele;Kevin McCullar Jr.;Jeremy Sochan;Trey Jemison;Dillon Jones;Pacôme Dadiet;Tosan Evbuomwan,Scottie Barnes;Immanuel Quickley;RJ Barrett;Jakob Poeltl;Jamal Shead;Collin Murray-Boyles;Sandro Mamukelashvili;Ja'Kobe Walter;Ochai Agbaji;Gradey Dick;A.J. Lawson;Jamison Battle;Markelle Fultz;Chucky Hepburn;Alijah Martin;Jonathan Mogbo;Trayce Jackson-Davis;Garrett Temple;Mo Bamba
2026,Charlotte Hornets,Memphis Grizzlies,112,97,Miles Bridges;Brandon Miller;LaMelo Ball;Moussa Diabaté;Sion James;Collin Sexton;Ryan Kalkbrenner;Grant Williams;Coby White;KJ Simpson;Josh Green;PJ Hall;Tidjane Salaün;Tre Mann;Liam McNeeley;Drew Peterson;Mason Plumlee;Pat Connaughton;Antonio Reeves;Xavier Tillman Sr.,Lucas Williamson;Rayan Rupert;Jaren Jackson Jr.;Dariq Whitehead;Adama-Alpha Bal;Ja Morant;Santi Aldama;Jaylen Wells;Zach Edey;Cedric Coward;Tyler Burton;Walter Clayton;Lawson Lovering;Taylor Hendricks;Cam Spencer;Jock Landale;Ty Jerome;Kyle Anderson;Jahmai Mashack;Vince Williams Jr.;GG Jackson II;Kentavious Caldwell-Pope;Scotty Pippen Jr.;DeJon Jarreau;Javon Small;Olivier-Maxence Prosper;Christian Koloko;Charles Bassey;John Konchar;Brandon Clarke;Taj Gibson;PJ Hall
2026,Minnesota Timberwolves,Dallas Mavericks,118,105,Julius Randle;Jaden McDaniels;Rudy Gobert;Donte DiVincenzo;Ayo Dosunmu;Naz Reid;Kyle Anderson;Mike Conley;Bones Hyland;Jaylen Clark;Terrence Shannon Jr.;Rob Dillingham;Enrique Freeman;Zyon Pullin;Joan Beringer;Julian Phillips;Rocco Zikarsky;Joe Ingles;Leonard Miller;Johnny Juzang,Anthony Davis;P.J. Washington;Naji Marshall;Max Christie;Brandon Williams;Klay Thompson;Daniel Gafford;Marvin Bagley III;Khris Middleton;Ryan Nembhard;John Poulakidas;D'Angelo Russell;Tyus Jones;Dereck Lively II;Caleb Martin;Dwight Powell;Moussa Cisse;Tyler Smith;Jaden Hardy;Jeremiah Robinson-Earl;AJ Johnson;Miles Kelly
2026,Golden State Warriors,Utah Jazz,140,124,Stephen Curry;Brandin Podziemski;Draymond Green;Moses Moody;Jonathan Kuminga;Kristaps Porziņģis;De'Anthony Melton;Al Horford;Gui Santos;Charles Bassey;Will Richard;Pat Spencer;Buddy Hield;Quinten Post;Nate Williams;LJ Cryer;Gary Payton II;Seth Curry;Omer Yurtseven;Trayce Jackson-Davis;Malevy Leons,Andersson Garcia;Keyonte George;Bez Mbeng;Kennedy Chandler;Walker Kessler;Ace Bailey;Jusuf Nurkić;John Konchar;Isaiah Collier;Hayden Gray;Cody Williams;Jaren Jackson Jr.;Brice Sensabaugh;Kyle Filipowski;Svi Mykhailiuk;Elijah Harkless;Blake Hinson;Kyle Anderson;Mo Bamba;Walter Clayton;Kevin Love;Oscar Tshiebwe;Taylor Hendricks;Vince Williams Jr.
2026,San Antonio Spurs,Houston Rockets,111,99,Devin Vassell;Stephon Castle;Victor Wembanyama;Julian Champagnie;Harrison Barnes;Keldon Johnson;Dylan Harper;Luke Kornet;Jeremy Sochan;Carter Bryant;Kelly Olynyk;Mason Plumlee;Lindy Waters III;Jordan McLaughlin;David Jones García;Bismack Biyombo;Harrison Ingram;Stanley Umude;Riley Minix,Kevin Durant;Jabari Smith Jr.;Alperen Şengün;Reed Sheppard;Tari Eason;Steven Adams;Josh Okogie;Dorian Finney-Smith;Aaron Holiday;Clint Capela;Tristen Newton;Jae'Sean Tate;JD Davison;Isaiah Crawford;Jeff Green
2026,Sacramento Kings,Philadelphia 76ers,111,113,Zach LaVine;DeMar DeRozan;Domantas Sabonis;Russell Westbrook;Maxime Raynaud;Daeqwon Plowden;Dennis Schröder;De'Andre Hunter;Nique Clifford;Precious Achiuwa;Malik Monk;Dylan Cardwell;DaQuan Jeffries;Devin Carter;Killian Hayes;Keon Ellis;Doug McDermott;Patrick Baldwin Jr.;Isaiah Stevens;Drew Eubanks;Dario Šarić;Isaac Jones,VJ Edgecombe;Joel Embiid;Kelly Oubre Jr.;Paul George;Quentin Grimes;Dominick Barlow;Andre Drummond;Adem Bona;Cameron Payne;Jared McCain;Trendon Watford;Justin Edwards;MarJon Beauchamp;Dalen Terry;Eric Gordon;Jabari Walker;Tyrese Martin;Kyle Lowry;Johni Broome;Charles Bassey;Hunter Sallis;Patrick Baldwin Jr.
2026,Milwaukee Bucks,Washington Wizards,99,109,Ryan Rollins;A.J. Green;Giannis Antetokounmpo;Myles Turner;Ousmane Dieng;Kyle Kuzma;Cormac Ryan;Bobby Portis;Taurean Prince;Gary Trent Jr.;Jericho Sims;Cam Thomas;Pete Nance;Cole Anthony;Gary Harris;Amir Coffey;Andre Jackson Jr.;Thanasis Antetokounmpo;Mark Sears;Alex Antetokounmpo,CJ McCollum;Kyshawn George;Leaky Black;Bub Carrington;Alex Sarr;Bilal Coulibaly;Alondes Williams;Khris Middleton;Tre Johnson;Kadary Richmond;Will Riley;Trae Young;Jamir Watkins;Jaden Hardy;Justin Champagnie;Corey Kispert;Marvin Bagley III;Anthony Gill;Sharife Cooper;Cam Whitmore;Keshon Gilbert;Tristan Vukcevic;Skal Labissière;Malaki Branham;AJ Johnson
2026,Houston Rockets,Atlanta Hawks,104,86,Kevin Durant;Jabari Smith Jr.;Alperen Şengün;Reed Sheppard;Tari Eason;Steven Adams;Josh Okogie;Dorian Finney-Smith;Aaron Holiday;Clint Capela;Tristen Newton;Jae'Sean Tate;JD Davison;Isaiah Crawford;Jeff Green,Nickeil Alexander-Walker;Dyson Daniels;Onyeka Okongwu;CJ McCollum;Trae Young;Keshon Gilbert;Kristaps Porziņģis;Zaccharie Risacher;Vít Krejčí;Jonathan Kuminga;Luke Kennard;Jock Landale;Corey Kispert;Mouhamed Gueye;Gabe Vincent;Asa Newell;RayJ Dennis;Tony Bradley;Christian Koloko;Keaton Wallace;Buddy Hield;Caleb Houstan;N'Faly Dante;Jacob Toppin
2026,Miami Heat,Chicago Bulls,116,113,Tyler Herro;Andrew Wiggins;Norman Powell;Davion Mitchell;Jaime Jaquez Jr.;Pelle Larsson;Kel'el Ware;Kasparas Jakučionis;Nikola Jović;Simone Fontecchio;Dru Smith;Myron Gardner;Keshad Johnson;Jahmir Young;Vladislav Goldin;Trevor Keels,Nikola Vučević;Matas Buzelis;Coby White;Jaden Ivey;Anfernee Simons;Tre Jones;Isaac Okoro;Ayo Dosunmu;Collin Sexton;Guerschon Yabusele;Kevin Huerter;Leonard Miller;Mouhamadou Gueye;Nick Richards;Rob Dillingham;Jalen Smith;Patrick Williams;Zach Collins;Mac McClung;Yuki Kawamura;Dalen Terry;Jevon Carter;Julian Phillips;Lachlan Olbrich;Emanuel Miller;Trentyn Flowers;Noa Essengue
2026,Charlotte Hornets,Dallas Mavericks,123,121,Miles Bridges;Brandon Miller;LaMelo Ball;Moussa Diabaté;Sion James;Collin Sexton;Ryan Kalkbrenner;Grant Williams;Coby White;KJ Simpson;Josh Green;PJ Hall;Tidjane Salaün;Tre Mann;Liam McNeeley;Drew Peterson;Mason Plumlee;Pat Connaughton;Antonio Reeves;Xavier Tillman Sr.,Anthony Davis;P.J. Washington;Naji Marshall;Max Christie;Brandon Williams;Klay Thompson;Daniel Gafford;Marvin Bagley III;Khris Middleton;Ryan Nembhard;John Poulakidas;D'Angelo Russell;Tyus Jones;Dereck Lively II;Caleb Martin;Dwight Powell;Moussa Cisse;Tyler Smith;Jaden Hardy;Jeremiah Robinson-Earl;AJ Johnson;Miles Kelly
2026,Brooklyn Nets,Denver Nuggets,103,107,Tre Scott;Nic Claxton;Noah Clowney;Egor Dёmin;Terance Mann;Cam Thomas;Malachi Smith;Ziaire Williams;Nolan Traoré;Drake Powell;Danny Wolf;Ben Saraf;Chaney Johnson;Josh Minott;Tyrese Martin;Day'Ron Sharpe;Ochai Agbaji;Jalen Wilson;Tyson Etienne;E.J. Liddell;Grant Nelson,Nikola Jokić;Christian Braun;Cameron Johnson;Peyton Watson;Aaron Gordon;Tim Hardaway Jr.;Bruce Brown;Spencer Jones;Jalen Pickett;Julian Strawther;David Roddy;Jonas Valančiūnas;Zeke Nnaji;Curtis Jones;Tyus Jones;DaRon Holmes;Hunter Tyson;KJ Simpson
2026,Detroit Pistons,Phoenix Suns,96,114,Jalen Duren;Tobias Harris;Duncan Robinson;Ausar Thompson;Isaiah Stewart;Kevin Huerter;Daniss Jenkins;Ron Holland;Caris LeVert;Javonte Green;Jaden Ivey;Paul Reed;Marcus Sasser;Wendell Moore Jr.;Tolu Smith;Chaz Lanier;Colby Jones;Bobi Klintman;Isaac Jones,Dillon Brooks;Grayson Allen;Collin Gillespie;Royce O'Neale;Jalen Green;Mark Williams;Jordan Goodwin;Oso Ighodaro;Ryan Dunn;Amir Coffey;Jamaree Bouyea;Haywood Highsmith;Rasheer Fleming;CJ Huntley;Isaiah Livers;Nick Richards;Khaman Maluach;Nigel Hayes-Davis;Koby Brea
2026,Oklahoma City Thunder,Minnesota Timberwolves,111,123,Chet Holmgren;Jalen Williams;Luguentz Dort;Cason Wallace;Ajay Mitchell;Isaiah Hartenstein;Aaron Wiggins;Isaiah Joe;Jaylin Williams;Alex Caruso;Jared McCain;Nikola Topić;Payton Sandfort;Kenrich Williams;Branden Carlson;Ousmane Dieng;Brooks Barnhizer;Chris Youngblood;Buddy Boeheim,Julius Randle;Jaden McDaniels;Rudy Gobert;Donte DiVincenzo;Ayo Dosunmu;Naz Reid;Kyle Anderson;Mike Conley;Bones Hyland;Jaylen Clark;Terrence Shannon Jr.;Rob Dillingham;Enrique Freeman;Zyon Pullin;Joan Beringer;Julian Phillips;Rocco Zikarsky;Joe Ingles;Leonard Miller;Johnny Juzang
2026,Los Angeles Lakers,Washington Wizards,142,111,Austin Reaves;LeBron James;Marcus Smart;Rui Hachimura;Deandre Ayton;Jake LaRavia;Luke Kennard;Gabe Vincent;Jaxson Hayes;Jarred Vanderbilt;Nick Smith Jr.;Maxi Kleber;Dalton Knecht;Bronny James;Drew Timme;Kobe Bufkin;Adou Thiero;Chris Mañon;Christian Koloko,CJ McCollum;Kyshawn George;Leaky Black;Bub Carrington;Alex Sarr;Bilal Coulibaly;Alondes Williams;Khris Middleton;Tre Johnson;Kadary Richmond;Will Riley;Trae Young;Jamir Watkins;Jaden Hardy;Justin Champagnie;Corey Kispert;Marvin Bagley III;Anthony Gill;Sharife Cooper;Cam Whitmore;Keshon Gilbert;Tristan Vukcevic;Skal Labissière;Malaki Branham;AJ Johnson
2026,Sacramento Kings,Boston Celtics,93,112,Zach LaVine;DeMar DeRozan;Domantas Sabonis;Russell Westbrook;Maxime Raynaud;Daeqwon Plowden;Dennis Schröder;De'Andre Hunter;Nique Clifford;Precious Achiuwa;Malik Monk;Dylan Cardwell;DaQuan Jeffries;Devin Carter;Killian Hayes;Keon Ellis;Doug McDermott;Patrick Baldwin Jr.;Isaiah Stevens;Drew Eubanks;Dario Šarić;Isaac Jones,Derrick White;Jayson Tatum;Payton Pritchard;Neemias Queta;Sam Hauser;Anfernee Simons;Nikola Vučević;Baylor Scheierman;Jordan Walsh;Luka Garza;Josh Minott;Hugo González;Dalano Banton;Ron Harper Jr.;Chris Boucher;Xavier Tillman Sr.;John Tonje;Amari Williams;Charles Bassey;Max Shulga
2026,Memphis Grizzlies,New Orleans Pelicans,106,114,Lucas Williamson;Rayan Rupert;Jaren Jackson Jr.;Dariq Whitehead;Adama-Alpha Bal;Ja Morant;Santi Aldama;Jaylen Wells;Zach Edey;Cedric Coward;Tyler Burton;Walter Clayton;Lawson Lovering;Taylor Hendricks;Cam Spencer;Jock Landale;Ty Jerome;Kyle Anderson;Jahmai Mashack;Vince Williams Jr.;GG Jackson II;Kentavious Caldwell-Pope;Scotty Pippen Jr.;DeJon Jarreau;Javon Small;Olivier-Maxence Prosper;Christian Koloko;Charles Bassey;John Konchar;Brandon Clarke;Taj Gibson;PJ Hall,Saddiq Bey;Zion Williamson;Herbert Jones;Dejounte Murray;Josh Oduro;Jeremiah Fears;Derik Queen;Jordan Poole;Jose Alvarado;Bryce McGowens;Yves Missi;DeAndre Jordan;Micah Peavy;Karlo Matković;Kevon Looney;Jordan Hawkins;Trey Alexander;Hunter Dickinson
2026,Portland Trail Blazers,New York Knicks,97,127,Deni Avdija;Jerami Grant;Shaedon Sharpe;Jrue Holiday;Donovan Clingan;Scoot Henderson;Kris Murray;Caleb Love;Vít Krejčí;Sidy Cissoko;Robert Williams;Matisse Thybulle;Rayan Rupert;Blake Wesley;Duop Reath;Yang Hansen;Chris Youngblood;Javonte Cooke;Jayson Kent,OG Anunoby;Mikal Bridges;Karl-Anthony Towns;Josh Hart;Miles McBride;Landry Shamet;Mitchell Robinson;Jordan Clarkson;Jose Alvarado;Tyler Kolek;Mohamed Diawara;Ariel Hukporti;Guerschon Yabusele;Kevin McCullar Jr.;Jeremy Sochan;Trey Jemison;Dillon Jones;Pacôme Dadiet;Tosan Evbuomwan
2026,Toronto Raptors,Orlando Magic,120,130,Scottie Barnes;Immanuel Quickley;RJ Barrett;Jakob Poeltl;Jamal Shead;Collin Murray-Boyles;Sandro Mamukelashvili;Ja'Kobe Walter;Ochai Agbaji;Gradey Dick;A.J. Lawson;Jamison Battle;Markelle Fultz;Chucky Hepburn;Alijah Martin;Jonathan Mogbo;Trayce Jackson-Davis;Garrett Temple;Mo Bamba,Desmond Bane;Franz Wagner;Anthony Black;Wendell Carter Jr.;Jalen Suggs;Tristan Da Silva;Jevon Carter;Tyus Jones;Goga Bitadze;Noah Penda;Jett Howard;Jamal Cain;Moritz Wagner;Jase Richardson;Jonathan Isaac;Orlando Robinson;Alex Morales;Colin Castleton
2026,Los Angeles Clippers,Denver Nuggets,109,122,Kawhi Leonard;Ivica Zubac;Darius Garland;Bennedict Mathurin;Kris Dunn;John Collins;Derrick Jones Jr.;Jordan Miller;Brook Lopez;Bradley Beal;Kobe Sanders;Bogdan Bogdanović;Nicolas Batum;Isaiah Jackson;Chris Paul;Yanic Konan Niederhäuser;Cam Christie;Kobe Brown;Patrick Baldwin Jr.;TyTy Washington Jr.;Dalano Banton;Sean Pedulla;Norchad Omier;RayJ Dennis;Jahmyl Telfort,Nikola Jokić;Christian Braun;Cameron Johnson;Peyton Watson;Aaron Gordon;Tim Hardaway Jr.;Bruce Brown;Spencer Jones;Jalen Pickett;Julian Strawther;David Roddy;Jonas Valančiūnas;Zeke Nnaji;Curtis Jones;Tyus Jones;DaRon Holmes;Hunter Tyson;KJ Simpson
2026,Cleveland Cavaliers,Phoenix Suns,113,126,Donovan Mitchell;Evan Mobley;Darius Garland;Jarrett Allen;Jaylon Tyson;Sam Merrill;De'Andre Hunter;Keon Ellis;Max Strus;Dean Wade;Dennis Schröder;Lonzo Ball;Craig Porter Jr.;Nae'Qwan Tomlin;Larry Nance Jr.;Thomas Bryant;Tyrese Proctor;Olivier Sarr;Tristan Enaruna;Luke Travers;Riley Minix;Chris Livingston;Darius Brown II,Dillon Brooks;Grayson Allen;Collin Gillespie;Royce O'Neale;Jalen Green;Mark Williams;Jordan Goodwin;Oso Ighodaro;Ryan Dunn;Amir Coffey;Jamaree Bouyea;Haywood Highsmith;Rasheer Fleming;CJ Huntley;Isaiah Livers;Nick Richards;Khaman Maluach;Nigel Hayes-Davis;Koby Brea
2026,Brooklyn Nets,Utah Jazz,109,99,Tre Scott;Nic Claxton;Noah Clowney;Egor Dёmin;Terance Mann;Cam Thomas;Malachi Smith;Ziaire Williams;Nolan Traoré;Drake Powell;Danny Wolf;Ben Saraf;Chaney Johnson;Josh Minott;Tyrese Martin;Day'Ron Sharpe;Ochai Agbaji;Jalen Wilson;Tyson Etienne;E.J. Liddell;Grant Nelson,Andersson Garcia;Keyonte George;Bez Mbeng;Kennedy Chandler;Walker Kessler;Ace Bailey;Jusuf Nurkić;John Konchar;Isaiah Collier;Hayden Gray;Cody Williams;Jaren Jackson Jr.;Brice Sensabaugh;Kyle Filipowski;Svi Mykhailiuk;Elijah Harkless;Blake Hinson;Kyle Anderson;Mo Bamba;Walter Clayton;Kevin Love;Oscar Tshiebwe;Taylor Hendricks;Vince Williams Jr.
2026,Detroit Pistons,Golden State Warriors,131,124,Jalen Duren;Tobias Harris;Duncan Robinson;Ausar Thompson;Isaiah Stewart;Kevin Huerter;Daniss Jenkins;Ron Holland;Caris LeVert;Javonte Green;Jaden Ivey;Paul Reed;Marcus Sasser;Wendell Moore Jr.;Tolu Smith;Chaz Lanier;Colby Jones;Bobi Klintman;Isaac Jones,Stephen Curry;Brandin Podziemski;Draymond Green;Moses Moody;Jonathan Kuminga;Kristaps Porziņģis;De'Anthony Melton;Al Horford;Gui Santos;Charles Bassey;Will Richard;Pat Spencer;Buddy Hield;Quinten Post;Nate Williams;LJ Cryer;Gary Payton II;Seth Curry;Omer Yurtseven;Trayce Jackson-Davis;Malevy Leons
2026,San Antonio Spurs,Charlotte Hornets,106,111,Devin Vassell;Stephon Castle;Victor Wembanyama;Julian Champagnie;Harrison Barnes;Keldon Johnson;Dylan Harper;Luke Kornet;Jeremy Sochan;Carter Bryant;Kelly Olynyk;Mason Plumlee;Lindy Waters III;Jordan McLaughlin;David Jones García;Bismack Biyombo;Harrison Ingram;Stanley Umude;Riley Minix,Miles Bridges;Brandon Miller;LaMelo Ball;Moussa Diabaté;Sion James;Collin Sexton;Ryan Kalkbrenner;Grant Williams;Coby White;KJ Simpson;Josh Green;PJ Hall;Tidjane Salaün;Tre Mann;Liam McNeeley;Drew Peterson;Mason Plumlee;Pat Connaughton;Antonio Reeves;Xavier Tillman Sr.
2026,Atlanta Hawks,Indiana Pacers,124,129,Nickeil Alexander-Walker;Dyson Daniels;Onyeka Okongwu;CJ McCollum;Trae Young;Keshon Gilbert;Kristaps Porziņģis;Zaccharie Risacher;Vít Krejčí;Jonathan Kuminga;Luke Kennard;Jock Landale;Corey Kispert;Mouhamed Gueye;Gabe Vincent;Asa Newell;RayJ Dennis;Tony Bradley;Christian Koloko;Keaton Wallace;Buddy Hield;Caleb Houstan;N'Faly Dante;Jacob Toppin,Bennedict Mathurin;Andrew Nembhard;Aaron Nesmith;Jarace Walker;Kobe Brown;Jalen Slawson;Ivica Zubac;Ben Sheppard;Jay Huff;Ethan Thompson;Micah Potter;Johnny Furphy;Quenton Jackson;Obi Toppin;Jeremiah Robinson-Earl;T.J. McConnell;Isaiah Jackson;Kam Jones;James Wiseman;Cody Martin;Garrison Mathews;Taelon Peter;RayJ Dennis;Mac McClung;Tony Bradley;Monte Morris
2026,New Orleans Pelicans,Philadelphia 76ers,114,124,Saddiq Bey;Zion Williamson;Herbert Jones;Dejounte Murray;Josh Oduro;Jeremiah Fears;Derik Queen;Jordan Poole;Jose Alvarado;Bryce McGowens;Yves Missi;DeAndre Jordan;Micah Peavy;Karlo Matković;Kevon Looney;Jordan Hawkins;Trey Alexander;Hunter Dickinson,VJ Edgecombe;Joel Embiid;Kelly Oubre Jr.;Paul George;Quentin Grimes;Dominick Barlow;Andre Drummond;Adem Bona;Cameron Payne;Jared McCain;Trendon Watford;Justin Edwards;MarJon Beauchamp;Dalen Terry;Eric Gordon;Jabari Walker;Tyrese Martin;Kyle Lowry;Johni Broome;Charles Bassey;Hunter Sallis;Patrick Baldwin Jr.
2026,Minnesota Timberwolves,Memphis Grizzlies,131,114,Julius Randle;Jaden McDaniels;Rudy Gobert;Donte DiVincenzo;Ayo Dosunmu;Naz Reid;Kyle Anderson;Mike Conley;Bones Hyland;Jaylen Clark;Terrence Shannon Jr.;Rob Dillingham;Enrique Freeman;Zyon Pullin;Joan Beringer;Julian Phillips;Rocco Zikarsky;Joe Ingles;Leonard Miller;Johnny Juzang,Lucas Williamson;Rayan Rupert;Jaren Jackson Jr.;Dariq Whitehead;Adama-Alpha Bal;Ja Morant;Santi Aldama;Jaylen Wells;Zach Edey;Cedric Coward;Tyler Burton;Walter Clayton;Lawson Lovering;Taylor Hendricks;Cam Spencer;Jock Landale;Ty Jerome;Kyle Anderson;Jahmai Mashack;Vince Williams Jr.;GG Jackson II;Kentavious Caldwell-Pope;Scotty Pippen Jr.;DeJon Jarreau;Javon Small;Olivier-Maxence Prosper;Christian Koloko;Charles Bassey;John Konchar;Brandon Clarke;Taj Gibson;PJ Hall
2026,Chicago Bulls,Miami Heat,125,118,Nikola Vučević;Matas Buzelis;Coby White;Jaden Ivey;Anfernee Simons;Tre Jones;Isaac Okoro;Ayo Dosunmu;Collin Sexton;Guerschon Yabusele;Kevin Huerter;Leonard Miller;Mouhamadou Gueye;Nick Richards;Rob Dillingham;Jalen Smith;Patrick Williams;Zach Collins;Mac McClung;Yuki Kawamura;Dalen Terry;Jevon Carter;Julian Phillips;Lachlan Olbrich;Emanuel Miller;Trentyn Flowers;Noa Essengue,Tyler Herro;Andrew Wiggins;Norman Powell;Davion Mitchell;Jaime Jaquez Jr.;Pelle Larsson;Kel'el Ware;Kasparas Jakučionis;Nikola Jović;Simone Fontecchio;Dru Smith;Myron Gardner;Keshad Johnson;Jahmir Young;Vladislav Goldin;Trevor Keels
2026,Dallas Mavericks,Houston Rockets,107,111,Anthony Davis;P.J. Washington;Naji Marshall;Max Christie;Brandon Williams;Klay Thompson;Daniel Gafford;Marvin Bagley III;Khris Middleton;Ryan Nembhard;John Poulakidas;D'Angelo Russell;Tyus Jones;Dereck Lively II;Caleb Martin;Dwight Powell;Moussa Cisse;Tyler Smith;Jaden Hardy;Jeremiah Robinson-Earl;AJ Johnson;Miles Kelly,Kevin Durant;Jabari Smith Jr.;Alperen Şengün;Reed Sheppard;Tari Eason;Steven Adams;Josh Okogie;Dorian Finney-Smith;Aaron Holiday;Clint Capela;Tristen Newton;Jae'Sean Tate;JD Davison;Isaiah Crawford;Jeff Green
2026,Milwaukee Bucks,Boston Celtics,79,107,Ryan Rollins;A.J. Green;Giannis Antetokounmpo;Myles Turner;Ousmane Dieng;Kyle Kuzma;Cormac Ryan;Bobby Portis;Taurean Prince;Gary Trent Jr.;Jericho Sims;Cam Thomas;Pete Nance;Cole Anthony;Gary Harris;Amir Coffey;Andre Jackson Jr.;Thanasis Antetokounmpo;Mark Sears;Alex Antetokounmpo,Derrick White;Jayson Tatum;Payton Pritchard;Neemias Queta;Sam Hauser;Anfernee Simons;Nikola Vučević;Baylor Scheierman;Jordan Walsh;Luka Garza;Josh Minott;Hugo González;Dalano Banton;Ron Harper Jr.;Chris Boucher;Xavier Tillman Sr.;John Tonje;Amari Williams;Charles Bassey;Max Shulga
2026,Brooklyn Nets,Detroit Pistons,77,130,Tre Scott;Nic Claxton;Noah Clowney;Egor Dёmin;Terance Mann;Cam Thomas;Malachi Smith;Ziaire Williams;Nolan Traoré;Drake Powell;Danny Wolf;Ben Saraf;Chaney Johnson;Josh Minott;Tyrese Martin;Day'Ron Sharpe;Ochai Agbaji;Jalen Wilson;Tyson Etienne;E.J. Liddell;Grant Nelson,Jalen Duren;Tobias Harris;Duncan Robinson;Ausar Thompson;Isaiah Stewart;Kevin Huerter;Daniss Jenkins;Ron Holland;Caris LeVert;Javonte Green;Jaden Ivey;Paul Reed;Marcus Sasser;Wendell Moore Jr.;Tolu Smith;Chaz Lanier;Colby Jones;Bobi Klintman;Isaac Jones
2026,Chicago Bulls,Miami Heat,91,134,Nikola Vučević;Matas Buzelis;Coby White;Jaden Ivey;Anfernee Simons;Tre Jones;Isaac Okoro;Ayo Dosunmu;Collin Sexton;Guerschon Yabusele;Kevin Huerter;Leonard Miller;Mouhamadou Gueye;Nick Richards;Rob Dillingham;Jalen Smith;Patrick Williams;Zach Collins;Mac McClung;Yuki Kawamura;Dalen Terry;Jevon Carter;Julian Phillips;Lachlan Olbrich;Emanuel Miller;Trentyn Flowers;Noa Essengue,Tyler Herro;Andrew Wiggins;Norman Powell;Davion Mitchell;Jaime Jaquez Jr.;Pelle Larsson;Kel'el Ware;Kasparas Jakučionis;Nikola Jović;Simone Fontecchio;Dru Smith;Myron Gardner;Keshad Johnson;Jahmir Young;Vladislav Goldin;Trevor Keels
2026,Utah Jazz,Toronto Raptors,100,107,Andersson Garcia;Keyonte George;Bez Mbeng;Kennedy Chandler;Walker Kessler;Ace Bailey;Jusuf Nurkić;John Konchar;Isaiah Collier;Hayden Gray;Cody Williams;Jaren Jackson Jr.;Brice Sensabaugh;Kyle Filipowski;Svi Mykhailiuk;Elijah Harkless;Blake Hinson;Kyle Anderson;Mo Bamba;Walter Clayton;Kevin Love;Oscar Tshiebwe;Taylor Hendricks;Vince Williams Jr.,Scottie Barnes;Immanuel Quickley;RJ Barrett;Jakob Poeltl;Jamal Shead;Collin Murray-Boyles;Sandro Mamukelashvili;Ja'Kobe Walter;Ochai Agbaji;Gradey Dick;A.J. Lawson;Jamison Battle;Markelle Fultz;Chucky Hepburn;Alijah Martin;Jonathan Mogbo;Trayce Jackson-Davis;Garrett Temple;Mo Bamba
2026,Sacramento Kings,Washington Wizards,112,116,Zach LaVine;DeMar DeRozan;Domantas Sabonis;Russell Westbrook;Maxime Raynaud;Daeqwon Plowden;Dennis Schröder;De'Andre Hunter;Nique Clifford;Precious Achiuwa;Malik Monk;Dylan Cardwell;DaQuan Jeffries;Devin Carter;Killian Hayes;Keon Ellis;Doug McDermott;Patrick Baldwin Jr.;Isaiah Stevens;Drew Eubanks;Dario Šarić;Isaac Jones,CJ McCollum;Kyshawn George;Leaky Black;Bub Carrington;Alex Sarr;Bilal Coulibaly;Alondes Williams;Khris Middleton;Tre Johnson;Kadary Richmond;Will Riley;Trae Young;Jamir Watkins;Jaden Hardy;Justin Champagnie;Corey Kispert;Marvin Bagley III;Anthony Gill;Sharife Cooper;Cam Whitmore;Keshon Gilbert;Tristan Vukcevic;Skal Labissière;Malaki Branham;AJ Johnson
2026,Los Angeles Lakers,New York Knicks,100,112,Austin Reaves;LeBron James;Marcus Smart;Rui Hachimura;Deandre Ayton;Jake LaRavia;Luke Kennard;Gabe Vincent;Jaxson Hayes;Jarred Vanderbilt;Nick Smith Jr.;Maxi Kleber;Dalton Knecht;Bronny James;Drew Timme;Kobe Bufkin;Adou Thiero;Chris Mañon;Christian Koloko,OG Anunoby;Mikal Bridges;Karl-Anthony Towns;Josh Hart;Miles McBride;Landry Shamet;Mitchell Robinson;Jordan Clarkson;Jose Alvarado;Tyler Kolek;Mohamed Diawara;Ariel Hukporti;Guerschon Yabusele;Kevin McCullar Jr.;Jeremy Sochan;Trey Jemison;Dillon Jones;Pacôme Dadiet;Tosan Evbuomwan
2026,Los Angeles Clippers,Phoenix Suns,117,93,Kawhi Leonard;Ivica Zubac;Darius Garland;Bennedict Mathurin;Kris Dunn;John Collins;Derrick Jones Jr.;Jordan Miller;Brook Lopez;Bradley Beal;Kobe Sanders;Bogdan Bogdanović;Nicolas Batum;Isaiah Jackson;Chris Paul;Yanic Konan Niederhäuser;Cam Christie;Kobe Brown;Patrick Baldwin Jr.;TyTy Washington Jr.;Dalano Banton;Sean Pedulla;Norchad Omier;RayJ Dennis;Jahmyl Telfort,Dillon Brooks;Grayson Allen;Collin Gillespie;Royce O'Neale;Jalen Green;Mark Williams;Jordan Goodwin;Oso Ighodaro;Ryan Dunn;Amir Coffey;Jamaree Bouyea;Haywood Highsmith;Rasheer Fleming;CJ Huntley;Isaiah Livers;Nick Richards;Khaman Maluach;Nigel Hayes-Davis;Koby Brea
2026,Cleveland Cavaliers,Portland Trail Blazers,130,111,Donovan Mitchell;Evan Mobley;Darius Garland;Jarrett Allen;Jaylon Tyson;Sam Merrill;De'Andre Hunter;Keon Ellis;Max Strus;Dean Wade;Dennis Schröder;Lonzo Ball;Craig Porter Jr.;Nae'Qwan Tomlin;Larry Nance Jr.;Thomas Bryant;Tyrese Proctor;Olivier Sarr;Tristan Enaruna;Luke Travers;Riley Minix;Chris Livingston;Darius Brown II,Deni Avdija;Jerami Grant;Shaedon Sharpe;Jrue Holiday;Donovan Clingan;Scoot Henderson;Kris Murray;Caleb Love;Vít Krejčí;Sidy Cissoko;Robert Williams;Matisse Thybulle;Rayan Rupert;Blake Wesley;Duop Reath;Yang Hansen;Chris Youngblood;Javonte Cooke;Jayson Kent
2026,Orlando Magic,San Antonio Spurs,103,112,Desmond Bane;Franz Wagner;Anthony Black;Wendell Carter Jr.;Jalen Suggs;Tristan Da Silva;Jevon Carter;Tyus Jones;Goga Bitadze;Noah Penda;Jett Howard;Jamal Cain;Moritz Wagner;Jase Richardson;Jonathan Isaac;Orlando Robinson;Alex Morales;Colin Castleton,Devin Vassell;Stephon Castle;Victor Wembanyama;Julian Champagnie;Harrison Barnes;Keldon Johnson;Dylan Harper;Luke Kornet;Jeremy Sochan;Carter Bryant;Kelly Olynyk;Mason Plumlee;Lindy Waters III;Jordan McLaughlin;David Jones García;Bismack Biyombo;Harrison Ingram;Stanley Umude;Riley Minix
2026,Oklahoma City Thunder,Denver Nuggets,121,111,Chet Holmgren;Jalen Williams;Luguentz Dort;Cason Wallace;Ajay Mitchell;Isaiah Hartenstein;Aaron Wiggins;Isaiah Joe;Jaylin Williams;Alex Caruso;Jared McCain;Nikola Topić;Payton Sandfort;Kenrich Williams;Branden Carlson;Ousmane Dieng;Brooks Barnhizer;Chris Youngblood;Buddy Boeheim,Nikola Jokić;Christian Braun;Cameron Johnson;Peyton Watson;Aaron Gordon;Tim Hardaway Jr.;Bruce Brown;Spencer Jones;Jalen Pickett;Julian Strawther;David Roddy;Jonas Valančiūnas;Zeke Nnaji;Curtis Jones;Tyus Jones;DaRon Holmes;Hunter Tyson;KJ Simpson
2026,New Orleans Pelicans,Charlotte Hornets,95,102,Saddiq Bey;Zion Williamson;Herbert Jones;Dejounte Murray;Josh Oduro;Jeremiah Fears;Derik Queen;Jordan Poole;Jose Alvarado;Bryce McGowens;Yves Missi;DeAndre Jordan;Micah Peavy;Karlo Matković;Kevon Looney;Jordan Hawkins;Trey Alexander;Hunter Dickinson,Miles Bridges;Brandon Miller;LaMelo Ball;Moussa Diabaté;Sion James;Collin Sexton;Ryan Kalkbrenner;Grant Williams;Coby White;KJ Simpson;Josh Green;PJ Hall;Tidjane Salaün;Tre Mann;Liam McNeeley;Drew Peterson;Mason Plumlee;Pat Connaughton;Antonio Reeves;Xavier Tillman Sr.
2026,Houston Rockets,Indiana Pacers,118,114,Kevin Durant;Jabari Smith Jr.;Alperen Şengün;Reed Sheppard;Tari Eason;Steven Adams;Josh Okogie;Dorian Finney-Smith;Aaron Holiday;Clint Capela;Tristen Newton;Jae'Sean Tate;JD Davison;Isaiah Crawford;Jeff Green,Bennedict Mathurin;Andrew Nembhard;Aaron Nesmith;Jarace Walker;Kobe Brown;Jalen Slawson;Ivica Zubac;Ben Sheppard;Jay Huff;Ethan Thompson;Micah Potter;Johnny Furphy;Quenton Jackson;Obi Toppin;Jeremiah Robinson-Earl;T.J. McConnell;Isaiah Jackson;Kam Jones;James Wiseman;Cody Martin;Garrison Mathews;Taelon Peter;RayJ Dennis;Mac McClung;Tony Bradley;Monte Morris
2026,Minnesota Timberwolves,Memphis Grizzlies,128,137,Julius Randle;Jaden McDaniels;Rudy Gobert;Donte DiVincenzo;Ayo Dosunmu;Naz Reid;Kyle Anderson;Mike Conley;Bones Hyland;Jaylen Clark;Terrence Shannon Jr.;Rob Dillingham;Enrique Freeman;Zyon Pullin;Joan Beringer;Julian Phillips;Rocco Zikarsky;Joe Ingles;Leonard Miller;Johnny Juzang,Lucas Williamson;Rayan Rupert;Jaren Jackson Jr.;Dariq Whitehead;Adama-Alpha Bal;Ja Morant;Santi Aldama;Jaylen Wells;Zach Edey;Cedric Coward;Tyler Burton;Walter Clayton;Lawson Lovering;Taylor Hendricks;Cam Spencer;Jock Landale;Ty Jerome;Kyle Anderson;Jahmai Mashack;Vince Williams Jr.;GG Jackson II;Kentavious Caldwell-Pope;Scotty Pippen Jr.;DeJon Jarreau;Javon Small;Olivier-Maxence Prosper;Christian Koloko;Charles Bassey;John Konchar;Brandon Clarke;Taj Gibson;PJ Hall
2026,Philadelphia 76ers,Los Angeles Clippers,128,113,VJ Edgecombe;Joel Embiid;Kelly Oubre Jr.;Paul George;Quentin Grimes;Dominick Barlow;Andre Drummond;Adem Bona;Cameron Payne;Jared McCain;Trendon Watford;Justin Edwards;MarJon Beauchamp;Dalen Terry;Eric Gordon;Jabari Walker;Tyrese Martin;Kyle Lowry;Johni Broome;Charles Bassey;Hunter Sallis;Patrick Baldwin Jr.,Kawhi Leonard;Ivica Zubac;Darius Garland;Bennedict Mathurin;Kris Dunn;John Collins;Derrick Jones Jr.;Jordan Miller;Brook Lopez;Bradley Beal;Kobe Sanders;Bogdan Bogdanović;Nicolas Batum;Isaiah Jackson;Chris Paul;Yanic Konan Niederhäuser;Cam Christie;Kobe Brown;Patrick Baldwin Jr.;TyTy Washington Jr.;Dalano Banton;Sean Pedulla;Norchad Omier;RayJ Dennis;Jahmyl Telfort
2026,Denver Nuggets,Detroit Pistons,121,124,Nikola Jokić;Christian Braun;Cameron Johnson;Peyton Watson;Aaron Gordon;Tim Hardaway Jr.;Bruce Brown;Spencer Jones;Jalen Pickett;Julian Strawther;David Roddy;Jonas Valančiūnas;Zeke Nnaji;Curtis Jones;Tyus Jones;DaRon Holmes;Hunter Tyson;KJ Simpson,Jalen Duren;Tobias Harris;Duncan Robinson;Ausar Thompson;Isaiah Stewart;Kevin Huerter;Daniss Jenkins;Ron Holland;Caris LeVert;Javonte Green;Jaden Ivey;Paul Reed;Marcus Sasser;Wendell Moore Jr.;Tolu Smith;Chaz Lanier;Colby Jones;Bobi Klintman;Isaac Jones
2026,Utah Jazz,Indiana Pacers,131,122,Andersson Garcia;Keyonte George;Bez Mbeng;Kennedy Chandler;Walker Kessler;Ace Bailey;Jusuf Nurkić;John Konchar;Isaiah Collier;Hayden Gray;Cody Williams;Jaren Jackson Jr.;Brice Sensabaugh;Kyle Filipowski;Svi Mykhailiuk;Elijah Harkless;Blake Hinson;Kyle Anderson;Mo Bamba;Walter Clayton;Kevin Love;Oscar Tshiebwe;Taylor Hendricks;Vince Williams Jr.,Bennedict Mathurin;Andrew Nembhard;Aaron Nesmith;Jarace Walker;Kobe Brown;Jalen Slawson;Ivica Zubac;Ben Sheppard;Jay Huff;Ethan Thompson;Micah Potter;Johnny Furphy;Quenton Jackson;Obi Toppin;Jeremiah Robinson-Earl;T.J. McConnell;Isaiah Jackson;Kam Jones;James Wiseman;Cody Martin;Garrison Mathews;Taelon Peter;RayJ Dennis;Mac McClung;Tony Bradley;Monte Morris
2026,New York Knicks,Washington Wizards,132,101,OG Anunoby;Mikal Bridges;Karl-Anthony Towns;Josh Hart;Miles McBride;Landry Shamet;Mitchell Robinson;Jordan Clarkson;Jose Alvarado;Tyler Kolek;Mohamed Diawara;Ariel Hukporti;Guerschon Yabusele;Kevin McCullar Jr.;Jeremy Sochan;Trey Jemison;Dillon Jones;Pacôme Dadiet;Tosan Evbuomwan,CJ McCollum;Kyshawn George;Leaky Black;Bub Carrington;Alex Sarr;Bilal Coulibaly;Alondes Williams;Khris Middleton;Tre Johnson;Kadary Richmond;Will Riley;Trae Young;Jamir Watkins;Jaden Hardy;Justin Champagnie;Corey Kispert;Marvin Bagley III;Anthony Gill;Sharife Cooper;Cam Whitmore;Keshon Gilbert;Tristan Vukcevic;Skal Labissière;Malaki Branham;AJ Johnson
2026,Los Angeles Lakers,Brooklyn Nets,125,109,Austin Reaves;LeBron James;Marcus Smart;Rui Hachimura;Deandre Ayton;Jake LaRavia;Luke Kennard;Gabe Vincent;Jaxson Hayes;Jarred Vanderbilt;Nick Smith Jr.;Maxi Kleber;Dalton Knecht;Bronny James;Drew Timme;Kobe Bufkin;Adou Thiero;Chris Mañon;Christian Koloko,Tre Scott;Nic Claxton;Noah Clowney;Egor Dёmin;Terance Mann;Cam Thomas;Malachi Smith;Ziaire Williams;Nolan Traoré;Drake Powell;Danny Wolf;Ben Saraf;Chaney Johnson;Josh Minott;Tyrese Martin;Day'Ron Sharpe;Ochai Agbaji;Jalen Wilson;Tyson Etienne;E.J. Liddell;Grant Nelson
2026,Atlanta Hawks,Miami Heat,127,115,Nickeil Alexander-Walker;Dyson Daniels;Onyeka Okongwu;CJ McCollum;Trae Young;Keshon Gilbert;Kristaps Porziņģis;Zaccharie Risacher;Vít Krejčí;Jonathan Kuminga;Luke Kennard;Jock Landale;Corey Kispert;Mouhamed Gueye;Gabe Vincent;Asa Newell;RayJ Dennis;Tony Bradley;Christian Koloko;Keaton Wallace;Buddy Hield;Caleb Houstan;N'Faly Dante;Jacob Toppin,Tyler Herro;Andrew Wiggins;Norman Powell;Davion Mitchell;Jaime Jaquez Jr.;Pelle Larsson;Kel'el Ware;Kasparas Jakučionis;Nikola Jović;Simone Fontecchio;Dru Smith;Myron Gardner;Keshad Johnson;Jahmir Young;Vladislav Goldin;Trevor Keels
2026,Boston Celtics,Dallas Mavericks,110,100,Derrick White;Jayson Tatum;Payton Pritchard;Neemias Queta;Sam Hauser;Anfernee Simons;Nikola Vučević;Baylor Scheierman;Jordan Walsh;Luka Garza;Josh Minott;Hugo González;Dalano Banton;Ron Harper Jr.;Chris Boucher;Xavier Tillman Sr.;John Tonje;Amari Williams;Charles Bassey;Max Shulga,Anthony Davis;P.J. Washington;Naji Marshall;Max Christie;Brandon Williams;Klay Thompson;Daniel Gafford;Marvin Bagley III;Khris Middleton;Ryan Nembhard;John Poulakidas;D'Angelo Russell;Tyus Jones;Dereck Lively II;Caleb Martin;Dwight Powell;Moussa Cisse;Tyler Smith;Jaden Hardy;Jeremiah Robinson-Earl;AJ Johnson;Miles Kelly
2026,Chicago Bulls,Milwaukee Bucks,115,131,Nikola Vučević;Matas Buzelis;Coby White;Jaden Ivey;Anfernee Simons;Tre Jones;Isaac Okoro;Ayo Dosunmu;Collin Sexton;Guerschon Yabusele;Kevin Huerter;Leonard Miller;Mouhamadou Gueye;Nick Richards;Rob Dillingham;Jalen Smith;Patrick Williams;Zach Collins;Mac McClung;Yuki Kawamura;Dalen Terry;Jevon Carter;Julian Phillips;Lachlan Olbrich;Emanuel Miller;Trentyn Flowers;Noa Essengue,Ryan Rollins;A.J. Green;Giannis Antetokounmpo;Myles Turner;Ousmane Dieng;Kyle Kuzma;Cormac Ryan;Bobby Portis;Taurean Prince;Gary Trent Jr.;Jericho Sims;Cam Thomas;Pete Nance;Cole Anthony;Gary Harris;Amir Coffey;Andre Jackson Jr.;Thanasis Antetokounmpo;Mark Sears;Alex Antetokounmpo
2026,Orlando Magic,Oklahoma City Thunder,92,128,Desmond Bane;Franz Wagner;Anthony Black;Wendell Carter Jr.;Jalen Suggs;Tristan Da Silva;Jevon Carter;Tyus Jones;Goga Bitadze;Noah Penda;Jett Howard;Jamal Cain;Moritz Wagner;Jase Richardson;Jonathan Isaac;Orlando Robinson;Alex Morales;Colin Castleton,Chet Holmgren;Jalen Williams;Luguentz Dort;Cason Wallace;Ajay Mitchell;Isaiah Hartenstein;Aaron Wiggins;Isaiah Joe;Jaylin Williams;Alex Caruso;Jared McCain;Nikola Topić;Payton Sandfort;Kenrich Williams;Branden Carlson;Ousmane Dieng;Brooks Barnhizer;Chris Youngblood;Buddy Boeheim
2026,Philadelphia 76ers,Golden State Warriors,113,94,VJ Edgecombe;Joel Embiid;Kelly Oubre Jr.;Paul George;Quentin Grimes;Dominick Barlow;Andre Drummond;Adem Bona;Cameron Payne;Jared McCain;Trendon Watford;Justin Edwards;MarJon Beauchamp;Dalen Terry;Eric Gordon;Jabari Walker;Tyrese Martin;Kyle Lowry;Johni Broome;Charles Bassey;Hunter Sallis;Patrick Baldwin Jr.,Stephen Curry;Brandin Podziemski;Draymond Green;Moses Moody;Jonathan Kuminga;Kristaps Porziņģis;De'Anthony Melton;Al Horford;Gui Santos;Charles Bassey;Will Richard;Pat Spencer;Buddy Hield;Quinten Post;Nate Williams;LJ Cryer;Gary Payton II;Seth Curry;Omer Yurtseven;Trayce Jackson-Davis;Malevy Leons
2026,Phoenix Suns,Portland Trail Blazers,130,125,Dillon Brooks;Grayson Allen;Collin Gillespie;Royce O'Neale;Jalen Green;Mark Williams;Jordan Goodwin;Oso Ighodaro;Ryan Dunn;Amir Coffey;Jamaree Bouyea;Haywood Highsmith;Rasheer Fleming;CJ Huntley;Isaiah Livers;Nick Richards;Khaman Maluach;Nigel Hayes-Davis;Koby Brea,Deni Avdija;Jerami Grant;Shaedon Sharpe;Jrue Holiday;Donovan Clingan;Scoot Henderson;Kris Murray;Caleb Love;Vít Krejčí;Sidy Cissoko;Robert Williams;Matisse Thybulle;Rayan Rupert;Blake Wesley;Duop Reath;Yang Hansen;Chris Youngblood;Javonte Cooke;Jayson Kent
2026,Denver Nuggets,New York Knicks,127,134,Nikola Jokić;Christian Braun;Cameron Johnson;Peyton Watson;Aaron Gordon;Tim Hardaway Jr.;Bruce Brown;Spencer Jones;Jalen Pickett;Julian Strawther;David Roddy;Jonas Valančiūnas;Zeke Nnaji;Curtis Jones;Tyus Jones;DaRon Holmes;Hunter Tyson;KJ Simpson,OG Anunoby;Mikal Bridges;Karl-Anthony Towns;Josh Hart;Miles McBride;Landry Shamet;Mitchell Robinson;Jordan Clarkson;Jose Alvarado;Tyler Kolek;Mohamed Diawara;Ariel Hukporti;Guerschon Yabusele;Kevin McCullar Jr.;Jeremy Sochan;Trey Jemison;Dillon Jones;Pacôme Dadiet;Tosan Evbuomwan
2026,Minnesota Timberwolves,Toronto Raptors,128,126,Julius Randle;Jaden McDaniels;Rudy Gobert;Donte DiVincenzo;Ayo Dosunmu;Naz Reid;Kyle Anderson;Mike Conley;Bones Hyland;Jaylen Clark;Terrence Shannon Jr.;Rob Dillingham;Enrique Freeman;Zyon Pullin;Joan Beringer;Julian Phillips;Rocco Zikarsky;Joe Ingles;Leonard Miller;Johnny Juzang,Scottie Barnes;Immanuel Quickley;RJ Barrett;Jakob Poeltl;Jamal Shead;Collin Murray-Boyles;Sandro Mamukelashvili;Ja'Kobe Walter;Ochai Agbaji;Gradey Dick;A.J. Lawson;Jamison Battle;Markelle Fultz;Chucky Hepburn;Alijah Martin;Jonathan Mogbo;Trayce Jackson-Davis;Garrett Temple;Mo Bamba
2026,Boston Celtics,Houston Rockets,114,93,Derrick White;Jayson Tatum;Payton Pritchard;Neemias Queta;Sam Hauser;Anfernee Simons;Nikola Vučević;Baylor Scheierman;Jordan Walsh;Luka Garza;Josh Minott;Hugo González;Dalano Banton;Ron Harper Jr.;Chris Boucher;Xavier Tillman Sr.;John Tonje;Amari Williams;Charles Bassey;Max Shulga,Kevin Durant;Jabari Smith Jr.;Alperen Şengün;Reed Sheppard;Tari Eason;Steven Adams;Josh Okogie;Dorian Finney-Smith;Aaron Holiday;Clint Capela;Tristen Newton;Jae'Sean Tate;JD Davison;Isaiah Crawford;Jeff Green
2026,New Orleans Pelicans,Milwaukee Bucks,137,141,Saddiq Bey;Zion Williamson;Herbert Jones;Dejounte Murray;Josh Oduro;Jeremiah Fears;Derik Queen;Jordan Poole;Jose Alvarado;Bryce McGowens;Yves Missi;DeAndre Jordan;Micah Peavy;Karlo Matković;Kevon Looney;Jordan Hawkins;Trey Alexander;Hunter Dickinson,Ryan Rollins;A.J. Green;Giannis Antetokounmpo;Myles Turner;Ousmane Dieng;Kyle Kuzma;Cormac Ryan;Bobby Portis;Taurean Prince;Gary Trent Jr.;Jericho Sims;Cam Thomas;Pete Nance;Cole Anthony;Gary Harris;Amir Coffey;Andre Jackson Jr.;Thanasis Antetokounmpo;Mark Sears;Alex Antetokounmpo
2026,Oklahoma City Thunder,San Antonio Spurs,106,116,Chet Holmgren;Jalen Williams;Luguentz Dort;Cason Wallace;Ajay Mitchell;Isaiah Hartenstein;Aaron Wiggins;Isaiah Joe;Jaylin Williams;Alex Caruso;Jared McCain;Nikola Topić;Payton Sandfort;Kenrich Williams;Branden Carlson;Ousmane Dieng;Brooks Barnhizer;Chris Youngblood;Buddy Boeheim,Devin Vassell;Stephon Castle;Victor Wembanyama;Julian Champagnie;Harrison Barnes;Keldon Johnson;Dylan Harper;Luke Kornet;Jeremy Sochan;Carter Bryant;Kelly Olynyk;Mason Plumlee;Lindy Waters III;Jordan McLaughlin;David Jones García;Bismack Biyombo;Harrison Ingram;Stanley Umude;Riley Minix
2026,Memphis Grizzlies,Sacramento Kings,129,125,Lucas Williamson;Rayan Rupert;Jaren Jackson Jr.;Dariq Whitehead;Adama-Alpha Bal;Ja Morant;Santi Aldama;Jaylen Wells;Zach Edey;Cedric Coward;Tyler Burton;Walter Clayton;Lawson Lovering;Taylor Hendricks;Cam Spencer;Jock Landale;Ty Jerome;Kyle Anderson;Jahmai Mashack;Vince Williams Jr.;GG Jackson II;Kentavious Caldwell-Pope;Scotty Pippen Jr.;DeJon Jarreau;Javon Small;Olivier-Maxence Prosper;Christian Koloko;Charles Bassey;John Konchar;Brandon Clarke;Taj Gibson;PJ Hall,Zach LaVine;DeMar DeRozan;Domantas Sabonis;Russell Westbrook;Maxime Raynaud;Daeqwon Plowden;Dennis Schröder;De'Andre Hunter;Nique Clifford;Precious Achiuwa;Malik Monk;Dylan Cardwell;DaQuan Jeffries;Devin Carter;Killian Hayes;Keon Ellis;Doug McDermott;Patrick Baldwin Jr.;Isaiah Stevens;Drew Eubanks;Dario Šarić;Isaac Jones
2026,Cleveland Cavaliers,Los Angeles Clippers,124,91,Donovan Mitchell;Evan Mobley;Darius Garland;Jarrett Allen;Jaylon Tyson;Sam Merrill;De'Andre Hunter;Keon Ellis;Max Strus;Dean Wade;Dennis Schröder;Lonzo Ball;Craig Porter Jr.;Nae'Qwan Tomlin;Larry Nance Jr.;Thomas Bryant;Tyrese Proctor;Olivier Sarr;Tristan Enaruna;Luke Travers;Riley Minix;Chris Livingston;Darius Brown II,Kawhi Leonard;Ivica Zubac;Darius Garland;Bennedict Mathurin;Kris Dunn;John Collins;Derrick Jones Jr.;Jordan Miller;Brook Lopez;Bradley Beal;Kobe Sanders;Bogdan Bogdanović;Nicolas Batum;Isaiah Jackson;Chris Paul;Yanic Konan Niederhäuser;Cam Christie;Kobe Brown;Patrick Baldwin Jr.;TyTy Washington Jr.;Dalano Banton;Sean Pedulla;Norchad Omier;RayJ Dennis;Jahmyl Telfort
2026,Washington Wizards,Detroit Pistons,126,117,CJ McCollum;Kyshawn George;Leaky Black;Bub Carrington;Alex Sarr;Bilal Coulibaly;Alondes Williams;Khris Middleton;Tre Johnson;Kadary Richmond;Will Riley;Trae Young;Jamir Watkins;Jaden Hardy;Justin Champagnie;Corey Kispert;Marvin Bagley III;Anthony Gill;Sharife Cooper;Cam Whitmore;Keshon Gilbert;Tristan Vukcevic;Skal Labissière;Malaki Branham;AJ Johnson,Jalen Duren;Tobias Harris;Duncan Robinson;Ausar Thompson;Isaiah Stewart;Kevin Huerter;Daniss Jenkins;Ron Holland;Caris LeVert;Javonte Green;Jaden Ivey;Paul Reed;Marcus Sasser;Wendell Moore Jr.;Tolu Smith;Chaz Lanier;Colby Jones;Bobi Klintman;Isaac Jones
2026,Brooklyn Nets,Orlando Magic,98,118,Tre Scott;Nic Claxton;Noah Clowney;Egor Dёmin;Terance Mann;Cam Thomas;Malachi Smith;Ziaire Williams;Nolan Traoré;Drake Powell;Danny Wolf;Ben Saraf;Chaney Johnson;Josh Minott;Tyrese Martin;Day'Ron Sharpe;Ochai Agbaji;Jalen Wilson;Tyson Etienne;E.J. Liddell;Grant Nelson,Desmond Bane;Franz Wagner;Anthony Black;Wendell Carter Jr.;Jalen Suggs;Tristan Da Silva;Jevon Carter;Tyus Jones;Goga Bitadze;Noah Penda;Jett Howard;Jamal Cain;Moritz Wagner;Jase Richardson;Jonathan Isaac;Orlando Robinson;Alex Morales;Colin Castleton
2026,Utah Jazz,Atlanta Hawks,119,121,Andersson Garcia;Keyonte George;Bez Mbeng;Kennedy Chandler;Walker Kessler;Ace Bailey;Jusuf Nurkić;John Konchar;Isaiah Collier;Hayden Gray;Cody Williams;Jaren Jackson Jr.;Brice Sensabaugh;Kyle Filipowski;Svi Mykhailiuk;Elijah Harkless;Blake Hinson;Kyle Anderson;Mo Bamba;Walter Clayton;Kevin Love;Oscar Tshiebwe;Taylor Hendricks;Vince Williams Jr.,Nickeil Alexander-Walker;Dyson Daniels;Onyeka Okongwu;CJ McCollum;Trae Young;Keshon Gilbert;Kristaps Porziņģis;Zaccharie Risacher;Vít Krejčí;Jonathan Kuminga;Luke Kennard;Jock Landale;Corey Kispert;Mouhamed Gueye;Gabe Vincent;Asa Newell;RayJ Dennis;Tony Bradley;Christian Koloko;Keaton Wallace;Buddy Hield;Caleb Houstan;N'Faly Dante;Jacob Toppin
2026,Chicago Bulls,Toronto Raptors,107,123,Nikola Vučević;Matas Buzelis;Coby White;Jaden Ivey;Anfernee Simons;Tre Jones;Isaac Okoro;Ayo Dosunmu;Collin Sexton;Guerschon Yabusele;Kevin Huerter;Leonard Miller;Mouhamadou Gueye;Nick Richards;Rob Dillingham;Jalen Smith;Patrick Williams;Zach Collins;Mac McClung;Yuki Kawamura;Dalen Terry;Jevon Carter;Julian Phillips;Lachlan Olbrich;Emanuel Miller;Trentyn Flowers;Noa Essengue,Scottie Barnes;Immanuel Quickley;RJ Barrett;Jakob Poeltl;Jamal Shead;Collin Murray-Boyles;Sandro Mamukelashvili;Ja'Kobe Walter;Ochai Agbaji;Gradey Dick;A.J. Lawson;Jamison Battle;Markelle Fultz;Chucky Hepburn;Alijah Martin;Jonathan Mogbo;Trayce Jackson-Davis;Garrett Temple;Mo Bamba
2026,Charlotte Hornets,Houston Rockets,109,99,Miles Bridges;Brandon Miller;LaMelo Ball;Moussa Diabaté;Sion James;Collin Sexton;Ryan Kalkbrenner;Grant Williams;Coby White;KJ Simpson;Josh Green;PJ Hall;Tidjane Salaün;Tre Mann;Liam McNeeley;Drew Peterson;Mason Plumlee;Pat Connaughton;Antonio Reeves;Xavier Tillman Sr.,Kevin Durant;Jabari Smith Jr.;Alperen Şengün;Reed Sheppard;Tari Eason;Steven Adams;Josh Okogie;Dorian Finney-Smith;Aaron Holiday;Clint Capela;Tristen Newton;Jae'Sean Tate;JD Davison;Isaiah Crawford;Jeff Green
2026,San Antonio Spurs,Dallas Mavericks,135,123,Devin Vassell;Stephon Castle;Victor Wembanyama;Julian Champagnie;Harrison Barnes;Keldon Johnson;Dylan Harper;Luke Kornet;Jeremy Sochan;Carter Bryant;Kelly Olynyk;Mason Plumlee;Lindy Waters III;Jordan McLaughlin;David Jones García;Bismack Biyombo;Harrison Ingram;Stanley Umude;Riley Minix,Anthony Davis;P.J. Washington;Naji Marshall;Max Christie;Brandon Williams;Klay Thompson;Daniel Gafford;Marvin Bagley III;Khris Middleton;Ryan Nembhard;John Poulakidas;D'Angelo Russell;Tyus Jones;Dereck Lively II;Caleb Martin;Dwight Powell;Moussa Cisse;Tyler Smith;Jaden Hardy;Jeremiah Robinson-Earl;AJ Johnson;Miles Kelly
2026,Philadelphia 76ers,Los Angeles Lakers,115,119,VJ Edgecombe;Joel Embiid;Kelly Oubre Jr.;Paul George;Quentin Grimes;Dominick Barlow;Andre Drummond;Adem Bona;Cameron Payne;Jared McCain;Trendon Watford;Justin Edwards;MarJon Beauchamp;Dalen Terry;Eric Gordon;Jabari Walker;Tyrese Martin;Kyle Lowry;Johni Broome;Charles Bassey;Hunter Sallis;Patrick Baldwin Jr.,Austin Reaves;LeBron James;Marcus Smart;Rui Hachimura;Deandre Ayton;Jake LaRavia;Luke Kennard;Gabe Vincent;Jaxson Hayes;Jarred Vanderbilt;Nick Smith Jr.;Maxi Kleber;Dalton Knecht;Bronny James;Drew Timme;Kobe Bufkin;Adou Thiero;Chris Mañon;Christian Koloko
2026,Golden State Warriors,Phoenix Suns,101,97,Stephen Curry;Brandin Podziemski;Draymond Green;Moses Moody;Jonathan Kuminga;Kristaps Porziņģis;De'Anthony Melton;Al Horford;Gui Santos;Charles Bassey;Will Richard;Pat Spencer;Buddy Hield;Quinten Post;Nate Williams;LJ Cryer;Gary Payton II;Seth Curry;Omer Yurtseven;Trayce Jackson-Davis;Malevy Leons,Dillon Brooks;Grayson Allen;Collin Gillespie;Royce O'Neale;Jalen Green;Mark Williams;Jordan Goodwin;Oso Ighodaro;Ryan Dunn;Amir Coffey;Jamaree Bouyea;Haywood Highsmith;Rasheer Fleming;CJ Huntley;Isaiah Livers;Nick Richards;Khaman Maluach;Nigel Hayes-Davis;Koby Brea
2026,Miami Heat,Boston Celtics,96,98,Tyler Herro;Andrew Wiggins;Norman Powell;Davion Mitchell;Jaime Jaquez Jr.;Pelle Larsson;Kel'el Ware;Kasparas Jakučionis;Nikola Jović;Simone Fontecchio;Dru Smith;Myron Gardner;Keshad Johnson;Jahmir Young;Vladislav Goldin;Trevor Keels,Derrick White;Jayson Tatum;Payton Pritchard;Neemias Queta;Sam Hauser;Anfernee Simons;Nikola Vučević;Baylor Scheierman;Jordan Walsh;Luka Garza;Josh Minott;Hugo González;Dalano Banton;Ron Harper Jr.;Chris Boucher;Xavier Tillman Sr.;John Tonje;Amari Williams;Charles Bassey;Max Shulga
2026,New York Knicks,Detroit Pistons,80,118,OG Anunoby;Mikal Bridges;Karl-Anthony Towns;Josh Hart;Miles McBride;Landry Shamet;Mitchell Robinson;Jordan Clarkson;Jose Alvarado;Tyler Kolek;Mohamed Diawara;Ariel Hukporti;Guerschon Yabusele;Kevin McCullar Jr.;Jeremy Sochan;Trey Jemison;Dillon Jones;Pacôme Dadiet;Tosan Evbuomwan,Jalen Duren;Tobias Harris;Duncan Robinson;Ausar Thompson;Isaiah Stewart;Kevin Huerter;Daniss Jenkins;Ron Holland;Caris LeVert;Javonte Green;Jaden Ivey;Paul Reed;Marcus Sasser;Wendell Moore Jr.;Tolu Smith;Chaz Lanier;Colby Jones;Bobi Klintman;Isaac Jones
2026,Indiana Pacers,Milwaukee Bucks,99,105,Bennedict Mathurin;Andrew Nembhard;Aaron Nesmith;Jarace Walker;Kobe Brown;Jalen Slawson;Ivica Zubac;Ben Sheppard;Jay Huff;Ethan Thompson;Micah Potter;Johnny Furphy;Quenton Jackson;Obi Toppin;Jeremiah Robinson-Earl;T.J. McConnell;Isaiah Jackson;Kam Jones;James Wiseman;Cody Martin;Garrison Mathews;Taelon Peter;RayJ Dennis;Mac McClung;Tony Bradley;Monte Morris,Ryan Rollins;A.J. Green;Giannis Antetokounmpo;Myles Turner;Ousmane Dieng;Kyle Kuzma;Cormac Ryan;Bobby Portis;Taurean Prince;Gary Trent Jr.;Jericho Sims;Cam Thomas;Pete Nance;Cole Anthony;Gary Harris;Amir Coffey;Andre Jackson Jr.;Thanasis Antetokounmpo;Mark Sears;Alex Antetokounmpo
2026,New Orleans Pelicans,Minnesota Timberwolves,119,115,Saddiq Bey;Zion Williamson;Herbert Jones;Dejounte Murray;Josh Oduro;Jeremiah Fears;Derik Queen;Jordan Poole;Jose Alvarado;Bryce McGowens;Yves Missi;DeAndre Jordan;Micah Peavy;Karlo Matković;Kevon Looney;Jordan Hawkins;Trey Alexander;Hunter Dickinson,Julius Randle;Jaden McDaniels;Rudy Gobert;Donte DiVincenzo;Ayo Dosunmu;Naz Reid;Kyle Anderson;Mike Conley;Bones Hyland;Jaylen Clark;Terrence Shannon Jr.;Rob Dillingham;Enrique Freeman;Zyon Pullin;Joan Beringer;Julian Phillips;Rocco Zikarsky;Joe Ingles;Leonard Miller;Johnny Juzang
2026,Memphis Grizzlies,Portland Trail Blazers,115,135,Lucas Williamson;Rayan Rupert;Jaren Jackson Jr.;Dariq Whitehead;Adama-Alpha Bal;Ja Morant;Santi Aldama;Jaylen Wells;Zach Edey;Cedric Coward;Tyler Burton;Walter Clayton;Lawson Lovering;Taylor Hendricks;Cam Spencer;Jock Landale;Ty Jerome;Kyle Anderson;Jahmai Mashack;Vince Williams Jr.;GG Jackson II;Kentavious Caldwell-Pope;Scotty Pippen Jr.;DeJon Jarreau;Javon Small;Olivier-Maxence Prosper;Christian Koloko;Charles Bassey;John Konchar;Brandon Clarke;Taj Gibson;PJ Hall,Deni Avdija;Jerami Grant;Shaedon Sharpe;Jrue Holiday;Donovan Clingan;Scoot Henderson;Kris Murray;Caleb Love;Vít Krejčí;Sidy Cissoko;Robert Williams;Matisse Thybulle;Rayan Rupert;Blake Wesley;Duop Reath;Yang Hansen;Chris Youngblood;Javonte Cooke;Jayson Kent
2026,Los Angeles Clippers,Sacramento Kings,114,111,Kawhi Leonard;Ivica Zubac;Darius Garland;Bennedict Mathurin;Kris Dunn;John Collins;Derrick Jones Jr.;Jordan Miller;Brook Lopez;Bradley Beal;Kobe Sanders;Bogdan Bogdanović;Nicolas Batum;Isaiah Jackson;Chris Paul;Yanic Konan Niederhäuser;Cam Christie;Kobe Brown;Patrick Baldwin Jr.;TyTy Washington Jr.;Dalano Banton;Sean Pedulla;Norchad Omier;RayJ Dennis;Jahmyl Telfort,Zach LaVine;DeMar DeRozan;Domantas Sabonis;Russell Westbrook;Maxime Raynaud;Daeqwon Plowden;Dennis Schröder;De'Andre Hunter;Nique Clifford;Precious Achiuwa;Malik Monk;Dylan Cardwell;DaQuan Jeffries;Devin Carter;Killian Hayes;Keon Ellis;Doug McDermott;Patrick Baldwin Jr.;Isaiah Stevens;Drew Eubanks;Dario Šarić;Isaac Jones
2026,Washington Wizards,Brooklyn Nets,113,127,CJ McCollum;Kyshawn George;Leaky Black;Bub Carrington;Alex Sarr;Bilal Coulibaly;Alondes Williams;Khris Middleton;Tre Johnson;Kadary Richmond;Will Riley;Trae Young;Jamir Watkins;Jaden Hardy;Justin Champagnie;Corey Kispert;Marvin Bagley III;Anthony Gill;Sharife Cooper;Cam Whitmore;Keshon Gilbert;Tristan Vukcevic;Skal Labissière;Malaki Branham;AJ Johnson,Tre Scott;Nic Claxton;Noah Clowney;Egor Dёmin;Terance Mann;Cam Thomas;Malachi Smith;Ziaire Williams;Nolan Traoré;Drake Powell;Danny Wolf;Ben Saraf;Chaney Johnson;Josh Minott;Tyrese Martin;Day'Ron Sharpe;Ochai Agbaji;Jalen Wilson;Tyson Etienne;E.J. Liddell;Grant Nelson
2026,Houston Rockets,Oklahoma City Thunder,112,106,Kevin Durant;Jabari Smith Jr.;Alperen Şengün;Reed Sheppard;Tari Eason;Steven Adams;Josh Okogie;Dorian Finney-Smith;Aaron Holiday;Clint Capela;Tristen Newton;Jae'Sean Tate;JD Davison;Isaiah Crawford;Jeff Green,Chet Holmgren;Jalen Williams;Luguentz Dort;Cason Wallace;Ajay Mitchell;Isaiah Hartenstein;Aaron Wiggins;Isaiah Joe;Jaylin Williams;Alex Caruso;Jared McCain;Nikola Topić;Payton Sandfort;Kenrich Williams;Branden Carlson;Ousmane Dieng;Brooks Barnhizer;Chris Youngblood;Buddy Boeheim
2026,Dallas Mavericks,San Antonio Spurs,125,138,Anthony Davis;P.J. Washington;Naji Marshall;Max Christie;Brandon Williams;Klay Thompson;Daniel Gafford;Marvin Bagley III;Khris Middleton;Ryan Nembhard;John Poulakidas;D'Angelo Russell;Tyus Jones;Dereck Lively II;Caleb Martin;Dwight Powell;Moussa Cisse;Tyler Smith;Jaden Hardy;Jeremiah Robinson-Earl;AJ Johnson;Miles Kelly,Devin Vassell;Stephon Castle;Victor Wembanyama;Julian Champagnie;Harrison Barnes;Keldon Johnson;Dylan Harper;Luke Kornet;Jeremy Sochan;Carter Bryant;Kelly Olynyk;Mason Plumlee;Lindy Waters III;Jordan McLaughlin;David Jones García;Bismack Biyombo;Harrison Ingram;Stanley Umude;Riley Minix
2026,Utah Jazz,Orlando Magic,117,120,Andersson Garcia;Keyonte George;Bez Mbeng;Kennedy Chandler;Walker Kessler;Ace Bailey;Jusuf Nurkić;John Konchar;Isaiah Collier;Hayden Gray;Cody Williams;Jaren Jackson Jr.;Brice Sensabaugh;Kyle Filipowski;Svi Mykhailiuk;Elijah Harkless;Blake Hinson;Kyle Anderson;Mo Bamba;Walter Clayton;Kevin Love;Oscar Tshiebwe;Taylor Hendricks;Vince Williams Jr.,Desmond Bane;Franz Wagner;Anthony Black;Wendell Carter Jr.;Jalen Suggs;Tristan Da Silva;Jevon Carter;Tyus Jones;Goga Bitadze;Noah Penda;Jett Howard;Jamal Cain;Moritz Wagner;Jase Richardson;Jonathan Isaac;Orlando Robinson;Alex Morales;Colin Castleton
2026,Charlotte Hornets,Atlanta Hawks,126,119,Miles Bridges;Brandon Miller;LaMelo Ball;Moussa Diabaté;Sion James;Collin Sexton;Ryan Kalkbrenner;Grant Williams;Coby White;KJ Simpson;Josh Green;PJ Hall;Tidjane Salaün;Tre Mann;Liam McNeeley;Drew Peterson;Mason Plumlee;Pat Connaughton;Antonio Reeves;Xavier Tillman Sr.,Nickeil Alexander-Walker;Dyson Daniels;Onyeka Okongwu;CJ McCollum;Trae Young;Keshon Gilbert;Kristaps Porziņģis;Zaccharie Risacher;Vít Krejčí;Jonathan Kuminga;Luke Kennard;Jock Landale;Corey Kispert;Mouhamed Gueye;Gabe Vincent;Asa Newell;RayJ Dennis;Tony Bradley;Christian Koloko;Keaton Wallace;Buddy Hield;Caleb Houstan;N'Faly Dante;Jacob Toppin
2026,Denver Nuggets,Chicago Bulls,136,120,Nikola Jokić;Christian Braun;Cameron Johnson;Peyton Watson;Aaron Gordon;Tim Hardaway Jr.;Bruce Brown;Spencer Jones;Jalen Pickett;Julian Strawther;David Roddy;Jonas Valančiūnas;Zeke Nnaji;Curtis Jones;Tyus Jones;DaRon Holmes;Hunter Tyson;KJ Simpson,Nikola Vučević;Matas Buzelis;Coby White;Jaden Ivey;Anfernee Simons;Tre Jones;Isaac Okoro;Ayo Dosunmu;Collin Sexton;Guerschon Yabusele;Kevin Huerter;Leonard Miller;Mouhamadou Gueye;Nick Richards;Rob Dillingham;Jalen Smith;Patrick Williams;Zach Collins;Mac McClung;Yuki Kawamura;Dalen Terry;Jevon Carter;Julian Phillips;Lachlan Olbrich;Emanuel Miller;Trentyn Flowers;Noa Essengue
2026,Golden State Warriors,Los Angeles Lakers,99,105,Stephen Curry;Brandin Podziemski;Draymond Green;Moses Moody;Jonathan Kuminga;Kristaps Porziņģis;De'Anthony Melton;Al Horford;Gui Santos;Charles Bassey;Will Richard;Pat Spencer;Buddy Hield;Quinten Post;Nate Williams;LJ Cryer;Gary Payton II;Seth Curry;Omer Yurtseven;Trayce Jackson-Davis;Malevy Leons,Austin Reaves;LeBron James;Marcus Smart;Rui Hachimura;Deandre Ayton;Jake LaRavia;Luke Kennard;Gabe Vincent;Jaxson Hayes;Jarred Vanderbilt;Nick Smith Jr.;Maxi Kleber;Dalton Knecht;Bronny James;Drew Timme;Kobe Bufkin;Adou Thiero;Chris Mañon;Christian Koloko
2026,Philadelphia 76ers,Phoenix Suns,109,103,VJ Edgecombe;Joel Embiid;Kelly Oubre Jr.;Paul George;Quentin Grimes;Dominick Barlow;Andre Drummond;Adem Bona;Cameron Payne;Jared McCain;Trendon Watford;Justin Edwards;MarJon Beauchamp;Dalen Terry;Eric Gordon;Jabari Walker;Tyrese Martin;Kyle Lowry;Johni Broome;Charles Bassey;Hunter Sallis;Patrick Baldwin Jr.,Dillon Brooks;Grayson Allen;Collin Gillespie;Royce O'Neale;Jalen Green;Mark Williams;Jordan Goodwin;Oso Ighodaro;Ryan Dunn;Amir Coffey;Jamaree Bouyea;Haywood Highsmith;Rasheer Fleming;CJ Huntley;Isaiah Livers;Nick Richards;Khaman Maluach;Nigel Hayes-Davis;Koby Brea
2026,Memphis Grizzlies,Portland Trail Blazers,115,122,Lucas Williamson;Rayan Rupert;Jaren Jackson Jr.;Dariq Whitehead;Adama-Alpha Bal;Ja Morant;Santi Aldama;Jaylen Wells;Zach Edey;Cedric Coward;Tyler Burton;Walter Clayton;Lawson Lovering;Taylor Hendricks;Cam Spencer;Jock Landale;Ty Jerome;Kyle Anderson;Jahmai Mashack;Vince Williams Jr.;GG Jackson II;Kentavious Caldwell-Pope;Scotty Pippen Jr.;DeJon Jarreau;Javon Small;Olivier-Maxence Prosper;Christian Koloko;Charles Bassey;John Konchar;Brandon Clarke;Taj Gibson;PJ Hall,Deni Avdija;Jerami Grant;Shaedon Sharpe;Jrue Holiday;Donovan Clingan;Scoot Henderson;Kris Murray;Caleb Love;Vít Krejčí;Sidy Cissoko;Robert Williams;Matisse Thybulle;Rayan Rupert;Blake Wesley;Duop Reath;Yang Hansen;Chris Youngblood;Javonte Cooke;Jayson Kent
2026,Cleveland Cavaliers,Sacramento Kings,132,126,Donovan Mitchell;Evan Mobley;Darius Garland;Jarrett Allen;Jaylon Tyson;Sam Merrill;De'Andre Hunter;Keon Ellis;Max Strus;Dean Wade;Dennis Schröder;Lonzo Ball;Craig Porter Jr.;Nae'Qwan Tomlin;Larry Nance Jr.;Thomas Bryant;Tyrese Proctor;Olivier Sarr;Tristan Enaruna;Luke Travers;Riley Minix;Chris Livingston;Darius Brown II,Zach LaVine;DeMar DeRozan;Domantas Sabonis;Russell Westbrook;Maxime Raynaud;Daeqwon Plowden;Dennis Schröder;De'Andre Hunter;Nique Clifford;Precious Achiuwa;Malik Monk;Dylan Cardwell;DaQuan Jeffries;Devin Carter;Killian Hayes;Keon Ellis;Doug McDermott;Patrick Baldwin Jr.;Isaiah Stevens;Drew Eubanks;Dario Šarić;Isaac Jones
2026,New York Knicks,Boston Celtics,111,89,OG Anunoby;Mikal Bridges;Karl-Anthony Towns;Josh Hart;Miles McBride;Landry Shamet;Mitchell Robinson;Jordan Clarkson;Jose Alvarado;Tyler Kolek;Mohamed Diawara;Ariel Hukporti;Guerschon Yabusele;Kevin McCullar Jr.;Jeremy Sochan;Trey Jemison;Dillon Jones;Pacôme Dadiet;Tosan Evbuomwan,Derrick White;Jayson Tatum;Payton Pritchard;Neemias Queta;Sam Hauser;Anfernee Simons;Nikola Vučević;Baylor Scheierman;Jordan Walsh;Luka Garza;Josh Minott;Hugo González;Dalano Banton;Ron Harper Jr.;Chris Boucher;Xavier Tillman Sr.;John Tonje;Amari Williams;Charles Bassey;Max Shulga
2026,Miami Heat,Washington Wizards,132,101,Tyler Herro;Andrew Wiggins;Norman Powell;Davion Mitchell;Jaime Jaquez Jr.;Pelle Larsson;Kel'el Ware;Kasparas Jakučionis;Nikola Jović;Simone Fontecchio;Dru Smith;Myron Gardner;Keshad Johnson;Jahmir Young;Vladislav Goldin;Trevor Keels,CJ McCollum;Kyshawn George;Leaky Black;Bub Carrington;Alex Sarr;Bilal Coulibaly;Alondes Williams;Khris Middleton;Tre Johnson;Kadary Richmond;Will Riley;Trae Young;Jamir Watkins;Jaden Hardy;Justin Champagnie;Corey Kispert;Marvin Bagley III;Anthony Gill;Sharife Cooper;Cam Whitmore;Keshon Gilbert;Tristan Vukcevic;Skal Labissière;Malaki Branham;AJ Johnson
2026,Los Angeles Clippers,Minnesota Timberwolves,115,96,Kawhi Leonard;Ivica Zubac;Darius Garland;Bennedict Mathurin;Kris Dunn;John Collins;Derrick Jones Jr.;Jordan Miller;Brook Lopez;Bradley Beal;Kobe Sanders;Bogdan Bogdanović;Nicolas Batum;Isaiah Jackson;Chris Paul;Yanic Konan Niederhäuser;Cam Christie;Kobe Brown;Patrick Baldwin Jr.;TyTy Washington Jr.;Dalano Banton;Sean Pedulla;Norchad Omier;RayJ Dennis;Jahmyl Telfort,Julius Randle;Jaden McDaniels;Rudy Gobert;Donte DiVincenzo;Ayo Dosunmu;Naz Reid;Kyle Anderson;Mike Conley;Bones Hyland;Jaylen Clark;Terrence Shannon Jr.;Rob Dillingham;Enrique Freeman;Zyon Pullin;Joan Beringer;Julian Phillips;Rocco Zikarsky;Joe Ingles;Leonard Miller;Johnny Juzang
2026,Indiana Pacers,Toronto Raptors,104,122,Bennedict Mathurin;Andrew Nembhard;Aaron Nesmith;Jarace Walker;Kobe Brown;Jalen Slawson;Ivica Zubac;Ben Sheppard;Jay Huff;Ethan Thompson;Micah Potter;Johnny Furphy;Quenton Jackson;Obi Toppin;Jeremiah Robinson-Earl;T.J. McConnell;Isaiah Jackson;Kam Jones;James Wiseman;Cody Martin;Garrison Mathews;Taelon Peter;RayJ Dennis;Mac McClung;Tony Bradley;Monte Morris,Scottie Barnes;Immanuel Quickley;RJ Barrett;Jakob Poeltl;Jamal Shead;Collin Murray-Boyles;Sandro Mamukelashvili;Ja'Kobe Walter;Ochai Agbaji;Gradey Dick;A.J. Lawson;Jamison Battle;Markelle Fultz;Chucky Hepburn;Alijah Martin;Jonathan Mogbo;Trayce Jackson-Davis;Garrett Temple;Mo Bamba
2026,Detroit Pistons,Charlotte Hornets,110,104,Jalen Duren;Tobias Harris;Duncan Robinson;Ausar Thompson;Isaiah Stewart;Kevin Huerter;Daniss Jenkins;Ron Holland;Caris LeVert;Javonte Green;Jaden Ivey;Paul Reed;Marcus Sasser;Wendell Moore Jr.;Tolu Smith;Chaz Lanier;Colby Jones;Bobi Klintman;Isaac Jones,Miles Bridges;Brandon Miller;LaMelo Ball;Moussa Diabaté;Sion James;Collin Sexton;Ryan Kalkbrenner;Grant Williams;Coby White;KJ Simpson;Josh Green;PJ Hall;Tidjane Salaün;Tre Mann;Liam McNeeley;Drew Peterson;Mason Plumlee;Pat Connaughton;Antonio Reeves;Xavier Tillman Sr.
2026,Chicago Bulls,Brooklyn Nets,115,123,Nikola Vučević;Matas Buzelis;Coby White;Jaden Ivey;Anfernee Simons;Tre Jones;Isaac Okoro;Ayo Dosunmu;Collin Sexton;Guerschon Yabusele;Kevin Huerter;Leonard Miller;Mouhamadou Gueye;Nick Richards;Rob Dillingham;Jalen Smith;Patrick Williams;Zach Collins;Mac McClung;Yuki Kawamura;Dalen Terry;Jevon Carter;Julian Phillips;Lachlan Olbrich;Emanuel Miller;Trentyn Flowers;Noa Essengue,Tre Scott;Nic Claxton;Noah Clowney;Egor Dёmin;Terance Mann;Cam Thomas;Malachi Smith;Ziaire Williams;Nolan Traoré;Drake Powell;Danny Wolf;Ben Saraf;Chaney Johnson;Josh Minott;Tyrese Martin;Day'Ron Sharpe;Ochai Agbaji;Jalen Wilson;Tyson Etienne;E.J. Liddell;Grant Nelson
2026,Utah Jazz,Miami Heat,115,111,Andersson Garcia;Keyonte George;Bez Mbeng;Kennedy Chandler;Walker Kessler;Ace Bailey;Jusuf Nurkić;John Konchar;Isaiah Collier;Hayden Gray;Cody Williams;Jaren Jackson Jr.;Brice Sensabaugh;Kyle Filipowski;Svi Mykhailiuk;Elijah Harkless;Blake Hinson;Kyle Anderson;Mo Bamba;Walter Clayton;Kevin Love;Oscar Tshiebwe;Taylor Hendricks;Vince Williams Jr.,Tyler Herro;Andrew Wiggins;Norman Powell;Davion Mitchell;Jaime Jaquez Jr.;Pelle Larsson;Kel'el Ware;Kasparas Jakučionis;Nikola Jović;Simone Fontecchio;Dru Smith;Myron Gardner;Keshad Johnson;Jahmir Young;Vladislav Goldin;Trevor Keels
2026,Milwaukee Bucks,Orlando Magic,99,118,Ryan Rollins;A.J. Green;Giannis Antetokounmpo;Myles Turner;Ousmane Dieng;Kyle Kuzma;Cormac Ryan;Bobby Portis;Taurean Prince;Gary Trent Jr.;Jericho Sims;Cam Thomas;Pete Nance;Cole Anthony;Gary Harris;Amir Coffey;Andre Jackson Jr.;Thanasis Antetokounmpo;Mark Sears;Alex Antetokounmpo,Desmond Bane;Franz Wagner;Anthony Black;Wendell Carter Jr.;Jalen Suggs;Tristan Da Silva;Jevon Carter;Tyus Jones;Goga Bitadze;Noah Penda;Jett Howard;Jamal Cain;Moritz Wagner;Jase Richardson;Jonathan Isaac;Orlando Robinson;Alex Morales;Colin Castleton
2026,Atlanta Hawks,Minnesota Timberwolves,116,138,Nickeil Alexander-Walker;Dyson Daniels;Onyeka Okongwu;CJ McCollum;Trae Young;Keshon Gilbert;Kristaps Porziņģis;Zaccharie Risacher;Vít Krejčí;Jonathan Kuminga;Luke Kennard;Jock Landale;Corey Kispert;Mouhamed Gueye;Gabe Vincent;Asa Newell;RayJ Dennis;Tony Bradley;Christian Koloko;Keaton Wallace;Buddy Hield;Caleb Houstan;N'Faly Dante;Jacob Toppin,Julius Randle;Jaden McDaniels;Rudy Gobert;Donte DiVincenzo;Ayo Dosunmu;Naz Reid;Kyle Anderson;Mike Conley;Bones Hyland;Jaylen Clark;Terrence Shannon Jr.;Rob Dillingham;Enrique Freeman;Zyon Pullin;Joan Beringer;Julian Phillips;Rocco Zikarsky;Joe Ingles;Leonard Miller;Johnny Juzang
2026,Sacramento Kings,New Orleans Pelicans,94,120,Zach LaVine;DeMar DeRozan;Domantas Sabonis;Russell Westbrook;Maxime Raynaud;Daeqwon Plowden;Dennis Schröder;De'Andre Hunter;Nique Clifford;Precious Achiuwa;Malik Monk;Dylan Cardwell;DaQuan Jeffries;Devin Carter;Killian Hayes;Keon Ellis;Doug McDermott;Patrick Baldwin Jr.;Isaiah Stevens;Drew Eubanks;Dario Šarić;Isaac Jones,Saddiq Bey;Zion Williamson;Herbert Jones;Dejounte Murray;Josh Oduro;Jeremiah Fears;Derik Queen;Jordan Poole;Jose Alvarado;Bryce McGowens;Yves Missi;DeAndre Jordan;Micah Peavy;Karlo Matković;Kevon Looney;Jordan Hawkins;Trey Alexander;Hunter Dickinson
2026,Cleveland Cavaliers,Denver Nuggets,119,117,Donovan Mitchell;Evan Mobley;Darius Garland;Jarrett Allen;Jaylon Tyson;Sam Merrill;De'Andre Hunter;Keon Ellis;Max Strus;Dean Wade;Dennis Schröder;Lonzo Ball;Craig Porter Jr.;Nae'Qwan Tomlin;Larry Nance Jr.;Thomas Bryant;Tyrese Proctor;Olivier Sarr;Tristan Enaruna;Luke Travers;Riley Minix;Chris Livingston;Darius Brown II,Nikola Jokić;Christian Braun;Cameron Johnson;Peyton Watson;Aaron Gordon;Tim Hardaway Jr.;Bruce Brown;Spencer Jones;Jalen Pickett;Julian Strawther;David Roddy;Jonas Valančiūnas;Zeke Nnaji;Curtis Jones;Tyus Jones;DaRon Holmes;Hunter Tyson;KJ Simpson
2026,Memphis Grizzlies,Golden State Warriors,113,114,Lucas Williamson;Rayan Rupert;Jaren Jackson Jr.;Dariq Whitehead;Adama-Alpha Bal;Ja Morant;Santi Aldama;Jaylen Wells;Zach Edey;Cedric Coward;Tyler Burton;Walter Clayton;Lawson Lovering;Taylor Hendricks;Cam Spencer;Jock Landale;Ty Jerome;Kyle Anderson;Jahmai Mashack;Vince Williams Jr.;GG Jackson II;Kentavious Caldwell-Pope;Scotty Pippen Jr.;DeJon Jarreau;Javon Small;Olivier-Maxence Prosper;Christian Koloko;Charles Bassey;John Konchar;Brandon Clarke;Taj Gibson;PJ Hall,Stephen Curry;Brandin Podziemski;Draymond Green;Moses Moody;Jonathan Kuminga;Kristaps Porziņģis;De'Anthony Melton;Al Horford;Gui Santos;Charles Bassey;Will Richard;Pat Spencer;Buddy Hield;Quinten Post;Nate Williams;LJ Cryer;Gary Payton II;Seth Curry;Omer Yurtseven;Trayce Jackson-Davis;Malevy Leons
2026,Oklahoma City Thunder,Los Angeles Lakers,119,110,Chet Holmgren;Jalen Williams;Luguentz Dort;Cason Wallace;Ajay Mitchell;Isaiah Hartenstein;Aaron Wiggins;Isaiah Joe;Jaylin Williams;Alex Caruso;Jared McCain;Nikola Topić;Payton Sandfort;Kenrich Williams;Branden Carlson;Ousmane Dieng;Brooks Barnhizer;Chris Youngblood;Buddy Boeheim,Austin Reaves;LeBron James;Marcus Smart;Rui Hachimura;Deandre Ayton;Jake LaRavia;Luke Kennard;Gabe Vincent;Jaxson Hayes;Jarred Vanderbilt;Nick Smith Jr.;Maxi Kleber;Dalton Knecht;Bronny James;Drew Timme;Kobe Bufkin;Adou Thiero;Chris Mañon;Christian Koloko
2026,Philadelphia 76ers,Portland Trail Blazers,118,135,VJ Edgecombe;Joel Embiid;Kelly Oubre Jr.;Paul George;Quentin Grimes;Dominick Barlow;Andre Drummond;Adem Bona;Cameron Payne;Jared McCain;Trendon Watford;Justin Edwards;MarJon Beauchamp;Dalen Terry;Eric Gordon;Jabari Walker;Tyrese Martin;Kyle Lowry;Johni Broome;Charles Bassey;Hunter Sallis;Patrick Baldwin Jr.,Deni Avdija;Jerami Grant;Shaedon Sharpe;Jrue Holiday;Donovan Clingan;Scoot Henderson;Kris Murray;Caleb Love;Vít Krejčí;Sidy Cissoko;Robert Williams;Matisse Thybulle;Rayan Rupert;Blake Wesley;Duop Reath;Yang Hansen;Chris Youngblood;Javonte Cooke;Jayson Kent
2026,Indiana Pacers,New York Knicks,137,134,Bennedict Mathurin;Andrew Nembhard;Aaron Nesmith;Jarace Walker;Kobe Brown;Jalen Slawson;Ivica Zubac;Ben Sheppard;Jay Huff;Ethan Thompson;Micah Potter;Johnny Furphy;Quenton Jackson;Obi Toppin;Jeremiah Robinson-Earl;T.J. McConnell;Isaiah Jackson;Kam Jones;James Wiseman;Cody Martin;Garrison Mathews;Taelon Peter;RayJ Dennis;Mac McClung;Tony Bradley;Monte Morris,OG Anunoby;Mikal Bridges;Karl-Anthony Towns;Josh Hart;Miles McBride;Landry Shamet;Mitchell Robinson;Jordan Clarkson;Jose Alvarado;Tyler Kolek;Mohamed Diawara;Ariel Hukporti;Guerschon Yabusele;Kevin McCullar Jr.;Jeremy Sochan;Trey Jemison;Dillon Jones;Pacôme Dadiet;Tosan Evbuomwan
2026,Los Angeles Clippers,Houston Rockets,95,102,Kawhi Leonard;Ivica Zubac;Darius Garland;Bennedict Mathurin;Kris Dunn;John Collins;Derrick Jones Jr.;Jordan Miller;Brook Lopez;Bradley Beal;Kobe Sanders;Bogdan Bogdanović;Nicolas Batum;Isaiah Jackson;Chris Paul;Yanic Konan Niederhäuser;Cam Christie;Kobe Brown;Patrick Baldwin Jr.;TyTy Washington Jr.;Dalano Banton;Sean Pedulla;Norchad Omier;RayJ Dennis;Jahmyl Telfort,Kevin Durant;Jabari Smith Jr.;Alperen Şengün;Reed Sheppard;Tari Eason;Steven Adams;Josh Okogie;Dorian Finney-Smith;Aaron Holiday;Clint Capela;Tristen Newton;Jae'Sean Tate;JD Davison;Isaiah Crawford;Jeff Green
2026,Dallas Mavericks,Phoenix Suns,111,120,Anthony Davis;P.J. Washington;Naji Marshall;Max Christie;Brandon Williams;Klay Thompson;Daniel Gafford;Marvin Bagley III;Khris Middleton;Ryan Nembhard;John Poulakidas;D'Angelo Russell;Tyus Jones;Dereck Lively II;Caleb Martin;Dwight Powell;Moussa Cisse;Tyler Smith;Jaden Hardy;Jeremiah Robinson-Earl;AJ Johnson;Miles Kelly,Dillon Brooks;Grayson Allen;Collin Gillespie;Royce O'Neale;Jalen Green;Mark Williams;Jordan Goodwin;Oso Ighodaro;Ryan Dunn;Amir Coffey;Jamaree Bouyea;Haywood Highsmith;Rasheer Fleming;CJ Huntley;Isaiah Livers;Nick Richards;Khaman Maluach;Nigel Hayes-Davis;Koby Brea
2026,San Antonio Spurs,Los Angeles Lakers,136,108,Devin Vassell;Stephon Castle;Victor Wembanyama;Julian Champagnie;Harrison Barnes;Keldon Johnson;Dylan Harper;Luke Kornet;Jeremy Sochan;Carter Bryant;Kelly Olynyk;Mason Plumlee;Lindy Waters III;Jordan McLaughlin;David Jones García;Bismack Biyombo;Harrison Ingram;Stanley Umude;Riley Minix,Austin Reaves;LeBron James;Marcus Smart;Rui Hachimura;Deandre Ayton;Jake LaRavia;Luke Kennard;Gabe Vincent;Jaxson Hayes;Jarred Vanderbilt;Nick Smith Jr.;Maxi Kleber;Dalton Knecht;Bronny James;Drew Timme;Kobe Bufkin;Adou Thiero;Chris Mañon;Christian Koloko
2026,Atlanta Hawks,Charlotte Hornets,107,110,Nickeil Alexander-Walker;Dyson Daniels;Onyeka Okongwu;CJ McCollum;Trae Young;Keshon Gilbert;Kristaps Porziņģis;Zaccharie Risacher;Vít Krejčí;Jonathan Kuminga;Luke Kennard;Jock Landale;Corey Kispert;Mouhamed Gueye;Gabe Vincent;Asa Newell;RayJ Dennis;Tony Bradley;Christian Koloko;Keaton Wallace;Buddy Hield;Caleb Houstan;N'Faly Dante;Jacob Toppin,Miles Bridges;Brandon Miller;LaMelo Ball;Moussa Diabaté;Sion James;Collin Sexton;Ryan Kalkbrenner;Grant Williams;Coby White;KJ Simpson;Josh Green;PJ Hall;Tidjane Salaün;Tre Mann;Liam McNeeley;Drew Peterson;Mason Plumlee;Pat Connaughton;Antonio Reeves;Xavier Tillman Sr.
2026,Washington Wizards,Cleveland Cavaliers,113,138,CJ McCollum;Kyshawn George;Leaky Black;Bub Carrington;Alex Sarr;Bilal Coulibaly;Alondes Williams;Khris Middleton;Tre Johnson;Kadary Richmond;Will Riley;Trae Young;Jamir Watkins;Jaden Hardy;Justin Champagnie;Corey Kispert;Marvin Bagley III;Anthony Gill;Sharife Cooper;Cam Whitmore;Keshon Gilbert;Tristan Vukcevic;Skal Labissière;Malaki Branham;AJ Johnson,Donovan Mitchell;Evan Mobley;Darius Garland;Jarrett Allen;Jaylon Tyson;Sam Merrill;De'Andre Hunter;Keon Ellis;Max Strus;Dean Wade;Dennis Schröder;Lonzo Ball;Craig Porter Jr.;Nae'Qwan Tomlin;Larry Nance Jr.;Thomas Bryant;Tyrese Proctor;Olivier Sarr;Tristan Enaruna;Luke Travers;Riley Minix;Chris Livingston;Darius Brown II
2026,Milwaukee Bucks,Orlando Magic,116,108,Ryan Rollins;A.J. Green;Giannis Antetokounmpo;Myles Turner;Ousmane Dieng;Kyle Kuzma;Cormac Ryan;Bobby Portis;Taurean Prince;Gary Trent Jr.;Jericho Sims;Cam Thomas;Pete Nance;Cole Anthony;Gary Harris;Amir Coffey;Andre Jackson Jr.;Thanasis Antetokounmpo;Mark Sears;Alex Antetokounmpo,Desmond Bane;Franz Wagner;Anthony Black;Wendell Carter Jr.;Jalen Suggs;Tristan Da Silva;Jevon Carter;Tyus Jones;Goga Bitadze;Noah Penda;Jett Howard;Jamal Cain;Moritz Wagner;Jase Richardson;Jonathan Isaac;Orlando Robinson;Alex Morales;Colin Castleton
2026,Chicago Bulls,Boston Celtics,105,124,Nikola Vučević;Matas Buzelis;Coby White;Jaden Ivey;Anfernee Simons;Tre Jones;Isaac Okoro;Ayo Dosunmu;Collin Sexton;Guerschon Yabusele;Kevin Huerter;Leonard Miller;Mouhamadou Gueye;Nick Richards;Rob Dillingham;Jalen Smith;Patrick Williams;Zach Collins;Mac McClung;Yuki Kawamura;Dalen Terry;Jevon Carter;Julian Phillips;Lachlan Olbrich;Emanuel Miller;Trentyn Flowers;Noa Essengue,Derrick White;Jayson Tatum;Payton Pritchard;Neemias Queta;Sam Hauser;Anfernee Simons;Nikola Vučević;Baylor Scheierman;Jordan Walsh;Luka Garza;Josh Minott;Hugo González;Dalano Banton;Ron Harper Jr.;Chris Boucher;Xavier Tillman Sr.;John Tonje;Amari Williams;Charles Bassey;Max Shulga
2026,Indiana Pacers,Brooklyn Nets,115,110,Bennedict Mathurin;Andrew Nembhard;Aaron Nesmith;Jarace Walker;Kobe Brown;Jalen Slawson;Ivica Zubac;Ben Sheppard;Jay Huff;Ethan Thompson;Micah Potter;Johnny Furphy;Quenton Jackson;Obi Toppin;Jeremiah Robinson-Earl;T.J. McConnell;Isaiah Jackson;Kam Jones;James Wiseman;Cody Martin;Garrison Mathews;Taelon Peter;RayJ Dennis;Mac McClung;Tony Bradley;Monte Morris,Tre Scott;Nic Claxton;Noah Clowney;Egor Dёmin;Terance Mann;Cam Thomas;Malachi Smith;Ziaire Williams;Nolan Traoré;Drake Powell;Danny Wolf;Ben Saraf;Chaney Johnson;Josh Minott;Tyrese Martin;Day'Ron Sharpe;Ochai Agbaji;Jalen Wilson;Tyson Etienne;E.J. Liddell;Grant Nelson
2026,New York Knicks,Philadelphia 76ers,138,89,OG Anunoby;Mikal Bridges;Karl-Anthony Towns;Josh Hart;Miles McBride;Landry Shamet;Mitchell Robinson;Jordan Clarkson;Jose Alvarado;Tyler Kolek;Mohamed Diawara;Ariel Hukporti;Guerschon Yabusele;Kevin McCullar Jr.;Jeremy Sochan;Trey Jemison;Dillon Jones;Pacôme Dadiet;Tosan Evbuomwan,VJ Edgecombe;Joel Embiid;Kelly Oubre Jr.;Paul George;Quentin Grimes;Dominick Barlow;Andre Drummond;Adem Bona;Cameron Payne;Jared McCain;Trendon Watford;Justin Edwards;MarJon Beauchamp;Dalen Terry;Eric Gordon;Jabari Walker;Tyrese Martin;Kyle Lowry;Johni Broome;Charles Bassey;Hunter Sallis;Patrick Baldwin Jr.
2026,Detroit Pistons,Toronto Raptors,113,95,Jalen Duren;Tobias Harris;Duncan Robinson;Ausar Thompson;Isaiah Stewart;Kevin Huerter;Daniss Jenkins;Ron Holland;Caris LeVert;Javonte Green;Jaden Ivey;Paul Reed;Marcus Sasser;Wendell Moore Jr.;Tolu Smith;Chaz Lanier;Colby Jones;Bobi Klintman;Isaac Jones,Scottie Barnes;Immanuel Quickley;RJ Barrett;Jakob Poeltl;Jamal Shead;Collin Murray-Boyles;Sandro Mamukelashvili;Ja'Kobe Walter;Ochai Agbaji;Gradey Dick;A.J. Lawson;Jamison Battle;Markelle Fultz;Chucky Hepburn;Alijah Martin;Jonathan Mogbo;Trayce Jackson-Davis;Garrett Temple;Mo Bamba
2026,Los Angeles Clippers,Houston Rockets,105,102,Kawhi Leonard;Ivica Zubac;Darius Garland;Bennedict Mathurin;Kris Dunn;John Collins;Derrick Jones Jr.;Jordan Miller;Brook Lopez;Bradley Beal;Kobe Sanders;Bogdan Bogdanović;Nicolas Batum;Isaiah Jackson;Chris Paul;Yanic Konan Niederhäuser;Cam Christie;Kobe Brown;Patrick Baldwin Jr.;TyTy Washington Jr.;Dalano Banton;Sean Pedulla;Norchad Omier;RayJ Dennis;Jahmyl Telfort,Kevin Durant;Jabari Smith Jr.;Alperen Şengün;Reed Sheppard;Tari Eason;Steven Adams;Josh Okogie;Dorian Finney-Smith;Aaron Holiday;Clint Capela;Tristen Newton;Jae'Sean Tate;JD Davison;Isaiah Crawford;Jeff Green
2026,Portland Trail Blazers,Minnesota Timberwolves,109,133,Deni Avdija;Jerami Grant;Shaedon Sharpe;Jrue Holiday;Donovan Clingan;Scoot Henderson;Kris Murray;Caleb Love;Vít Krejčí;Sidy Cissoko;Robert Williams;Matisse Thybulle;Rayan Rupert;Blake Wesley;Duop Reath;Yang Hansen;Chris Youngblood;Javonte Cooke;Jayson Kent,Julius Randle;Jaden McDaniels;Rudy Gobert;Donte DiVincenzo;Ayo Dosunmu;Naz Reid;Kyle Anderson;Mike Conley;Bones Hyland;Jaylen Clark;Terrence Shannon Jr.;Rob Dillingham;Enrique Freeman;Zyon Pullin;Joan Beringer;Julian Phillips;Rocco Zikarsky;Joe Ingles;Leonard Miller;Johnny Juzang
2026,Miami Heat,New Orleans Pelicans,123,111,Tyler Herro;Andrew Wiggins;Norman Powell;Davion Mitchell;Jaime Jaquez Jr.;Pelle Larsson;Kel'el Ware;Kasparas Jakučionis;Nikola Jović;Simone Fontecchio;Dru Smith;Myron Gardner;Keshad Johnson;Jahmir Young;Vladislav Goldin;Trevor Keels,Saddiq Bey;Zion Williamson;Herbert Jones;Dejounte Murray;Josh Oduro;Jeremiah Fears;Derik Queen;Jordan Poole;Jose Alvarado;Bryce McGowens;Yves Missi;DeAndre Jordan;Micah Peavy;Karlo Matković;Kevon Looney;Jordan Hawkins;Trey Alexander;Hunter Dickinson
2026,Memphis Grizzlies,Denver Nuggets,116,122,Lucas Williamson;Rayan Rupert;Jaren Jackson Jr.;Dariq Whitehead;Adama-Alpha Bal;Ja Morant;Santi Aldama;Jaylen Wells;Zach Edey;Cedric Coward;Tyler Burton;Walter Clayton;Lawson Lovering;Taylor Hendricks;Cam Spencer;Jock Landale;Ty Jerome;Kyle Anderson;Jahmai Mashack;Vince Williams Jr.;GG Jackson II;Kentavious Caldwell-Pope;Scotty Pippen Jr.;DeJon Jarreau;Javon Small;Olivier-Maxence Prosper;Christian Koloko;Charles Bassey;John Konchar;Brandon Clarke;Taj Gibson;PJ Hall,Nikola Jokić;Christian Braun;Cameron Johnson;Peyton Watson;Aaron Gordon;Tim Hardaway Jr.;Bruce Brown;Spencer Jones;Jalen Pickett;Julian Strawther;David Roddy;Jonas Valančiūnas;Zeke Nnaji;Curtis Jones;Tyus Jones;DaRon Holmes;Hunter Tyson;KJ Simpson
2026,Oklahoma City Thunder,Phoenix Suns,136,109,Chet Holmgren;Jalen Williams;Luguentz Dort;Cason Wallace;Ajay Mitchell;Isaiah Hartenstein;Aaron Wiggins;Isaiah Joe;Jaylin Williams;Alex Caruso;Jared McCain;Nikola Topić;Payton Sandfort;Kenrich Williams;Branden Carlson;Ousmane Dieng;Brooks Barnhizer;Chris Youngblood;Buddy Boeheim,Dillon Brooks;Grayson Allen;Collin Gillespie;Royce O'Neale;Jalen Green;Mark Williams;Jordan Goodwin;Oso Ighodaro;Ryan Dunn;Amir Coffey;Jamaree Bouyea;Haywood Highsmith;Rasheer Fleming;CJ Huntley;Isaiah Livers;Nick Richards;Khaman Maluach;Nigel Hayes-Davis;Koby Brea
2026,Sacramento Kings,Utah Jazz,93,121,Zach LaVine;DeMar DeRozan;Domantas Sabonis;Russell Westbrook;Maxime Raynaud;Daeqwon Plowden;Dennis Schröder;De'Andre Hunter;Nique Clifford;Precious Achiuwa;Malik Monk;Dylan Cardwell;DaQuan Jeffries;Devin Carter;Killian Hayes;Keon Ellis;Doug McDermott;Patrick Baldwin Jr.;Isaiah Stevens;Drew Eubanks;Dario Šarić;Isaac Jones,Andersson Garcia;Keyonte George;Bez Mbeng;Kennedy Chandler;Walker Kessler;Ace Bailey;Jusuf Nurkić;John Konchar;Isaiah Collier;Hayden Gray;Cody Williams;Jaren Jackson Jr.;Brice Sensabaugh;Kyle Filipowski;Svi Mykhailiuk;Elijah Harkless;Blake Hinson;Kyle Anderson;Mo Bamba;Walter Clayton;Kevin Love;Oscar Tshiebwe;Taylor Hendricks;Vince Williams Jr.
2026,San Antonio Spurs,Golden State Warriors,126,113,Devin Vassell;Stephon Castle;Victor Wembanyama;Julian Champagnie;Harrison Barnes;Keldon Johnson;Dylan Harper;Luke Kornet;Jeremy Sochan;Carter Bryant;Kelly Olynyk;Mason Plumlee;Lindy Waters III;Jordan McLaughlin;David Jones García;Bismack Biyombo;Harrison Ingram;Stanley Umude;Riley Minix,Stephen Curry;Brandin Podziemski;Draymond Green;Moses Moody;Jonathan Kuminga;Kristaps Porziņģis;De'Anthony Melton;Al Horford;Gui Santos;Charles Bassey;Will Richard;Pat Spencer;Buddy Hield;Quinten Post;Nate Williams;LJ Cryer;Gary Payton II;Seth Curry;Omer Yurtseven;Trayce Jackson-Davis;Malevy Leons
2026,Milwaukee Bucks,Oklahoma City Thunder,110,93,Ryan Rollins;A.J. Green;Giannis Antetokounmpo;Myles Turner;Ousmane Dieng;Kyle Kuzma;Cormac Ryan;Bobby Portis;Taurean Prince;Gary Trent Jr.;Jericho Sims;Cam Thomas;Pete Nance;Cole Anthony;Gary Harris;Amir Coffey;Andre Jackson Jr.;Thanasis Antetokounmpo;Mark Sears;Alex Antetokounmpo,Chet Holmgren;Jalen Williams;Luguentz Dort;Cason Wallace;Ajay Mitchell;Isaiah Hartenstein;Aaron Wiggins;Isaiah Joe;Jaylin Williams;Alex Caruso;Jared McCain;Nikola Topić;Payton Sandfort;Kenrich Williams;Branden Carlson;Ousmane Dieng;Brooks Barnhizer;Chris Youngblood;Buddy Boeheim
2026,Portland Trail Blazers,Utah Jazz,135,119,Deni Avdija;Jerami Grant;Shaedon Sharpe;Jrue Holiday;Donovan Clingan;Scoot Henderson;Kris Murray;Caleb Love;Vít Krejčí;Sidy Cissoko;Robert Williams;Matisse Thybulle;Rayan Rupert;Blake Wesley;Duop Reath;Yang Hansen;Chris Youngblood;Javonte Cooke;Jayson Kent,Andersson Garcia;Keyonte George;Bez Mbeng;Kennedy Chandler;Walker Kessler;Ace Bailey;Jusuf Nurkić;John Konchar;Isaiah Collier;Hayden Gray;Cody Williams;Jaren Jackson Jr.;Brice Sensabaugh;Kyle Filipowski;Svi Mykhailiuk;Elijah Harkless;Blake Hinson;Kyle Anderson;Mo Bamba;Walter Clayton;Kevin Love;Oscar Tshiebwe;Taylor Hendricks;Vince Williams Jr.
2026,Dallas Mavericks,Los Angeles Lakers,104,124,Anthony Davis;P.J. Washington;Naji Marshall;Max Christie;Brandon Williams;Klay Thompson;Daniel Gafford;Marvin Bagley III;Khris Middleton;Ryan Nembhard;John Poulakidas;D'Angelo Russell;Tyus Jones;Dereck Lively II;Caleb Martin;Dwight Powell;Moussa Cisse;Tyler Smith;Jaden Hardy;Jeremiah Robinson-Earl;AJ Johnson;Miles Kelly,Austin Reaves;LeBron James;Marcus Smart;Rui Hachimura;Deandre Ayton;Jake LaRavia;Luke Kennard;Gabe Vincent;Jaxson Hayes;Jarred Vanderbilt;Nick Smith Jr.;Maxi Kleber;Dalton Knecht;Bronny James;Drew Timme;Kobe Bufkin;Adou Thiero;Chris Mañon;Christian Koloko
2026,Houston Rockets,Charlotte Hornets,105,101,Kevin Durant;Jabari Smith Jr.;Alperen Şengün;Reed Sheppard;Tari Eason;Steven Adams;Josh Okogie;Dorian Finney-Smith;Aaron Holiday;Clint Capela;Tristen Newton;Jae'Sean Tate;JD Davison;Isaiah Crawford;Jeff Green,Miles Bridges;Brandon Miller;LaMelo Ball;Moussa Diabaté;Sion James;Collin Sexton;Ryan Kalkbrenner;Grant Williams;Coby White;KJ Simpson;Josh Green;PJ Hall;Tidjane Salaün;Tre Mann;Liam McNeeley;Drew Peterson;Mason Plumlee;Pat Connaughton;Antonio Reeves;Xavier Tillman Sr.
2026,Brooklyn Nets,Cleveland Cavaliers,84,112,Tre Scott;Nic Claxton;Noah Clowney;Egor Dёmin;Terance Mann;Cam Thomas;Malachi Smith;Ziaire Williams;Nolan Traoré;Drake Powell;Danny Wolf;Ben Saraf;Chaney Johnson;Josh Minott;Tyrese Martin;Day'Ron Sharpe;Ochai Agbaji;Jalen Wilson;Tyson Etienne;E.J. Liddell;Grant Nelson,Donovan Mitchell;Evan Mobley;Darius Garland;Jarrett Allen;Jaylon Tyson;Sam Merrill;De'Andre Hunter;Keon Ellis;Max Strus;Dean Wade;Dennis Schröder;Lonzo Ball;Craig Porter Jr.;Nae'Qwan Tomlin;Larry Nance Jr.;Thomas Bryant;Tyrese Proctor;Olivier Sarr;Tristan Enaruna;Luke Travers;Riley Minix;Chris Livingston;Darius Brown II
2026,Atlanta Hawks,Philadelphia 76ers,117,107,Nickeil Alexander-Walker;Dyson Daniels;Onyeka Okongwu;CJ McCollum;Trae Young;Keshon Gilbert;Kristaps Porziņģis;Zaccharie Risacher;Vít Krejčí;Jonathan Kuminga;Luke Kennard;Jock Landale;Corey Kispert;Mouhamed Gueye;Gabe Vincent;Asa Newell;RayJ Dennis;Tony Bradley;Christian Koloko;Keaton Wallace;Buddy Hield;Caleb Houstan;N'Faly Dante;Jacob Toppin,VJ Edgecombe;Joel Embiid;Kelly Oubre Jr.;Paul George;Quentin Grimes;Dominick Barlow;Andre Drummond;Adem Bona;Cameron Payne;Jared McCain;Trendon Watford;Justin Edwards;MarJon Beauchamp;Dalen Terry;Eric Gordon;Jabari Walker;Tyrese Martin;Kyle Lowry;Johni Broome;Charles Bassey;Hunter Sallis;Patrick Baldwin Jr.
2026,Indiana Pacers,Washington Wizards,105,112,Bennedict Mathurin;Andrew Nembhard;Aaron Nesmith;Jarace Walker;Kobe Brown;Jalen Slawson;Ivica Zubac;Ben Sheppard;Jay Huff;Ethan Thompson;Micah Potter;Johnny Furphy;Quenton Jackson;Obi Toppin;Jeremiah Robinson-Earl;T.J. McConnell;Isaiah Jackson;Kam Jones;James Wiseman;Cody Martin;Garrison Mathews;Taelon Peter;RayJ Dennis;Mac McClung;Tony Bradley;Monte Morris,CJ McCollum;Kyshawn George;Leaky Black;Bub Carrington;Alex Sarr;Bilal Coulibaly;Alondes Williams;Khris Middleton;Tre Johnson;Kadary Richmond;Will Riley;Trae Young;Jamir Watkins;Jaden Hardy;Justin Champagnie;Corey Kispert;Marvin Bagley III;Anthony Gill;Sharife Cooper;Cam Whitmore;Keshon Gilbert;Tristan Vukcevic;Skal Labissière;Malaki Branham;AJ Johnson
2026,Detroit Pistons,New York Knicks,126,111,Jalen Duren;Tobias Harris;Duncan Robinson;Ausar Thompson;Isaiah Stewart;Kevin Huerter;Daniss Jenkins;Ron Holland;Caris LeVert;Javonte Green;Jaden Ivey;Paul Reed;Marcus Sasser;Wendell Moore Jr.;Tolu Smith;Chaz Lanier;Colby Jones;Bobi Klintman;Isaac Jones,OG Anunoby;Mikal Bridges;Karl-Anthony Towns;Josh Hart;Miles McBride;Landry Shamet;Mitchell Robinson;Jordan Clarkson;Jose Alvarado;Tyler Kolek;Mohamed Diawara;Ariel Hukporti;Guerschon Yabusele;Kevin McCullar Jr.;Jeremy Sochan;Trey Jemison;Dillon Jones;Pacôme Dadiet;Tosan Evbuomwan
2026,Toronto Raptors,Chicago Bulls,110,101,Scottie Barnes;Immanuel Quickley;RJ Barrett;Jakob Poeltl;Jamal Shead;Collin Murray-Boyles;Sandro Mamukelashvili;Ja'Kobe Walter;Ochai Agbaji;Gradey Dick;A.J. Lawson;Jamison Battle;Markelle Fultz;Chucky Hepburn;Alijah Martin;Jonathan Mogbo;Trayce Jackson-Davis;Garrett Temple;Mo Bamba,Nikola Vučević;Matas Buzelis;Coby White;Jaden Ivey;Anfernee Simons;Tre Jones;Isaac Okoro;Ayo Dosunmu;Collin Sexton;Guerschon Yabusele;Kevin Huerter;Leonard Miller;Mouhamadou Gueye;Nick Richards;Rob Dillingham;Jalen Smith;Patrick Williams;Zach Collins;Mac McClung;Yuki Kawamura;Dalen Terry;Jevon Carter;Julian Phillips;Lachlan Olbrich;Emanuel Miller;Trentyn Flowers;Noa Essengue
2026,Phoenix Suns,San Antonio Spurs,94,121,Dillon Brooks;Grayson Allen;Collin Gillespie;Royce O'Neale;Jalen Green;Mark Williams;Jordan Goodwin;Oso Ighodaro;Ryan Dunn;Amir Coffey;Jamaree Bouyea;Haywood Highsmith;Rasheer Fleming;CJ Huntley;Isaiah Livers;Nick Richards;Khaman Maluach;Nigel Hayes-Davis;Koby Brea,Devin Vassell;Stephon Castle;Victor Wembanyama;Julian Champagnie;Harrison Barnes;Keldon Johnson;Dylan Harper;Luke Kornet;Jeremy Sochan;Carter Bryant;Kelly Olynyk;Mason Plumlee;Lindy Waters III;Jordan McLaughlin;David Jones García;Bismack Biyombo;Harrison Ingram;Stanley Umude;Riley Minix
2026,Boston Celtics,Golden State Warriors,121,110,Derrick White;Jayson Tatum;Payton Pritchard;Neemias Queta;Sam Hauser;Anfernee Simons;Nikola Vučević;Baylor Scheierman;Jordan Walsh;Luka Garza;Josh Minott;Hugo González;Dalano Banton;Ron Harper Jr.;Chris Boucher;Xavier Tillman Sr.;John Tonje;Amari Williams;Charles Bassey;Max Shulga,Stephen Curry;Brandin Podziemski;Draymond Green;Moses Moody;Jonathan Kuminga;Kristaps Porziņģis;De'Anthony Melton;Al Horford;Gui Santos;Charles Bassey;Will Richard;Pat Spencer;Buddy Hield;Quinten Post;Nate Williams;LJ Cryer;Gary Payton II;Seth Curry;Omer Yurtseven;Trayce Jackson-Davis;Malevy Leons
2026,Orlando Magic,Sacramento Kings,131,94,Desmond Bane;Franz Wagner;Anthony Black;Wendell Carter Jr.;Jalen Suggs;Tristan Da Silva;Jevon Carter;Tyus Jones;Goga Bitadze;Noah Penda;Jett Howard;Jamal Cain;Moritz Wagner;Jase Richardson;Jonathan Isaac;Orlando Robinson;Alex Morales;Colin Castleton,Zach LaVine;DeMar DeRozan;Domantas Sabonis;Russell Westbrook;Maxime Raynaud;Daeqwon Plowden;Dennis Schröder;De'Andre Hunter;Nique Clifford;Precious Achiuwa;Malik Monk;Dylan Cardwell;DaQuan Jeffries;Devin Carter;Killian Hayes;Keon Ellis;Doug McDermott;Patrick Baldwin Jr.;Isaiah Stevens;Drew Eubanks;Dario Šarić;Isaac Jones
2026,Denver Nuggets,Los Angeles Clippers,114,115,Nikola Jokić;Christian Braun;Cameron Johnson;Peyton Watson;Aaron Gordon;Tim Hardaway Jr.;Bruce Brown;Spencer Jones;Jalen Pickett;Julian Strawther;David Roddy;Jonas Valančiūnas;Zeke Nnaji;Curtis Jones;Tyus Jones;DaRon Holmes;Hunter Tyson;KJ Simpson,Kawhi Leonard;Ivica Zubac;Darius Garland;Bennedict Mathurin;Kris Dunn;John Collins;Derrick Jones Jr.;Jordan Miller;Brook Lopez;Bradley Beal;Kobe Sanders;Bogdan Bogdanović;Nicolas Batum;Isaiah Jackson;Chris Paul;Yanic Konan Niederhäuser;Cam Christie;Kobe Brown;Patrick Baldwin Jr.;TyTy Washington Jr.;Dalano Banton;Sean Pedulla;Norchad Omier;RayJ Dennis;Jahmyl Telfort
2026,Cleveland Cavaliers,Charlotte Hornets,118,113,Donovan Mitchell;Evan Mobley;Darius Garland;Jarrett Allen;Jaylon Tyson;Sam Merrill;De'Andre Hunter;Keon Ellis;Max Strus;Dean Wade;Dennis Schröder;Lonzo Ball;Craig Porter Jr.;Nae'Qwan Tomlin;Larry Nance Jr.;Thomas Bryant;Tyrese Proctor;Olivier Sarr;Tristan Enaruna;Luke Travers;Riley Minix;Chris Livingston;Darius Brown II,Miles Bridges;Brandon Miller;LaMelo Ball;Moussa Diabaté;Sion James;Collin Sexton;Ryan Kalkbrenner;Grant Williams;Coby White;KJ Simpson;Josh Green;PJ Hall;Tidjane Salaün;Tre Mann;Liam McNeeley;Drew Peterson;Mason Plumlee;Pat Connaughton;Antonio Reeves;Xavier Tillman Sr.
2026,Utah Jazz,Memphis Grizzlies,114,123,Andersson Garcia;Keyonte George;Bez Mbeng;Kennedy Chandler;Walker Kessler;Ace Bailey;Jusuf Nurkić;John Konchar;Isaiah Collier;Hayden Gray;Cody Williams;Jaren Jackson Jr.;Brice Sensabaugh;Kyle Filipowski;Svi Mykhailiuk;Elijah Harkless;Blake Hinson;Kyle Anderson;Mo Bamba;Walter Clayton;Kevin Love;Oscar Tshiebwe;Taylor Hendricks;Vince Williams Jr.,Lucas Williamson;Rayan Rupert;Jaren Jackson Jr.;Dariq Whitehead;Adama-Alpha Bal;Ja Morant;Santi Aldama;Jaylen Wells;Zach Edey;Cedric Coward;Tyler Burton;Walter Clayton;Lawson Lovering;Taylor Hendricks;Cam Spencer;Jock Landale;Ty Jerome;Kyle Anderson;Jahmai Mashack;Vince Williams Jr.;GG Jackson II;Kentavious Caldwell-Pope;Scotty Pippen Jr.;DeJon Jarreau;Javon Small;Olivier-Maxence Prosper;Christian Koloko;Charles Bassey;John Konchar;Brandon Clarke;Taj Gibson;PJ Hall
2026,Indiana Pacers,Washington Wizards,118,131,Bennedict Mathurin;Andrew Nembhard;Aaron Nesmith;Jarace Walker;Kobe Brown;Jalen Slawson;Ivica Zubac;Ben Sheppard;Jay Huff;Ethan Thompson;Micah Potter;Johnny Furphy;Quenton Jackson;Obi Toppin;Jeremiah Robinson-Earl;T.J. McConnell;Isaiah Jackson;Kam Jones;James Wiseman;Cody Martin;Garrison Mathews;Taelon Peter;RayJ Dennis;Mac McClung;Tony Bradley;Monte Morris,CJ McCollum;Kyshawn George;Leaky Black;Bub Carrington;Alex Sarr;Bilal Coulibaly;Alondes Williams;Khris Middleton;Tre Johnson;Kadary Richmond;Will Riley;Trae Young;Jamir Watkins;Jaden Hardy;Justin Champagnie;Corey Kispert;Marvin Bagley III;Anthony Gill;Sharife Cooper;Cam Whitmore;Keshon Gilbert;Tristan Vukcevic;Skal Labissière;Malaki Branham;AJ Johnson
2026,Miami Heat,Atlanta Hawks,128,97,Tyler Herro;Andrew Wiggins;Norman Powell;Davion Mitchell;Jaime Jaquez Jr.;Pelle Larsson;Kel'el Ware;Kasparas Jakučionis;Nikola Jović;Simone Fontecchio;Dru Smith;Myron Gardner;Keshad Johnson;Jahmir Young;Vladislav Goldin;Trevor Keels,Nickeil Alexander-Walker;Dyson Daniels;Onyeka Okongwu;CJ McCollum;Trae Young;Keshon Gilbert;Kristaps Porziņģis;Zaccharie Risacher;Vít Krejčí;Jonathan Kuminga;Luke Kennard;Jock Landale;Corey Kispert;Mouhamed Gueye;Gabe Vincent;Asa Newell;RayJ Dennis;Tony Bradley;Christian Koloko;Keaton Wallace;Buddy Hield;Caleb Houstan;N'Faly Dante;Jacob Toppin
2026,Dallas Mavericks,Minnesota Timberwolves,111,122,Anthony Davis;P.J. Washington;Naji Marshall;Max Christie;Brandon Williams;Klay Thompson;Daniel Gafford;Marvin Bagley III;Khris Middleton;Ryan Nembhard;John Poulakidas;D'Angelo Russell;Tyus Jones;Dereck Lively II;Caleb Martin;Dwight Powell;Moussa Cisse;Tyler Smith;Jaden Hardy;Jeremiah Robinson-Earl;AJ Johnson;Miles Kelly,Julius Randle;Jaden McDaniels;Rudy Gobert;Donte DiVincenzo;Ayo Dosunmu;Naz Reid;Kyle Anderson;Mike Conley;Bones Hyland;Jaylen Clark;Terrence Shannon Jr.;Rob Dillingham;Enrique Freeman;Zyon Pullin;Joan Beringer;Julian Phillips;Rocco Zikarsky;Joe Ingles;Leonard Miller;Johnny Juzang
2026,Milwaukee Bucks,New Orleans Pelicans,139,118,Ryan Rollins;A.J. Green;Giannis Antetokounmpo;Myles Turner;Ousmane Dieng;Kyle Kuzma;Cormac Ryan;Bobby Portis;Taurean Prince;Gary Trent Jr.;Jericho Sims;Cam Thomas;Pete Nance;Cole Anthony;Gary Harris;Amir Coffey;Andre Jackson Jr.;Thanasis Antetokounmpo;Mark Sears;Alex Antetokounmpo,Saddiq Bey;Zion Williamson;Herbert Jones;Dejounte Murray;Josh Oduro;Jeremiah Fears;Derik Queen;Jordan Poole;Jose Alvarado;Bryce McGowens;Yves Missi;DeAndre Jordan;Micah Peavy;Karlo Matković;Kevon Looney;Jordan Hawkins;Trey Alexander;Hunter Dickinson
2026,Brooklyn Nets,Oklahoma City Thunder,86,105,Tre Scott;Nic Claxton;Noah Clowney;Egor Dёmin;Terance Mann;Cam Thomas;Malachi Smith;Ziaire Williams;Nolan Traoré;Drake Powell;Danny Wolf;Ben Saraf;Chaney Johnson;Josh Minott;Tyrese Martin;Day'Ron Sharpe;Ochai Agbaji;Jalen Wilson;Tyson Etienne;E.J. Liddell;Grant Nelson,Chet Holmgren;Jalen Williams;Luguentz Dort;Cason Wallace;Ajay Mitchell;Isaiah Hartenstein;Aaron Wiggins;Isaiah Joe;Jaylin Williams;Alex Caruso;Jared McCain;Nikola Topić;Payton Sandfort;Kenrich Williams;Branden Carlson;Ousmane Dieng;Brooks Barnhizer;Chris Youngblood;Buddy Boeheim
2026,Los Angeles Clippers,Los Angeles Lakers,122,125,Kawhi Leonard;Ivica Zubac;Darius Garland;Bennedict Mathurin;Kris Dunn;John Collins;Derrick Jones Jr.;Jordan Miller;Brook Lopez;Bradley Beal;Kobe Sanders;Bogdan Bogdanović;Nicolas Batum;Isaiah Jackson;Chris Paul;Yanic Konan Niederhäuser;Cam Christie;Kobe Brown;Patrick Baldwin Jr.;TyTy Washington Jr.;Dalano Banton;Sean Pedulla;Norchad Omier;RayJ Dennis;Jahmyl Telfort,Austin Reaves;LeBron James;Marcus Smart;Rui Hachimura;Deandre Ayton;Jake LaRavia;Luke Kennard;Gabe Vincent;Jaxson Hayes;Jarred Vanderbilt;Nick Smith Jr.;Maxi Kleber;Dalton Knecht;Bronny James;Drew Timme;Kobe Bufkin;Adou Thiero;Chris Mañon;Christian Koloko
2026,Denver Nuggets,Portland Trail Blazers,157,103,Nikola Jokić;Christian Braun;Cameron Johnson;Peyton Watson;Aaron Gordon;Tim Hardaway Jr.;Bruce Brown;Spencer Jones;Jalen Pickett;Julian Strawther;David Roddy;Jonas Valančiūnas;Zeke Nnaji;Curtis Jones;Tyus Jones;DaRon Holmes;Hunter Tyson;KJ Simpson,Deni Avdija;Jerami Grant;Shaedon Sharpe;Jrue Holiday;Donovan Clingan;Scoot Henderson;Kris Murray;Caleb Love;Vít Krejčí;Sidy Cissoko;Robert Williams;Matisse Thybulle;Rayan Rupert;Blake Wesley;Duop Reath;Yang Hansen;Chris Youngblood;Javonte Cooke;Jayson Kent
2026,Orlando Magic,Phoenix Suns,110,113,Desmond Bane;Franz Wagner;Anthony Black;Wendell Carter Jr.;Jalen Suggs;Tristan Da Silva;Jevon Carter;Tyus Jones;Goga Bitadze;Noah Penda;Jett Howard;Jamal Cain;Moritz Wagner;Jase Richardson;Jonathan Isaac;Orlando Robinson;Alex Morales;Colin Castleton,Dillon Brooks;Grayson Allen;Collin Gillespie;Royce O'Neale;Jalen Green;Mark Williams;Jordan Goodwin;Oso Ighodaro;Ryan Dunn;Amir Coffey;Jamaree Bouyea;Haywood Highsmith;Rasheer Fleming;CJ Huntley;Isaiah Livers;Nick Richards;Khaman Maluach;Nigel Hayes-Davis;Koby Brea
2026,Philadelphia 76ers,New Orleans Pelicans,111,126,VJ Edgecombe;Joel Embiid;Kelly Oubre Jr.;Paul George;Quentin Grimes;Dominick Barlow;Andre Drummond;Adem Bona;Cameron Payne;Jared McCain;Trendon Watford;Justin Edwards;MarJon Beauchamp;Dalen Terry;Eric Gordon;Jabari Walker;Tyrese Martin;Kyle Lowry;Johni Broome;Charles Bassey;Hunter Sallis;Patrick Baldwin Jr.,Saddiq Bey;Zion Williamson;Herbert Jones;Dejounte Murray;Josh Oduro;Jeremiah Fears;Derik Queen;Jordan Poole;Jose Alvarado;Bryce McGowens;Yves Missi;DeAndre Jordan;Micah Peavy;Karlo Matković;Kevon Looney;Jordan Hawkins;Trey Alexander;Hunter Dickinson
2026,Detroit Pistons,Chicago Bulls,126,110,Jalen Duren;Tobias Harris;Duncan Robinson;Ausar Thompson;Isaiah Stewart;Kevin Huerter;Daniss Jenkins;Ron Holland;Caris LeVert;Javonte Green;Jaden Ivey;Paul Reed;Marcus Sasser;Wendell Moore Jr.;Tolu Smith;Chaz Lanier;Colby Jones;Bobi Klintman;Isaac Jones,Nikola Vučević;Matas Buzelis;Coby White;Jaden Ivey;Anfernee Simons;Tre Jones;Isaac Okoro;Ayo Dosunmu;Collin Sexton;Guerschon Yabusele;Kevin Huerter;Leonard Miller;Mouhamadou Gueye;Nick Richards;Rob Dillingham;Jalen Smith;Patrick Williams;Zach Collins;Mac McClung;Yuki Kawamura;Dalen Terry;Jevon Carter;Julian Phillips;Lachlan Olbrich;Emanuel Miller;Trentyn Flowers;Noa Essengue
2026,Memphis Grizzlies,Miami Heat,120,136,Lucas Williamson;Rayan Rupert;Jaren Jackson Jr.;Dariq Whitehead;Adama-Alpha Bal;Ja Morant;Santi Aldama;Jaylen Wells;Zach Edey;Cedric Coward;Tyler Burton;Walter Clayton;Lawson Lovering;Taylor Hendricks;Cam Spencer;Jock Landale;Ty Jerome;Kyle Anderson;Jahmai Mashack;Vince Williams Jr.;GG Jackson II;Kentavious Caldwell-Pope;Scotty Pippen Jr.;DeJon Jarreau;Javon Small;Olivier-Maxence Prosper;Christian Koloko;Charles Bassey;John Konchar;Brandon Clarke;Taj Gibson;PJ Hall,Tyler Herro;Andrew Wiggins;Norman Powell;Davion Mitchell;Jaime Jaquez Jr.;Pelle Larsson;Kel'el Ware;Kasparas Jakučionis;Nikola Jović;Simone Fontecchio;Dru Smith;Myron Gardner;Keshad Johnson;Jahmir Young;Vladislav Goldin;Trevor Keels
2026,Sacramento Kings,San Antonio Spurs,122,139,Zach LaVine;DeMar DeRozan;Domantas Sabonis;Russell Westbrook;Maxime Raynaud;Daeqwon Plowden;Dennis Schröder;De'Andre Hunter;Nique Clifford;Precious Achiuwa;Malik Monk;Dylan Cardwell;DaQuan Jeffries;Devin Carter;Killian Hayes;Keon Ellis;Doug McDermott;Patrick Baldwin Jr.;Isaiah Stevens;Drew Eubanks;Dario Šarić;Isaac Jones,Devin Vassell;Stephon Castle;Victor Wembanyama;Julian Champagnie;Harrison Barnes;Keldon Johnson;Dylan Harper;Luke Kornet;Jeremy Sochan;Carter Bryant;Kelly Olynyk;Mason Plumlee;Lindy Waters III;Jordan McLaughlin;David Jones García;Bismack Biyombo;Harrison Ingram;Stanley Umude;Riley Minix
2026,Houston Rockets,New York Knicks,106,108,Kevin Durant;Jabari Smith Jr.;Alperen Şengün;Reed Sheppard;Tari Eason;Steven Adams;Josh Okogie;Dorian Finney-Smith;Aaron Holiday;Clint Capela;Tristen Newton;Jae'Sean Tate;JD Davison;Isaiah Crawford;Jeff Green,OG Anunoby;Mikal Bridges;Karl-Anthony Towns;Josh Hart;Miles McBride;Landry Shamet;Mitchell Robinson;Jordan Clarkson;Jose Alvarado;Tyler Kolek;Mohamed Diawara;Ariel Hukporti;Guerschon Yabusele;Kevin McCullar Jr.;Jeremy Sochan;Trey Jemison;Dillon Jones;Pacôme Dadiet;Tosan Evbuomwan
2026,Cleveland Cavaliers,Oklahoma City Thunder,113,121,Donovan Mitchell;Evan Mobley;Darius Garland;Jarrett Allen;Jaylon Tyson;Sam Merrill;De'Andre Hunter;Keon Ellis;Max Strus;Dean Wade;Dennis Schröder;Lonzo Ball;Craig Porter Jr.;Nae'Qwan Tomlin;Larry Nance Jr.;Thomas Bryant;Tyrese Proctor;Olivier Sarr;Tristan Enaruna;Luke Travers;Riley Minix;Chris Livingston;Darius Brown II,Chet Holmgren;Jalen Williams;Luguentz Dort;Cason Wallace;Ajay Mitchell;Isaiah Hartenstein;Aaron Wiggins;Isaiah Joe;Jaylin Williams;Alex Caruso;Jared McCain;Nikola Topić;Payton Sandfort;Kenrich Williams;Branden Carlson;Ousmane Dieng;Brooks Barnhizer;Chris Youngblood;Buddy Boeheim
2026,Brooklyn Nets,Atlanta Hawks,104,115,Tre Scott;Nic Claxton;Noah Clowney;Egor Dёmin;Terance Mann;Cam Thomas;Malachi Smith;Ziaire Williams;Nolan Traoré;Drake Powell;Danny Wolf;Ben Saraf;Chaney Johnson;Josh Minott;Tyrese Martin;Day'Ron Sharpe;Ochai Agbaji;Jalen Wilson;Tyson Etienne;E.J. Liddell;Grant Nelson,Nickeil Alexander-Walker;Dyson Daniels;Onyeka Okongwu;CJ McCollum;Trae Young;Keshon Gilbert;Kristaps Porziņģis;Zaccharie Risacher;Vít Krejčí;Jonathan Kuminga;Luke Kennard;Jock Landale;Corey Kispert;Mouhamed Gueye;Gabe Vincent;Asa Newell;RayJ Dennis;Tony Bradley;Christian Koloko;Keaton Wallace;Buddy Hield;Caleb Houstan;N'Faly Dante;Jacob Toppin
2026,Denver Nuggets,Golden State Warriors,117,128,Nikola Jokić;Christian Braun;Cameron Johnson;Peyton Watson;Aaron Gordon;Tim Hardaway Jr.;Bruce Brown;Spencer Jones;Jalen Pickett;Julian Strawther;David Roddy;Jonas Valančiūnas;Zeke Nnaji;Curtis Jones;Tyus Jones;DaRon Holmes;Hunter Tyson;KJ Simpson,Stephen Curry;Brandin Podziemski;Draymond Green;Moses Moody;Jonathan Kuminga;Kristaps Porziņģis;De'Anthony Melton;Al Horford;Gui Santos;Charles Bassey;Will Richard;Pat Spencer;Buddy Hield;Quinten Post;Nate Williams;LJ Cryer;Gary Payton II;Seth Curry;Omer Yurtseven;Trayce Jackson-Davis;Malevy Leons
2026,Toronto Raptors,Milwaukee Bucks,122,94,Scottie Barnes;Immanuel Quickley;RJ Barrett;Jakob Poeltl;Jamal Shead;Collin Murray-Boyles;Sandro Mamukelashvili;Ja'Kobe Walter;Ochai Agbaji;Gradey Dick;A.J. Lawson;Jamison Battle;Markelle Fultz;Chucky Hepburn;Alijah Martin;Jonathan Mogbo;Trayce Jackson-Davis;Garrett Temple;Mo Bamba,Ryan Rollins;A.J. Green;Giannis Antetokounmpo;Myles Turner;Ousmane Dieng;Kyle Kuzma;Cormac Ryan;Bobby Portis;Taurean Prince;Gary Trent Jr.;Jericho Sims;Cam Thomas;Pete Nance;Cole Anthony;Gary Harris;Amir Coffey;Andre Jackson Jr.;Thanasis Antetokounmpo;Mark Sears;Alex Antetokounmpo
2026,Dallas Mavericks,Indiana Pacers,134,130,Anthony Davis;P.J. Washington;Naji Marshall;Max Christie;Brandon Williams;Klay Thompson;Daniel Gafford;Marvin Bagley III;Khris Middleton;Ryan Nembhard;John Poulakidas;D'Angelo Russell;Tyus Jones;Dereck Lively II;Caleb Martin;Dwight Powell;Moussa Cisse;Tyler Smith;Jaden Hardy;Jeremiah Robinson-Earl;AJ Johnson;Miles Kelly,Bennedict Mathurin;Andrew Nembhard;Aaron Nesmith;Jarace Walker;Kobe Brown;Jalen Slawson;Ivica Zubac;Ben Sheppard;Jay Huff;Ethan Thompson;Micah Potter;Johnny Furphy;Quenton Jackson;Obi Toppin;Jeremiah Robinson-Earl;T.J. McConnell;Isaiah Jackson;Kam Jones;James Wiseman;Cody Martin;Garrison Mathews;Taelon Peter;RayJ Dennis;Mac McClung;Tony Bradley;Monte Morris
2026,Charlotte Hornets,Washington Wizards,129,112,Miles Bridges;Brandon Miller;LaMelo Ball;Moussa Diabaté;Sion James;Collin Sexton;Ryan Kalkbrenner;Grant Williams;Coby White;KJ Simpson;Josh Green;PJ Hall;Tidjane Salaün;Tre Mann;Liam McNeeley;Drew Peterson;Mason Plumlee;Pat Connaughton;Antonio Reeves;Xavier Tillman Sr.,CJ McCollum;Kyshawn George;Leaky Black;Bub Carrington;Alex Sarr;Bilal Coulibaly;Alondes Williams;Khris Middleton;Tre Johnson;Kadary Richmond;Will Riley;Trae Young;Jamir Watkins;Jaden Hardy;Justin Champagnie;Corey Kispert;Marvin Bagley III;Anthony Gill;Sharife Cooper;Cam Whitmore;Keshon Gilbert;Tristan Vukcevic;Skal Labissière;Malaki Branham;AJ Johnson
2026,Boston Celtics,Los Angeles Lakers,111,89,Derrick White;Jayson Tatum;Payton Pritchard;Neemias Queta;Sam Hauser;Anfernee Simons;Nikola Vučević;Baylor Scheierman;Jordan Walsh;Luka Garza;Josh Minott;Hugo González;Dalano Banton;Ron Harper Jr.;Chris Boucher;Xavier Tillman Sr.;John Tonje;Amari Williams;Charles Bassey;Max Shulga,Austin Reaves;LeBron James;Marcus Smart;Rui Hachimura;Deandre Ayton;Jake LaRavia;Luke Kennard;Gabe Vincent;Jaxson Hayes;Jarred Vanderbilt;Nick Smith Jr.;Maxi Kleber;Dalton Knecht;Bronny James;Drew Timme;Kobe Bufkin;Adou Thiero;Chris Mañon;Christian Koloko
2026,Philadelphia 76ers,Minnesota Timberwolves,135,108,VJ Edgecombe;Joel Embiid;Kelly Oubre Jr.;Paul George;Quentin Grimes;Dominick Barlow;Andre Drummond;Adem Bona;Cameron Payne;Jared McCain;Trendon Watford;Justin Edwards;MarJon Beauchamp;Dalen Terry;Eric Gordon;Jabari Walker;Tyrese Martin;Kyle Lowry;Johni Broome;Charles Bassey;Hunter Sallis;Patrick Baldwin Jr.,Julius Randle;Jaden McDaniels;Rudy Gobert;Donte DiVincenzo;Ayo Dosunmu;Naz Reid;Kyle Anderson;Mike Conley;Bones Hyland;Jaylen Clark;Terrence Shannon Jr.;Rob Dillingham;Enrique Freeman;Zyon Pullin;Joan Beringer;Julian Phillips;Rocco Zikarsky;Joe Ingles;Leonard Miller;Johnny Juzang
2026,New York Knicks,Chicago Bulls,105,99,OG Anunoby;Mikal Bridges;Karl-Anthony Towns;Josh Hart;Miles McBride;Landry Shamet;Mitchell Robinson;Jordan Clarkson;Jose Alvarado;Tyler Kolek;Mohamed Diawara;Ariel Hukporti;Guerschon Yabusele;Kevin McCullar Jr.;Jeremy Sochan;Trey Jemison;Dillon Jones;Pacôme Dadiet;Tosan Evbuomwan,Nikola Vučević;Matas Buzelis;Coby White;Jaden Ivey;Anfernee Simons;Tre Jones;Isaac Okoro;Ayo Dosunmu;Collin Sexton;Guerschon Yabusele;Kevin Huerter;Leonard Miller;Mouhamadou Gueye;Nick Richards;Rob Dillingham;Jalen Smith;Patrick Williams;Zach Collins;Mac McClung;Yuki Kawamura;Dalen Terry;Jevon Carter;Julian Phillips;Lachlan Olbrich;Emanuel Miller;Trentyn Flowers;Noa Essengue
2026,Portland Trail Blazers,Phoenix Suns,92,77,Deni Avdija;Jerami Grant;Shaedon Sharpe;Jrue Holiday;Donovan Clingan;Scoot Henderson;Kris Murray;Caleb Love;Vít Krejčí;Sidy Cissoko;Robert Williams;Matisse Thybulle;Rayan Rupert;Blake Wesley;Duop Reath;Yang Hansen;Chris Youngblood;Javonte Cooke;Jayson Kent,Dillon Brooks;Grayson Allen;Collin Gillespie;Royce O'Neale;Jalen Green;Mark Williams;Jordan Goodwin;Oso Ighodaro;Ryan Dunn;Amir Coffey;Jamaree Bouyea;Haywood Highsmith;Rasheer Fleming;CJ Huntley;Isaiah Livers;Nick Richards;Khaman Maluach;Nigel Hayes-Davis;Koby Brea
2026,Orlando Magic,Los Angeles Clippers,111,109,Desmond Bane;Franz Wagner;Anthony Black;Wendell Carter Jr.;Jalen Suggs;Tristan Da Silva;Jevon Carter;Tyus Jones;Goga Bitadze;Noah Penda;Jett Howard;Jamal Cain;Moritz Wagner;Jase Richardson;Jonathan Isaac;Orlando Robinson;Alex Morales;Colin Castleton,Kawhi Leonard;Ivica Zubac;Darius Garland;Bennedict Mathurin;Kris Dunn;John Collins;Derrick Jones Jr.;Jordan Miller;Brook Lopez;Bradley Beal;Kobe Sanders;Bogdan Bogdanović;Nicolas Batum;Isaiah Jackson;Chris Paul;Yanic Konan Niederhäuser;Cam Christie;Kobe Brown;Patrick Baldwin Jr.;TyTy Washington Jr.;Dalano Banton;Sean Pedulla;Norchad Omier;RayJ Dennis;Jahmyl Telfort
2026,San Antonio Spurs,Detroit Pistons,114,103,Devin Vassell;Stephon Castle;Victor Wembanyama;Julian Champagnie;Harrison Barnes;Keldon Johnson;Dylan Harper;Luke Kornet;Jeremy Sochan;Carter Bryant;Kelly Olynyk;Mason Plumlee;Lindy Waters III;Jordan McLaughlin;David Jones García;Bismack Biyombo;Harrison Ingram;Stanley Umude;Riley Minix,Jalen Duren;Tobias Harris;Duncan Robinson;Ausar Thompson;Isaiah Stewart;Kevin Huerter;Daniss Jenkins;Ron Holland;Caris LeVert;Javonte Green;Jaden Ivey;Paul Reed;Marcus Sasser;Wendell Moore Jr.;Tolu Smith;Chaz Lanier;Colby Jones;Bobi Klintman;Isaac Jones
2026,Sacramento Kings,Memphis Grizzlies,123,114,Zach LaVine;DeMar DeRozan;Domantas Sabonis;Russell Westbrook;Maxime Raynaud;Daeqwon Plowden;Dennis Schröder;De'Andre Hunter;Nique Clifford;Precious Achiuwa;Malik Monk;Dylan Cardwell;DaQuan Jeffries;Devin Carter;Killian Hayes;Keon Ellis;Doug McDermott;Patrick Baldwin Jr.;Isaiah Stevens;Drew Eubanks;Dario Šarić;Isaac Jones,Lucas Williamson;Rayan Rupert;Jaren Jackson Jr.;Dariq Whitehead;Adama-Alpha Bal;Ja Morant;Santi Aldama;Jaylen Wells;Zach Edey;Cedric Coward;Tyler Burton;Walter Clayton;Lawson Lovering;Taylor Hendricks;Cam Spencer;Jock Landale;Ty Jerome;Kyle Anderson;Jahmai Mashack;Vince Williams Jr.;GG Jackson II;Kentavious Caldwell-Pope;Scotty Pippen Jr.;DeJon Jarreau;Javon Small;Olivier-Maxence Prosper;Christian Koloko;Charles Bassey;John Konchar;Brandon Clarke;Taj Gibson;PJ Hall
2026,Utah Jazz,Houston Rockets,105,125,Andersson Garcia;Keyonte George;Bez Mbeng;Kennedy Chandler;Walker Kessler;Ace Bailey;Jusuf Nurkić;John Konchar;Isaiah Collier;Hayden Gray;Cody Williams;Jaren Jackson Jr.;Brice Sensabaugh;Kyle Filipowski;Svi Mykhailiuk;Elijah Harkless;Blake Hinson;Kyle Anderson;Mo Bamba;Walter Clayton;Kevin Love;Oscar Tshiebwe;Taylor Hendricks;Vince Williams Jr.,Kevin Durant;Jabari Smith Jr.;Alperen Şengün;Reed Sheppard;Tari Eason;Steven Adams;Josh Okogie;Dorian Finney-Smith;Aaron Holiday;Clint Capela;Tristen Newton;Jae'Sean Tate;JD Davison;Isaiah Crawford;Jeff Green
2026,Philadelphia 76ers,Indiana Pacers,135,114,VJ Edgecombe;Joel Embiid;Kelly Oubre Jr.;Paul George;Quentin Grimes;Dominick Barlow;Andre Drummond;Adem Bona;Cameron Payne;Jared McCain;Trendon Watford;Justin Edwards;MarJon Beauchamp;Dalen Terry;Eric Gordon;Jabari Walker;Tyrese Martin;Kyle Lowry;Johni Broome;Charles Bassey;Hunter Sallis;Patrick Baldwin Jr.,Bennedict Mathurin;Andrew Nembhard;Aaron Nesmith;Jarace Walker;Kobe Brown;Jalen Slawson;Ivica Zubac;Ben Sheppard;Jay Huff;Ethan Thompson;Micah Potter;Johnny Furphy;Quenton Jackson;Obi Toppin;Jeremiah Robinson-Earl;T.J. McConnell;Isaiah Jackson;Kam Jones;James Wiseman;Cody Martin;Garrison Mathews;Taelon Peter;RayJ Dennis;Mac McClung;Tony Bradley;Monte Morris
2026,Washington Wizards,Atlanta Hawks,98,119,CJ McCollum;Kyshawn George;Leaky Black;Bub Carrington;Alex Sarr;Bilal Coulibaly;Alondes Williams;Khris Middleton;Tre Johnson;Kadary Richmond;Will Riley;Trae Young;Jamir Watkins;Jaden Hardy;Justin Champagnie;Corey Kispert;Marvin Bagley III;Anthony Gill;Sharife Cooper;Cam Whitmore;Keshon Gilbert;Tristan Vukcevic;Skal Labissière;Malaki Branham;AJ Johnson,Nickeil Alexander-Walker;Dyson Daniels;Onyeka Okongwu;CJ McCollum;Trae Young;Keshon Gilbert;Kristaps Porziņģis;Zaccharie Risacher;Vít Krejčí;Jonathan Kuminga;Luke Kennard;Jock Landale;Corey Kispert;Mouhamed Gueye;Gabe Vincent;Asa Newell;RayJ Dennis;Tony Bradley;Christian Koloko;Keaton Wallace;Buddy Hield;Caleb Houstan;N'Faly Dante;Jacob Toppin
2026,Dallas Mavericks,Brooklyn Nets,123,114,Anthony Davis;P.J. Washington;Naji Marshall;Max Christie;Brandon Williams;Klay Thompson;Daniel Gafford;Marvin Bagley III;Khris Middleton;Ryan Nembhard;John Poulakidas;D'Angelo Russell;Tyus Jones;Dereck Lively II;Caleb Martin;Dwight Powell;Moussa Cisse;Tyler Smith;Jaden Hardy;Jeremiah Robinson-Earl;AJ Johnson;Miles Kelly,Tre Scott;Nic Claxton;Noah Clowney;Egor Dёmin;Terance Mann;Cam Thomas;Malachi Smith;Ziaire Williams;Nolan Traoré;Drake Powell;Danny Wolf;Ben Saraf;Chaney Johnson;Josh Minott;Tyrese Martin;Day'Ron Sharpe;Ochai Agbaji;Jalen Wilson;Tyson Etienne;E.J. Liddell;Grant Nelson
2026,New York Knicks,Cleveland Cavaliers,94,109,OG Anunoby;Mikal Bridges;Karl-Anthony Towns;Josh Hart;Miles McBride;Landry Shamet;Mitchell Robinson;Jordan Clarkson;Jose Alvarado;Tyler Kolek;Mohamed Diawara;Ariel Hukporti;Guerschon Yabusele;Kevin McCullar Jr.;Jeremy Sochan;Trey Jemison;Dillon Jones;Pacôme Dadiet;Tosan Evbuomwan,Donovan Mitchell;Evan Mobley;Darius Garland;Jarrett Allen;Jaylon Tyson;Sam Merrill;De'Andre Hunter;Keon Ellis;Max Strus;Dean Wade;Dennis Schröder;Lonzo Ball;Craig Porter Jr.;Nae'Qwan Tomlin;Larry Nance Jr.;Thomas Bryant;Tyrese Proctor;Olivier Sarr;Tristan Enaruna;Luke Travers;Riley Minix;Chris Livingston;Darius Brown II
2026,Oklahoma City Thunder,Toronto Raptors,116,107,Chet Holmgren;Jalen Williams;Luguentz Dort;Cason Wallace;Ajay Mitchell;Isaiah Hartenstein;Aaron Wiggins;Isaiah Joe;Jaylin Williams;Alex Caruso;Jared McCain;Nikola Topić;Payton Sandfort;Kenrich Williams;Branden Carlson;Ousmane Dieng;Brooks Barnhizer;Chris Youngblood;Buddy Boeheim,Scottie Barnes;Immanuel Quickley;RJ Barrett;Jakob Poeltl;Jamal Shead;Collin Murray-Boyles;Sandro Mamukelashvili;Ja'Kobe Walter;Ochai Agbaji;Gradey Dick;A.J. Lawson;Jamison Battle;Markelle Fultz;Chucky Hepburn;Alijah Martin;Jonathan Mogbo;Trayce Jackson-Davis;Garrett Temple;Mo Bamba
2026,Charlotte Hornets,Chicago Bulls,131,99,Miles Bridges;Brandon Miller;LaMelo Ball;Moussa Diabaté;Sion James;Collin Sexton;Ryan Kalkbrenner;Grant Williams;Coby White;KJ Simpson;Josh Green;PJ Hall;Tidjane Salaün;Tre Mann;Liam McNeeley;Drew Peterson;Mason Plumlee;Pat Connaughton;Antonio Reeves;Xavier Tillman Sr.,Nikola Vučević;Matas Buzelis;Coby White;Jaden Ivey;Anfernee Simons;Tre Jones;Isaac Okoro;Ayo Dosunmu;Collin Sexton;Guerschon Yabusele;Kevin Huerter;Leonard Miller;Mouhamadou Gueye;Nick Richards;Rob Dillingham;Jalen Smith;Patrick Williams;Zach Collins;Mac McClung;Yuki Kawamura;Dalen Terry;Jevon Carter;Julian Phillips;Lachlan Olbrich;Emanuel Miller;Trentyn Flowers;Noa Essengue
2026,Miami Heat,Milwaukee Bucks,117,128,Tyler Herro;Andrew Wiggins;Norman Powell;Davion Mitchell;Jaime Jaquez Jr.;Pelle Larsson;Kel'el Ware;Kasparas Jakučionis;Nikola Jović;Simone Fontecchio;Dru Smith;Myron Gardner;Keshad Johnson;Jahmir Young;Vladislav Goldin;Trevor Keels,Ryan Rollins;A.J. Green;Giannis Antetokounmpo;Myles Turner;Ousmane Dieng;Kyle Kuzma;Cormac Ryan;Bobby Portis;Taurean Prince;Gary Trent Jr.;Jericho Sims;Cam Thomas;Pete Nance;Cole Anthony;Gary Harris;Amir Coffey;Andre Jackson Jr.;Thanasis Antetokounmpo;Mark Sears;Alex Antetokounmpo
2026,Golden State Warriors,New Orleans Pelicans,109,113,Stephen Curry;Brandin Podziemski;Draymond Green;Moses Moody;Jonathan Kuminga;Kristaps Porziņģis;De'Anthony Melton;Al Horford;Gui Santos;Charles Bassey;Will Richard;Pat Spencer;Buddy Hield;Quinten Post;Nate Williams;LJ Cryer;Gary Payton II;Seth Curry;Omer Yurtseven;Trayce Jackson-Davis;Malevy Leons,Saddiq Bey;Zion Williamson;Herbert Jones;Dejounte Murray;Josh Oduro;Jeremiah Fears;Derik Queen;Jordan Poole;Jose Alvarado;Bryce McGowens;Yves Missi;DeAndre Jordan;Micah Peavy;Karlo Matković;Kevon Looney;Jordan Hawkins;Trey Alexander;Hunter Dickinson
2026,Boston Celtics,Phoenix Suns,97,81,Derrick White;Jayson Tatum;Payton Pritchard;Neemias Queta;Sam Hauser;Anfernee Simons;Nikola Vučević;Baylor Scheierman;Jordan Walsh;Luka Garza;Josh Minott;Hugo González;Dalano Banton;Ron Harper Jr.;Chris Boucher;Xavier Tillman Sr.;John Tonje;Amari Williams;Charles Bassey;Max Shulga,Dillon Brooks;Grayson Allen;Collin Gillespie;Royce O'Neale;Jalen Green;Mark Williams;Jordan Goodwin;Oso Ighodaro;Ryan Dunn;Amir Coffey;Jamaree Bouyea;Haywood Highsmith;Rasheer Fleming;CJ Huntley;Isaiah Livers;Nick Richards;Khaman Maluach;Nigel Hayes-Davis;Koby Brea
2026,Minnesota Timberwolves,Portland Trail Blazers,124,121,Julius Randle;Jaden McDaniels;Rudy Gobert;Donte DiVincenzo;Ayo Dosunmu;Naz Reid;Kyle Anderson;Mike Conley;Bones Hyland;Jaylen Clark;Terrence Shannon Jr.;Rob Dillingham;Enrique Freeman;Zyon Pullin;Joan Beringer;Julian Phillips;Rocco Zikarsky;Joe Ingles;Leonard Miller;Johnny Juzang,Deni Avdija;Jerami Grant;Shaedon Sharpe;Jrue Holiday;Donovan Clingan;Scoot Henderson;Kris Murray;Caleb Love;Vít Krejčí;Sidy Cissoko;Robert Williams;Matisse Thybulle;Rayan Rupert;Blake Wesley;Duop Reath;Yang Hansen;Chris Youngblood;Javonte Cooke;Jayson Kent
2026,Orlando Magic,Los Angeles Lakers,110,109,Desmond Bane;Franz Wagner;Anthony Black;Wendell Carter Jr.;Jalen Suggs;Tristan Da Silva;Jevon Carter;Tyus Jones;Goga Bitadze;Noah Penda;Jett Howard;Jamal Cain;Moritz Wagner;Jase Richardson;Jonathan Isaac;Orlando Robinson;Alex Morales;Colin Castleton,Austin Reaves;LeBron James;Marcus Smart;Rui Hachimura;Deandre Ayton;Jake LaRavia;Luke Kennard;Gabe Vincent;Jaxson Hayes;Jarred Vanderbilt;Nick Smith Jr.;Maxi Kleber;Dalton Knecht;Bronny James;Drew Timme;Kobe Bufkin;Adou Thiero;Chris Mañon;Christian Koloko
2026,Oklahoma City Thunder,Detroit Pistons,116,124,Chet Holmgren;Jalen Williams;Luguentz Dort;Cason Wallace;Ajay Mitchell;Isaiah Hartenstein;Aaron Wiggins;Isaiah Joe;Jaylin Williams;Alex Caruso;Jared McCain;Nikola Topić;Payton Sandfort;Kenrich Williams;Branden Carlson;Ousmane Dieng;Brooks Barnhizer;Chris Youngblood;Buddy Boeheim,Jalen Duren;Tobias Harris;Duncan Robinson;Ausar Thompson;Isaiah Stewart;Kevin Huerter;Daniss Jenkins;Ron Holland;Caris LeVert;Javonte Green;Jaden Ivey;Paul Reed;Marcus Sasser;Wendell Moore Jr.;Tolu Smith;Chaz Lanier;Colby Jones;Bobi Klintman;Isaac Jones
2026,Golden State Warriors,Memphis Grizzlies,133,112,Stephen Curry;Brandin Podziemski;Draymond Green;Moses Moody;Jonathan Kuminga;Kristaps Porziņģis;De'Anthony Melton;Al Horford;Gui Santos;Charles Bassey;Will Richard;Pat Spencer;Buddy Hield;Quinten Post;Nate Williams;LJ Cryer;Gary Payton II;Seth Curry;Omer Yurtseven;Trayce Jackson-Davis;Malevy Leons,Lucas Williamson;Rayan Rupert;Jaren Jackson Jr.;Dariq Whitehead;Adama-Alpha Bal;Ja Morant;Santi Aldama;Jaylen Wells;Zach Edey;Cedric Coward;Tyler Burton;Walter Clayton;Lawson Lovering;Taylor Hendricks;Cam Spencer;Jock Landale;Ty Jerome;Kyle Anderson;Jahmai Mashack;Vince Williams Jr.;GG Jackson II;Kentavious Caldwell-Pope;Scotty Pippen Jr.;DeJon Jarreau;Javon Small;Olivier-Maxence Prosper;Christian Koloko;Charles Bassey;John Konchar;Brandon Clarke;Taj Gibson;PJ Hall
2026,San Antonio Spurs,Toronto Raptors,110,107,Devin Vassell;Stephon Castle;Victor Wembanyama;Julian Champagnie;Harrison Barnes;Keldon Johnson;Dylan Harper;Luke Kornet;Jeremy Sochan;Carter Bryant;Kelly Olynyk;Mason Plumlee;Lindy Waters III;Jordan McLaughlin;David Jones García;Bismack Biyombo;Harrison Ingram;Stanley Umude;Riley Minix,Scottie Barnes;Immanuel Quickley;RJ Barrett;Jakob Poeltl;Jamal Shead;Collin Murray-Boyles;Sandro Mamukelashvili;Ja'Kobe Walter;Ochai Agbaji;Gradey Dick;A.J. Lawson;Jamison Battle;Markelle Fultz;Chucky Hepburn;Alijah Martin;Jonathan Mogbo;Trayce Jackson-Davis;Garrett Temple;Mo Bamba
2026,Sacramento Kings,Houston Rockets,97,128,Zach LaVine;DeMar DeRozan;Domantas Sabonis;Russell Westbrook;Maxime Raynaud;Daeqwon Plowden;Dennis Schröder;De'Andre Hunter;Nique Clifford;Precious Achiuwa;Malik Monk;Dylan Cardwell;DaQuan Jeffries;Devin Carter;Killian Hayes;Keon Ellis;Doug McDermott;Patrick Baldwin Jr.;Isaiah Stevens;Drew Eubanks;Dario Šarić;Isaac Jones,Kevin Durant;Jabari Smith Jr.;Alperen Şengün;Reed Sheppard;Tari Eason;Steven Adams;Josh Okogie;Dorian Finney-Smith;Aaron Holiday;Clint Capela;Tristen Newton;Jae'Sean Tate;JD Davison;Isaiah Crawford;Jeff Green
2026,Cleveland Cavaliers,Milwaukee Bucks,116,118,Donovan Mitchell;Evan Mobley;Darius Garland;Jarrett Allen;Jaylon Tyson;Sam Merrill;De'Andre Hunter;Keon Ellis;Max Strus;Dean Wade;Dennis Schröder;Lonzo Ball;Craig Porter Jr.;Nae'Qwan Tomlin;Larry Nance Jr.;Thomas Bryant;Tyrese Proctor;Olivier Sarr;Tristan Enaruna;Luke Travers;Riley Minix;Chris Livingston;Darius Brown II,Ryan Rollins;A.J. Green;Giannis Antetokounmpo;Myles Turner;Ousmane Dieng;Kyle Kuzma;Cormac Ryan;Bobby Portis;Taurean Prince;Gary Trent Jr.;Jericho Sims;Cam Thomas;Pete Nance;Cole Anthony;Gary Harris;Amir Coffey;Andre Jackson Jr.;Thanasis Antetokounmpo;Mark Sears;Alex Antetokounmpo
2026,Boston Celtics,Denver Nuggets,84,103,Derrick White;Jayson Tatum;Payton Pritchard;Neemias Queta;Sam Hauser;Anfernee Simons;Nikola Vučević;Baylor Scheierman;Jordan Walsh;Luka Garza;Josh Minott;Hugo González;Dalano Banton;Ron Harper Jr.;Chris Boucher;Xavier Tillman Sr.;John Tonje;Amari Williams;Charles Bassey;Max Shulga,Nikola Jokić;Christian Braun;Cameron Johnson;Peyton Watson;Aaron Gordon;Tim Hardaway Jr.;Bruce Brown;Spencer Jones;Jalen Pickett;Julian Strawther;David Roddy;Jonas Valančiūnas;Zeke Nnaji;Curtis Jones;Tyus Jones;DaRon Holmes;Hunter Tyson;KJ Simpson
2026,Charlotte Hornets,Indiana Pacers,133,109,Miles Bridges;Brandon Miller;LaMelo Ball;Moussa Diabaté;Sion James;Collin Sexton;Ryan Kalkbrenner;Grant Williams;Coby White;KJ Simpson;Josh Green;PJ Hall;Tidjane Salaün;Tre Mann;Liam McNeeley;Drew Peterson;Mason Plumlee;Pat Connaughton;Antonio Reeves;Xavier Tillman Sr.,Bennedict Mathurin;Andrew Nembhard;Aaron Nesmith;Jarace Walker;Kobe Brown;Jalen Slawson;Ivica Zubac;Ben Sheppard;Jay Huff;Ethan Thompson;Micah Potter;Johnny Furphy;Quenton Jackson;Obi Toppin;Jeremiah Robinson-Earl;T.J. McConnell;Isaiah Jackson;Kam Jones;James Wiseman;Cody Martin;Garrison Mathews;Taelon Peter;RayJ Dennis;Mac McClung;Tony Bradley;Monte Morris
2026,Miami Heat,Philadelphia 76ers,117,124,Tyler Herro;Andrew Wiggins;Norman Powell;Davion Mitchell;Jaime Jaquez Jr.;Pelle Larsson;Kel'el Ware;Kasparas Jakučionis;Nikola Jović;Simone Fontecchio;Dru Smith;Myron Gardner;Keshad Johnson;Jahmir Young;Vladislav Goldin;Trevor Keels,VJ Edgecombe;Joel Embiid;Kelly Oubre Jr.;Paul George;Quentin Grimes;Dominick Barlow;Andre Drummond;Adem Bona;Cameron Payne;Jared McCain;Trendon Watford;Justin Edwards;MarJon Beauchamp;Dalen Terry;Eric Gordon;Jabari Walker;Tyrese Martin;Kyle Lowry;Johni Broome;Charles Bassey;Hunter Sallis;Patrick Baldwin Jr.
2026,Washington Wizards,Atlanta Hawks,96,126,CJ McCollum;Kyshawn George;Leaky Black;Bub Carrington;Alex Sarr;Bilal Coulibaly;Alondes Williams;Khris Middleton;Tre Johnson;Kadary Richmond;Will Riley;Trae Young;Jamir Watkins;Jaden Hardy;Justin Champagnie;Corey Kispert;Marvin Bagley III;Anthony Gill;Sharife Cooper;Cam Whitmore;Keshon Gilbert;Tristan Vukcevic;Skal Labissière;Malaki Branham;AJ Johnson,Nickeil Alexander-Walker;Dyson Daniels;Onyeka Okongwu;CJ McCollum;Trae Young;Keshon Gilbert;Kristaps Porziņģis;Zaccharie Risacher;Vít Krejčí;Jonathan Kuminga;Luke Kennard;Jock Landale;Corey Kispert;Mouhamed Gueye;Gabe Vincent;Asa Newell;RayJ Dennis;Tony Bradley;Christian Koloko;Keaton Wallace;Buddy Hield;Caleb Houstan;N'Faly Dante;Jacob Toppin
2026,San Antonio Spurs,Brooklyn Nets,126,110,Devin Vassell;Stephon Castle;Victor Wembanyama;Julian Champagnie;Harrison Barnes;Keldon Johnson;Dylan Harper;Luke Kornet;Jeremy Sochan;Carter Bryant;Kelly Olynyk;Mason Plumlee;Lindy Waters III;Jordan McLaughlin;David Jones García;Bismack Biyombo;Harrison Ingram;Stanley Umude;Riley Minix,Tre Scott;Nic Claxton;Noah Clowney;Egor Dёmin;Terance Mann;Cam Thomas;Malachi Smith;Ziaire Williams;Nolan Traoré;Drake Powell;Danny Wolf;Ben Saraf;Chaney Johnson;Josh Minott;Tyrese Martin;Day'Ron Sharpe;Ochai Agbaji;Jalen Wilson;Tyson Etienne;E.J. Liddell;Grant Nelson
2026,Houston Rockets,Orlando Magic,113,108,Kevin Durant;Jabari Smith Jr.;Alperen Şengün;Reed Sheppard;Tari Eason;Steven Adams;Josh Okogie;Dorian Finney-Smith;Aaron Holiday;Clint Capela;Tristen Newton;Jae'Sean Tate;JD Davison;Isaiah Crawford;Jeff Green,Desmond Bane;Franz Wagner;Anthony Black;Wendell Carter Jr.;Jalen Suggs;Tristan Da Silva;Jevon Carter;Tyus Jones;Goga Bitadze;Noah Penda;Jett Howard;Jamal Cain;Moritz Wagner;Jase Richardson;Jonathan Isaac;Orlando Robinson;Alex Morales;Colin Castleton
2026,Portland Trail Blazers,Chicago Bulls,121,112,Deni Avdija;Jerami Grant;Shaedon Sharpe;Jrue Holiday;Donovan Clingan;Scoot Henderson;Kris Murray;Caleb Love;Vít Krejčí;Sidy Cissoko;Robert Williams;Matisse Thybulle;Rayan Rupert;Blake Wesley;Duop Reath;Yang Hansen;Chris Youngblood;Javonte Cooke;Jayson Kent,Nikola Vučević;Matas Buzelis;Coby White;Jaden Ivey;Anfernee Simons;Tre Jones;Isaac Okoro;Ayo Dosunmu;Collin Sexton;Guerschon Yabusele;Kevin Huerter;Leonard Miller;Mouhamadou Gueye;Nick Richards;Rob Dillingham;Jalen Smith;Patrick Williams;Zach Collins;Mac McClung;Yuki Kawamura;Dalen Terry;Jevon Carter;Julian Phillips;Lachlan Olbrich;Emanuel Miller;Trentyn Flowers;Noa Essengue
2026,Sacramento Kings,Dallas Mavericks,130,121,Zach LaVine;DeMar DeRozan;Domantas Sabonis;Russell Westbrook;Maxime Raynaud;Daeqwon Plowden;Dennis Schröder;De'Andre Hunter;Nique Clifford;Precious Achiuwa;Malik Monk;Dylan Cardwell;DaQuan Jeffries;Devin Carter;Killian Hayes;Keon Ellis;Doug McDermott;Patrick Baldwin Jr.;Isaiah Stevens;Drew Eubanks;Dario Šarić;Isaac Jones,Anthony Davis;P.J. Washington;Naji Marshall;Max Christie;Brandon Williams;Klay Thompson;Daniel Gafford;Marvin Bagley III;Khris Middleton;Ryan Nembhard;John Poulakidas;D'Angelo Russell;Tyus Jones;Dereck Lively II;Caleb Martin;Dwight Powell;Moussa Cisse;Tyler Smith;Jaden Hardy;Jeremiah Robinson-Earl;AJ Johnson;Miles Kelly
2026,Los Angeles Lakers,Phoenix Suns,110,113,Austin Reaves;LeBron James;Marcus Smart;Rui Hachimura;Deandre Ayton;Jake LaRavia;Luke Kennard;Gabe Vincent;Jaxson Hayes;Jarred Vanderbilt;Nick Smith Jr.;Maxi Kleber;Dalton Knecht;Bronny James;Drew Timme;Kobe Bufkin;Adou Thiero;Chris Mañon;Christian Koloko,Dillon Brooks;Grayson Allen;Collin Gillespie;Royce O'Neale;Jalen Green;Mark Williams;Jordan Goodwin;Oso Ighodaro;Ryan Dunn;Amir Coffey;Jamaree Bouyea;Haywood Highsmith;Rasheer Fleming;CJ Huntley;Isaiah Livers;Nick Richards;Khaman Maluach;Nigel Hayes-Davis;Koby Brea
2026,New Orleans Pelicans,Utah Jazz,129,118,Saddiq Bey;Zion Williamson;Herbert Jones;Dejounte Murray;Josh Oduro;Jeremiah Fears;Derik Queen;Jordan Poole;Jose Alvarado;Bryce McGowens;Yves Missi;DeAndre Jordan;Micah Peavy;Karlo Matković;Kevon Looney;Jordan Hawkins;Trey Alexander;Hunter Dickinson,Andersson Garcia;Keyonte George;Bez Mbeng;Kennedy Chandler;Walker Kessler;Ace Bailey;Jusuf Nurkić;John Konchar;Isaiah Collier;Hayden Gray;Cody Williams;Jaren Jackson Jr.;Brice Sensabaugh;Kyle Filipowski;Svi Mykhailiuk;Elijah Harkless;Blake Hinson;Kyle Anderson;Mo Bamba;Walter Clayton;Kevin Love;Oscar Tshiebwe;Taylor Hendricks;Vince Williams Jr.
2026,Minnesota Timberwolves,Los Angeles Clippers,94,88,Julius Randle;Jaden McDaniels;Rudy Gobert;Donte DiVincenzo;Ayo Dosunmu;Naz Reid;Kyle Anderson;Mike Conley;Bones Hyland;Jaylen Clark;Terrence Shannon Jr.;Rob Dillingham;Enrique Freeman;Zyon Pullin;Joan Beringer;Julian Phillips;Rocco Zikarsky;Joe Ingles;Leonard Miller;Johnny Juzang,Kawhi Leonard;Ivica Zubac;Darius Garland;Bennedict Mathurin;Kris Dunn;John Collins;Derrick Jones Jr.;Jordan Miller;Brook Lopez;Bradley Beal;Kobe Sanders;Bogdan Bogdanović;Nicolas Batum;Isaiah Jackson;Chris Paul;Yanic Konan Niederhäuser;Cam Christie;Kobe Brown;Patrick Baldwin Jr.;TyTy Washington Jr.;Dalano Banton;Sean Pedulla;Norchad Omier;RayJ Dennis;Jahmyl Telfort
2026,Cleveland Cavaliers,Detroit Pistons,119,122,Donovan Mitchell;Evan Mobley;Darius Garland;Jarrett Allen;Jaylon Tyson;Sam Merrill;De'Andre Hunter;Keon Ellis;Max Strus;Dean Wade;Dennis Schröder;Lonzo Ball;Craig Porter Jr.;Nae'Qwan Tomlin;Larry Nance Jr.;Thomas Bryant;Tyrese Proctor;Olivier Sarr;Tristan Enaruna;Luke Travers;Riley Minix;Chris Livingston;Darius Brown II,Jalen Duren;Tobias Harris;Duncan Robinson;Ausar Thompson;Isaiah Stewart;Kevin Huerter;Daniss Jenkins;Ron Holland;Caris LeVert;Javonte Green;Jaden Ivey;Paul Reed;Marcus Sasser;Wendell Moore Jr.;Tolu Smith;Chaz Lanier;Colby Jones;Bobi Klintman;Isaac Jones
2026,Brooklyn Nets,Boston Celtics,111,148,Tre Scott;Nic Claxton;Noah Clowney;Egor Dёmin;Terance Mann;Cam Thomas;Malachi Smith;Ziaire Williams;Nolan Traoré;Drake Powell;Danny Wolf;Ben Saraf;Chaney Johnson;Josh Minott;Tyrese Martin;Day'Ron Sharpe;Ochai Agbaji;Jalen Wilson;Tyson Etienne;E.J. Liddell;Grant Nelson,Derrick White;Jayson Tatum;Payton Pritchard;Neemias Queta;Sam Hauser;Anfernee Simons;Nikola Vučević;Baylor Scheierman;Jordan Walsh;Luka Garza;Josh Minott;Hugo González;Dalano Banton;Ron Harper Jr.;Chris Boucher;Xavier Tillman Sr.;John Tonje;Amari Williams;Charles Bassey;Max Shulga
2026,New York Knicks,Milwaukee Bucks,127,98,OG Anunoby;Mikal Bridges;Karl-Anthony Towns;Josh Hart;Miles McBride;Landry Shamet;Mitchell Robinson;Jordan Clarkson;Jose Alvarado;Tyler Kolek;Mohamed Diawara;Ariel Hukporti;Guerschon Yabusele;Kevin McCullar Jr.;Jeremy Sochan;Trey Jemison;Dillon Jones;Pacôme Dadiet;Tosan Evbuomwan,Ryan Rollins;A.J. Green;Giannis Antetokounmpo;Myles Turner;Ousmane Dieng;Kyle Kuzma;Cormac Ryan;Bobby Portis;Taurean Prince;Gary Trent Jr.;Jericho Sims;Cam Thomas;Pete Nance;Cole Anthony;Gary Harris;Amir Coffey;Andre Jackson Jr.;Thanasis Antetokounmpo;Mark Sears;Alex Antetokounmpo
2026,Memphis Grizzlies,Dallas Mavericks,124,105,Lucas Williamson;Rayan Rupert;Jaren Jackson Jr.;Dariq Whitehead;Adama-Alpha Bal;Ja Morant;Santi Aldama;Jaylen Wells;Zach Edey;Cedric Coward;Tyler Burton;Walter Clayton;Lawson Lovering;Taylor Hendricks;Cam Spencer;Jock Landale;Ty Jerome;Kyle Anderson;Jahmai Mashack;Vince Williams Jr.;GG Jackson II;Kentavious Caldwell-Pope;Scotty Pippen Jr.;DeJon Jarreau;Javon Small;Olivier-Maxence Prosper;Christian Koloko;Charles Bassey;John Konchar;Brandon Clarke;Taj Gibson;PJ Hall,Anthony Davis;P.J. Washington;Naji Marshall;Max Christie;Brandon Williams;Klay Thompson;Daniel Gafford;Marvin Bagley III;Khris Middleton;Ryan Nembhard;John Poulakidas;D'Angelo Russell;Tyus Jones;Dereck Lively II;Caleb Martin;Dwight Powell;Moussa Cisse;Tyler Smith;Jaden Hardy;Jeremiah Robinson-Earl;AJ Johnson;Miles Kelly
2026,Denver Nuggets,Oklahoma City Thunder,121,127,Nikola Jokić;Christian Braun;Cameron Johnson;Peyton Watson;Aaron Gordon;Tim Hardaway Jr.;Bruce Brown;Spencer Jones;Jalen Pickett;Julian Strawther;David Roddy;Jonas Valančiūnas;Zeke Nnaji;Curtis Jones;Tyus Jones;DaRon Holmes;Hunter Tyson;KJ Simpson,Chet Holmgren;Jalen Williams;Luguentz Dort;Cason Wallace;Ajay Mitchell;Isaiah Hartenstein;Aaron Wiggins;Isaiah Joe;Jaylin Williams;Alex Caruso;Jared McCain;Nikola Topić;Payton Sandfort;Kenrich Williams;Branden Carlson;Ousmane Dieng;Brooks Barnhizer;Chris Youngblood;Buddy Boeheim
2026,Portland Trail Blazers,Charlotte Hornets,93,109,Deni Avdija;Jerami Grant;Shaedon Sharpe;Jrue Holiday;Donovan Clingan;Scoot Henderson;Kris Murray;Caleb Love;Vít Krejčí;Sidy Cissoko;Robert Williams;Matisse Thybulle;Rayan Rupert;Blake Wesley;Duop Reath;Yang Hansen;Chris Youngblood;Javonte Cooke;Jayson Kent,Miles Bridges;Brandon Miller;LaMelo Ball;Moussa Diabaté;Sion James;Collin Sexton;Ryan Kalkbrenner;Grant Williams;Coby White;KJ Simpson;Josh Green;PJ Hall;Tidjane Salaün;Tre Mann;Liam McNeeley;Drew Peterson;Mason Plumlee;Pat Connaughton;Antonio Reeves;Xavier Tillman Sr.
2026,Houston Rockets,Miami Heat,105,115,Kevin Durant;Jabari Smith Jr.;Alperen Şengün;Reed Sheppard;Tari Eason;Steven Adams;Josh Okogie;Dorian Finney-Smith;Aaron Holiday;Clint Capela;Tristen Newton;Jae'Sean Tate;JD Davison;Isaiah Crawford;Jeff Green,Tyler Herro;Andrew Wiggins;Norman Powell;Davion Mitchell;Jaime Jaquez Jr.;Pelle Larsson;Kel'el Ware;Kasparas Jakučionis;Nikola Jović;Simone Fontecchio;Dru Smith;Myron Gardner;Keshad Johnson;Jahmir Young;Vladislav Goldin;Trevor Keels
2026,Toronto Raptors,Washington Wizards,134,125,Scottie Barnes;Immanuel Quickley;RJ Barrett;Jakob Poeltl;Jamal Shead;Collin Murray-Boyles;Sandro Mamukelashvili;Ja'Kobe Walter;Ochai Agbaji;Gradey Dick;A.J. Lawson;Jamison Battle;Markelle Fultz;Chucky Hepburn;Alijah Martin;Jonathan Mogbo;Trayce Jackson-Davis;Garrett Temple;Mo Bamba,CJ McCollum;Kyshawn George;Leaky Black;Bub Carrington;Alex Sarr;Bilal Coulibaly;Alondes Williams;Khris Middleton;Tre Johnson;Kadary Richmond;Will Riley;Trae Young;Jamir Watkins;Jaden Hardy;Justin Champagnie;Corey Kispert;Marvin Bagley III;Anthony Gill;Sharife Cooper;Cam Whitmore;Keshon Gilbert;Tristan Vukcevic;Skal Labissière;Malaki Branham;AJ Johnson
2026,Los Angeles Lakers,Golden State Warriors,129,101,Austin Reaves;LeBron James;Marcus Smart;Rui Hachimura;Deandre Ayton;Jake LaRavia;Luke Kennard;Gabe Vincent;Jaxson Hayes;Jarred Vanderbilt;Nick Smith Jr.;Maxi Kleber;Dalton Knecht;Bronny James;Drew Timme;Kobe Bufkin;Adou Thiero;Chris Mañon;Christian Koloko,Stephen Curry;Brandin Podziemski;Draymond Green;Moses Moody;Jonathan Kuminga;Kristaps Porziņģis;De'Anthony Melton;Al Horford;Gui Santos;Charles Bassey;Will Richard;Pat Spencer;Buddy Hield;Quinten Post;Nate Williams;LJ Cryer;Gary Payton II;Seth Curry;Omer Yurtseven;Trayce Jackson-Davis;Malevy Leons
2026,New Orleans Pelicans,Utah Jazz,115,105,Saddiq Bey;Zion Williamson;Herbert Jones;Dejounte Murray;Josh Oduro;Jeremiah Fears;Derik Queen;Jordan Poole;Jose Alvarado;Bryce McGowens;Yves Missi;DeAndre Jordan;Micah Peavy;Karlo Matković;Kevon Looney;Jordan Hawkins;Trey Alexander;Hunter Dickinson,Andersson Garcia;Keyonte George;Bez Mbeng;Kennedy Chandler;Walker Kessler;Ace Bailey;Jusuf Nurkić;John Konchar;Isaiah Collier;Hayden Gray;Cody Williams;Jaren Jackson Jr.;Brice Sensabaugh;Kyle Filipowski;Svi Mykhailiuk;Elijah Harkless;Blake Hinson;Kyle Anderson;Mo Bamba;Walter Clayton;Kevin Love;Oscar Tshiebwe;Taylor Hendricks;Vince Williams Jr.
2026,San Antonio Spurs,New York Knicks,89,114,Devin Vassell;Stephon Castle;Victor Wembanyama;Julian Champagnie;Harrison Barnes;Keldon Johnson;Dylan Harper;Luke Kornet;Jeremy Sochan;Carter Bryant;Kelly Olynyk;Mason Plumlee;Lindy Waters III;Jordan McLaughlin;David Jones García;Bismack Biyombo;Harrison Ingram;Stanley Umude;Riley Minix,OG Anunoby;Mikal Bridges;Karl-Anthony Towns;Josh Hart;Miles McBride;Landry Shamet;Mitchell Robinson;Jordan Clarkson;Jose Alvarado;Tyler Kolek;Mohamed Diawara;Ariel Hukporti;Guerschon Yabusele;Kevin McCullar Jr.;Jeremy Sochan;Trey Jemison;Dillon Jones;Pacôme Dadiet;Tosan Evbuomwan
2026,Cleveland Cavaliers,Brooklyn Nets,106,102,Donovan Mitchell;Evan Mobley;Darius Garland;Jarrett Allen;Jaylon Tyson;Sam Merrill;De'Andre Hunter;Keon Ellis;Max Strus;Dean Wade;Dennis Schröder;Lonzo Ball;Craig Porter Jr.;Nae'Qwan Tomlin;Larry Nance Jr.;Thomas Bryant;Tyrese Proctor;Olivier Sarr;Tristan Enaruna;Luke Travers;Riley Minix;Chris Livingston;Darius Brown II,Tre Scott;Nic Claxton;Noah Clowney;Egor Dёmin;Terance Mann;Cam Thomas;Malachi Smith;Ziaire Williams;Nolan Traoré;Drake Powell;Danny Wolf;Ben Saraf;Chaney Johnson;Josh Minott;Tyrese Martin;Day'Ron Sharpe;Ochai Agbaji;Jalen Wilson;Tyson Etienne;E.J. Liddell;Grant Nelson
2026,Milwaukee Bucks,Chicago Bulls,97,120,Ryan Rollins;A.J. Green;Giannis Antetokounmpo;Myles Turner;Ousmane Dieng;Kyle Kuzma;Cormac Ryan;Bobby Portis;Taurean Prince;Gary Trent Jr.;Jericho Sims;Cam Thomas;Pete Nance;Cole Anthony;Gary Harris;Amir Coffey;Andre Jackson Jr.;Thanasis Antetokounmpo;Mark Sears;Alex Antetokounmpo,Nikola Vučević;Matas Buzelis;Coby White;Jaden Ivey;Anfernee Simons;Tre Jones;Isaac Okoro;Ayo Dosunmu;Collin Sexton;Guerschon Yabusele;Kevin Huerter;Leonard Miller;Mouhamadou Gueye;Nick Richards;Rob Dillingham;Jalen Smith;Patrick Williams;Zach Collins;Mac McClung;Yuki Kawamura;Dalen Terry;Jevon Carter;Julian Phillips;Lachlan Olbrich;Emanuel Miller;Trentyn Flowers;Noa Essengue
2026,Minnesota Timberwolves,Denver Nuggets,117,108,Julius Randle;Jaden McDaniels;Rudy Gobert;Donte DiVincenzo;Ayo Dosunmu;Naz Reid;Kyle Anderson;Mike Conley;Bones Hyland;Jaylen Clark;Terrence Shannon Jr.;Rob Dillingham;Enrique Freeman;Zyon Pullin;Joan Beringer;Julian Phillips;Rocco Zikarsky;Joe Ingles;Leonard Miller;Johnny Juzang,Nikola Jokić;Christian Braun;Cameron Johnson;Peyton Watson;Aaron Gordon;Tim Hardaway Jr.;Bruce Brown;Spencer Jones;Jalen Pickett;Julian Strawther;David Roddy;Jonas Valančiūnas;Zeke Nnaji;Curtis Jones;Tyus Jones;DaRon Holmes;Hunter Tyson;KJ Simpson
2026,Memphis Grizzlies,Indiana Pacers,125,106,Lucas Williamson;Rayan Rupert;Jaren Jackson Jr.;Dariq Whitehead;Adama-Alpha Bal;Ja Morant;Santi Aldama;Jaylen Wells;Zach Edey;Cedric Coward;Tyler Burton;Walter Clayton;Lawson Lovering;Taylor Hendricks;Cam Spencer;Jock Landale;Ty Jerome;Kyle Anderson;Jahmai Mashack;Vince Williams Jr.;GG Jackson II;Kentavious Caldwell-Pope;Scotty Pippen Jr.;DeJon Jarreau;Javon Small;Olivier-Maxence Prosper;Christian Koloko;Charles Bassey;John Konchar;Brandon Clarke;Taj Gibson;PJ Hall,Bennedict Mathurin;Andrew Nembhard;Aaron Nesmith;Jarace Walker;Kobe Brown;Jalen Slawson;Ivica Zubac;Ben Sheppard;Jay Huff;Ethan Thompson;Micah Potter;Johnny Furphy;Quenton Jackson;Obi Toppin;Jeremiah Robinson-Earl;T.J. McConnell;Isaiah Jackson;Kam Jones;James Wiseman;Cody Martin;Garrison Mathews;Taelon Peter;RayJ Dennis;Mac McClung;Tony Bradley;Monte Morris
2026,Portland Trail Blazers,Atlanta Hawks,101,135,Deni Avdija;Jerami Grant;Shaedon Sharpe;Jrue Holiday;Donovan Clingan;Scoot Henderson;Kris Murray;Caleb Love;Vít Krejčí;Sidy Cissoko;Robert Williams;Matisse Thybulle;Rayan Rupert;Blake Wesley;Duop Reath;Yang Hansen;Chris Youngblood;Javonte Cooke;Jayson Kent,Nickeil Alexander-Walker;Dyson Daniels;Onyeka Okongwu;CJ McCollum;Trae Young;Keshon Gilbert;Kristaps Porziņģis;Zaccharie Risacher;Vít Krejčí;Jonathan Kuminga;Luke Kennard;Jock Landale;Corey Kispert;Mouhamed Gueye;Gabe Vincent;Asa Newell;RayJ Dennis;Tony Bradley;Christian Koloko;Keaton Wallace;Buddy Hield;Caleb Houstan;N'Faly Dante;Jacob Toppin
2026,Detroit Pistons,Orlando Magic,106,92,Jalen Duren;Tobias Harris;Duncan Robinson;Ausar Thompson;Isaiah Stewart;Kevin Huerter;Daniss Jenkins;Ron Holland;Caris LeVert;Javonte Green;Jaden Ivey;Paul Reed;Marcus Sasser;Wendell Moore Jr.;Tolu Smith;Chaz Lanier;Colby Jones;Bobi Klintman;Isaac Jones,Desmond Bane;Franz Wagner;Anthony Black;Wendell Carter Jr.;Jalen Suggs;Tristan Da Silva;Jevon Carter;Tyus Jones;Goga Bitadze;Noah Penda;Jett Howard;Jamal Cain;Moritz Wagner;Jase Richardson;Jonathan Isaac;Orlando Robinson;Alex Morales;Colin Castleton
2026,Philadelphia 76ers,Boston Celtics,98,114,VJ Edgecombe;Joel Embiid;Kelly Oubre Jr.;Paul George;Quentin Grimes;Dominick Barlow;Andre Drummond;Adem Bona;Cameron Payne;Jared McCain;Trendon Watford;Justin Edwards;MarJon Beauchamp;Dalen Terry;Eric Gordon;Jabari Walker;Tyrese Martin;Kyle Lowry;Johni Broome;Charles Bassey;Hunter Sallis;Patrick Baldwin Jr.,Derrick White;Jayson Tatum;Payton Pritchard;Neemias Queta;Sam Hauser;Anfernee Simons;Nikola Vučević;Baylor Scheierman;Jordan Walsh;Luka Garza;Josh Minott;Hugo González;Dalano Banton;Ron Harper Jr.;Chris Boucher;Xavier Tillman Sr.;John Tonje;Amari Williams;Charles Bassey;Max Shulga
2026,Oklahoma City Thunder,Dallas Mavericks,100,87,Chet Holmgren;Jalen Williams;Luguentz Dort;Cason Wallace;Ajay Mitchell;Isaiah Hartenstein;Aaron Wiggins;Isaiah Joe;Jaylin Williams;Alex Caruso;Jared McCain;Nikola Topić;Payton Sandfort;Kenrich Williams;Branden Carlson;Ousmane Dieng;Brooks Barnhizer;Chris Youngblood;Buddy Boeheim,Anthony Davis;P.J. Washington;Naji Marshall;Max Christie;Brandon Williams;Klay Thompson;Daniel Gafford;Marvin Bagley III;Khris Middleton;Ryan Nembhard;John Poulakidas;D'Angelo Russell;Tyus Jones;Dereck Lively II;Caleb Martin;Dwight Powell;Moussa Cisse;Tyler Smith;Jaden Hardy;Jeremiah Robinson-Earl;AJ Johnson;Miles Kelly
2026,New Orleans Pelicans,Los Angeles Clippers,117,137,Saddiq Bey;Zion Williamson;Herbert Jones;Dejounte Murray;Josh Oduro;Jeremiah Fears;Derik Queen;Jordan Poole;Jose Alvarado;Bryce McGowens;Yves Missi;DeAndre Jordan;Micah Peavy;Karlo Matković;Kevon Looney;Jordan Hawkins;Trey Alexander;Hunter Dickinson,Kawhi Leonard;Ivica Zubac;Darius Garland;Bennedict Mathurin;Kris Dunn;John Collins;Derrick Jones Jr.;Jordan Miller;Brook Lopez;Bradley Beal;Kobe Sanders;Bogdan Bogdanović;Nicolas Batum;Isaiah Jackson;Chris Paul;Yanic Konan Niederhäuser;Cam Christie;Kobe Brown;Patrick Baldwin Jr.;TyTy Washington Jr.;Dalano Banton;Sean Pedulla;Norchad Omier;RayJ Dennis;Jahmyl Telfort
2026,Sacramento Kings,Los Angeles Lakers,104,128,Zach LaVine;DeMar DeRozan;Domantas Sabonis;Russell Westbrook;Maxime Raynaud;Daeqwon Plowden;Dennis Schröder;De'Andre Hunter;Nique Clifford;Precious Achiuwa;Malik Monk;Dylan Cardwell;DaQuan Jeffries;Devin Carter;Killian Hayes;Keon Ellis;Doug McDermott;Patrick Baldwin Jr.;Isaiah Stevens;Drew Eubanks;Dario Šarić;Isaac Jones,Austin Reaves;LeBron James;Marcus Smart;Rui Hachimura;Deandre Ayton;Jake LaRavia;Luke Kennard;Gabe Vincent;Jaxson Hayes;Jarred Vanderbilt;Nick Smith Jr.;Maxi Kleber;Dalton Knecht;Bronny James;Drew Timme;Kobe Bufkin;Adou Thiero;Chris Mañon;Christian Koloko
2026,Houston Rockets,Washington Wizards,123,118,Kevin Durant;Jabari Smith Jr.;Alperen Şengün;Reed Sheppard;Tari Eason;Steven Adams;Josh Okogie;Dorian Finney-Smith;Aaron Holiday;Clint Capela;Tristen Newton;Jae'Sean Tate;JD Davison;Isaiah Crawford;Jeff Green,CJ McCollum;Kyshawn George;Leaky Black;Bub Carrington;Alex Sarr;Bilal Coulibaly;Alondes Williams;Khris Middleton;Tre Johnson;Kadary Richmond;Will Riley;Trae Young;Jamir Watkins;Jaden Hardy;Justin Champagnie;Corey Kispert;Marvin Bagley III;Anthony Gill;Sharife Cooper;Cam Whitmore;Keshon Gilbert;Tristan Vukcevic;Skal Labissière;Malaki Branham;AJ Johnson
2026,Boston Celtics,Milwaukee Bucks,108,81,Derrick White;Jayson Tatum;Payton Pritchard;Neemias Queta;Sam Hauser;Anfernee Simons;Nikola Vučević;Baylor Scheierman;Jordan Walsh;Luka Garza;Josh Minott;Hugo González;Dalano Banton;Ron Harper Jr.;Chris Boucher;Xavier Tillman Sr.;John Tonje;Amari Williams;Charles Bassey;Max Shulga,Ryan Rollins;A.J. Green;Giannis Antetokounmpo;Myles Turner;Ousmane Dieng;Kyle Kuzma;Cormac Ryan;Bobby Portis;Taurean Prince;Gary Trent Jr.;Jericho Sims;Cam Thomas;Pete Nance;Cole Anthony;Gary Harris;Amir Coffey;Andre Jackson Jr.;Thanasis Antetokounmpo;Mark Sears;Alex Antetokounmpo
2026,Denver Nuggets,Utah Jazz,128,125,Nikola Jokić;Christian Braun;Cameron Johnson;Peyton Watson;Aaron Gordon;Tim Hardaway Jr.;Bruce Brown;Spencer Jones;Jalen Pickett;Julian Strawther;David Roddy;Jonas Valančiūnas;Zeke Nnaji;Curtis Jones;Tyus Jones;DaRon Holmes;Hunter Tyson;KJ Simpson,Andersson Garcia;Keyonte George;Bez Mbeng;Kennedy Chandler;Walker Kessler;Ace Bailey;Jusuf Nurkić;John Konchar;Isaiah Collier;Hayden Gray;Cody Williams;Jaren Jackson Jr.;Brice Sensabaugh;Kyle Filipowski;Svi Mykhailiuk;Elijah Harkless;Blake Hinson;Kyle Anderson;Mo Bamba;Walter Clayton;Kevin Love;Oscar Tshiebwe;Taylor Hendricks;Vince Williams Jr.
2026,Los Angeles Clippers,Golden State Warriors,114,101,Kawhi Leonard;Ivica Zubac;Darius Garland;Bennedict Mathurin;Kris Dunn;John Collins;Derrick Jones Jr.;Jordan Miller;Brook Lopez;Bradley Beal;Kobe Sanders;Bogdan Bogdanović;Nicolas Batum;Isaiah Jackson;Chris Paul;Yanic Konan Niederhäuser;Cam Christie;Kobe Brown;Patrick Baldwin Jr.;TyTy Washington Jr.;Dalano Banton;Sean Pedulla;Norchad Omier;RayJ Dennis;Jahmyl Telfort,Stephen Curry;Brandin Podziemski;Draymond Green;Moses Moody;Jonathan Kuminga;Kristaps Porziņģis;De'Anthony Melton;Al Horford;Gui Santos;Charles Bassey;Will Richard;Pat Spencer;Buddy Hield;Quinten Post;Nate Williams;LJ Cryer;Gary Payton II;Seth Curry;Omer Yurtseven;Trayce Jackson-Davis;Malevy Leons
2026,Dallas Mavericks,Charlotte Hornets,90,117,Anthony Davis;P.J. Washington;Naji Marshall;Max Christie;Brandon Williams;Klay Thompson;Daniel Gafford;Marvin Bagley III;Khris Middleton;Ryan Nembhard;John Poulakidas;D'Angelo Russell;Tyus Jones;Dereck Lively II;Caleb Martin;Dwight Powell;Moussa Cisse;Tyler Smith;Jaden Hardy;Jeremiah Robinson-Earl;AJ Johnson;Miles Kelly,Miles Bridges;Brandon Miller;LaMelo Ball;Moussa Diabaté;Sion James;Collin Sexton;Ryan Kalkbrenner;Grant Williams;Coby White;KJ Simpson;Josh Green;PJ Hall;Tidjane Salaün;Tre Mann;Liam McNeeley;Drew Peterson;Mason Plumlee;Pat Connaughton;Antonio Reeves;Xavier Tillman Sr.
2026,Detroit Pistons,Cleveland Cavaliers,109,113,Jalen Duren;Tobias Harris;Duncan Robinson;Ausar Thompson;Isaiah Stewart;Kevin Huerter;Daniss Jenkins;Ron Holland;Caris LeVert;Javonte Green;Jaden Ivey;Paul Reed;Marcus Sasser;Wendell Moore Jr.;Tolu Smith;Chaz Lanier;Colby Jones;Bobi Klintman;Isaac Jones,Donovan Mitchell;Evan Mobley;Darius Garland;Jarrett Allen;Jaylon Tyson;Sam Merrill;De'Andre Hunter;Keon Ellis;Max Strus;Dean Wade;Dennis Schröder;Lonzo Ball;Craig Porter Jr.;Nae'Qwan Tomlin;Larry Nance Jr.;Thomas Bryant;Tyrese Proctor;Olivier Sarr;Tristan Enaruna;Luke Travers;Riley Minix;Chris Livingston;Darius Brown II
2026,Washington Wizards,Orlando Magic,109,126,CJ McCollum;Kyshawn George;Leaky Black;Bub Carrington;Alex Sarr;Bilal Coulibaly;Alondes Williams;Khris Middleton;Tre Johnson;Kadary Richmond;Will Riley;Trae Young;Jamir Watkins;Jaden Hardy;Justin Champagnie;Corey Kispert;Marvin Bagley III;Anthony Gill;Sharife Cooper;Cam Whitmore;Keshon Gilbert;Tristan Vukcevic;Skal Labissière;Malaki Branham;AJ Johnson,Desmond Bane;Franz Wagner;Anthony Black;Wendell Carter Jr.;Jalen Suggs;Tristan Da Silva;Jevon Carter;Tyus Jones;Goga Bitadze;Noah Penda;Jett Howard;Jamal Cain;Moritz Wagner;Jase Richardson;Jonathan Isaac;Orlando Robinson;Alex Morales;Colin Castleton
2026,Brooklyn Nets,Miami Heat,98,124,Tre Scott;Nic Claxton;Noah Clowney;Egor Dёmin;Terance Mann;Cam Thomas;Malachi Smith;Ziaire Williams;Nolan Traoré;Drake Powell;Danny Wolf;Ben Saraf;Chaney Johnson;Josh Minott;Tyrese Martin;Day'Ron Sharpe;Ochai Agbaji;Jalen Wilson;Tyson Etienne;E.J. Liddell;Grant Nelson,Tyler Herro;Andrew Wiggins;Norman Powell;Davion Mitchell;Jaime Jaquez Jr.;Pelle Larsson;Kel'el Ware;Kasparas Jakučionis;Nikola Jović;Simone Fontecchio;Dru Smith;Myron Gardner;Keshad Johnson;Jahmir Young;Vladislav Goldin;Trevor Keels
2026,New York Knicks,Toronto Raptors,111,95,OG Anunoby;Mikal Bridges;Karl-Anthony Towns;Josh Hart;Miles McBride;Landry Shamet;Mitchell Robinson;Jordan Clarkson;Jose Alvarado;Tyler Kolek;Mohamed Diawara;Ariel Hukporti;Guerschon Yabusele;Kevin McCullar Jr.;Jeremy Sochan;Trey Jemison;Dillon Jones;Pacôme Dadiet;Tosan Evbuomwan,Scottie Barnes;Immanuel Quickley;RJ Barrett;Jakob Poeltl;Jamal Shead;Collin Murray-Boyles;Sandro Mamukelashvili;Ja'Kobe Walter;Ochai Agbaji;Gradey Dick;A.J. Lawson;Jamison Battle;Markelle Fultz;Chucky Hepburn;Alijah Martin;Jonathan Mogbo;Trayce Jackson-Davis;Garrett Temple;Mo Bamba
2026,Oklahoma City Thunder,Chicago Bulls,116,108,Chet Holmgren;Jalen Williams;Luguentz Dort;Cason Wallace;Ajay Mitchell;Isaiah Hartenstein;Aaron Wiggins;Isaiah Joe;Jaylin Williams;Alex Caruso;Jared McCain;Nikola Topić;Payton Sandfort;Kenrich Williams;Branden Carlson;Ousmane Dieng;Brooks Barnhizer;Chris Youngblood;Buddy Boeheim,Nikola Vučević;Matas Buzelis;Coby White;Jaden Ivey;Anfernee Simons;Tre Jones;Isaac Okoro;Ayo Dosunmu;Collin Sexton;Guerschon Yabusele;Kevin Huerter;Leonard Miller;Mouhamadou Gueye;Nick Richards;Rob Dillingham;Jalen Smith;Patrick Williams;Zach Collins;Mac McClung;Yuki Kawamura;Dalen Terry;Jevon Carter;Julian Phillips;Lachlan Olbrich;Emanuel Miller;Trentyn Flowers;Noa Essengue
2026,Memphis Grizzlies,Minnesota Timberwolves,110,117,Lucas Williamson;Rayan Rupert;Jaren Jackson Jr.;Dariq Whitehead;Adama-Alpha Bal;Ja Morant;Santi Aldama;Jaylen Wells;Zach Edey;Cedric Coward;Tyler Burton;Walter Clayton;Lawson Lovering;Taylor Hendricks;Cam Spencer;Jock Landale;Ty Jerome;Kyle Anderson;Jahmai Mashack;Vince Williams Jr.;GG Jackson II;Kentavious Caldwell-Pope;Scotty Pippen Jr.;DeJon Jarreau;Javon Small;Olivier-Maxence Prosper;Christian Koloko;Charles Bassey;John Konchar;Brandon Clarke;Taj Gibson;PJ Hall,Julius Randle;Jaden McDaniels;Rudy Gobert;Donte DiVincenzo;Ayo Dosunmu;Naz Reid;Kyle Anderson;Mike Conley;Bones Hyland;Jaylen Clark;Terrence Shannon Jr.;Rob Dillingham;Enrique Freeman;Zyon Pullin;Joan Beringer;Julian Phillips;Rocco Zikarsky;Joe Ingles;Leonard Miller;Johnny Juzang
2026,San Antonio Spurs,Philadelphia 76ers,131,91,Devin Vassell;Stephon Castle;Victor Wembanyama;Julian Champagnie;Harrison Barnes;Keldon Johnson;Dylan Harper;Luke Kornet;Jeremy Sochan;Carter Bryant;Kelly Olynyk;Mason Plumlee;Lindy Waters III;Jordan McLaughlin;David Jones García;Bismack Biyombo;Harrison Ingram;Stanley Umude;Riley Minix,VJ Edgecombe;Joel Embiid;Kelly Oubre Jr.;Paul George;Quentin Grimes;Dominick Barlow;Andre Drummond;Adem Bona;Cameron Payne;Jared McCain;Trendon Watford;Justin Edwards;MarJon Beauchamp;Dalen Terry;Eric Gordon;Jabari Walker;Tyrese Martin;Kyle Lowry;Johni Broome;Charles Bassey;Hunter Sallis;Patrick Baldwin Jr.
2026,New Orleans Pelicans,Los Angeles Lakers,101,110,Saddiq Bey;Zion Williamson;Herbert Jones;Dejounte Murray;Josh Oduro;Jeremiah Fears;Derik Queen;Jordan Poole;Jose Alvarado;Bryce McGowens;Yves Missi;DeAndre Jordan;Micah Peavy;Karlo Matković;Kevon Looney;Jordan Hawkins;Trey Alexander;Hunter Dickinson,Austin Reaves;LeBron James;Marcus Smart;Rui Hachimura;Deandre Ayton;Jake LaRavia;Luke Kennard;Gabe Vincent;Jaxson Hayes;Jarred Vanderbilt;Nick Smith Jr.;Maxi Kleber;Dalton Knecht;Bronny James;Drew Timme;Kobe Bufkin;Adou Thiero;Chris Mañon;Christian Koloko
2026,Phoenix Suns,Sacramento Kings,114,103,Dillon Brooks;Grayson Allen;Collin Gillespie;Royce O'Neale;Jalen Green;Mark Williams;Jordan Goodwin;Oso Ighodaro;Ryan Dunn;Amir Coffey;Jamaree Bouyea;Haywood Highsmith;Rasheer Fleming;CJ Huntley;Isaiah Livers;Nick Richards;Khaman Maluach;Nigel Hayes-Davis;Koby Brea,Zach LaVine;DeMar DeRozan;Domantas Sabonis;Russell Westbrook;Maxime Raynaud;Daeqwon Plowden;Dennis Schröder;De'Andre Hunter;Nique Clifford;Precious Achiuwa;Malik Monk;Dylan Cardwell;DaQuan Jeffries;Devin Carter;Killian Hayes;Keon Ellis;Doug McDermott;Patrick Baldwin Jr.;Isaiah Stevens;Drew Eubanks;Dario Šarić;Isaac Jones
2026,Oklahoma City Thunder,New York Knicks,103,100,Chet Holmgren;Jalen Williams;Luguentz Dort;Cason Wallace;Ajay Mitchell;Isaiah Hartenstein;Aaron Wiggins;Isaiah Joe;Jaylin Williams;Alex Caruso;Jared McCain;Nikola Topić;Payton Sandfort;Kenrich Williams;Branden Carlson;Ousmane Dieng;Brooks Barnhizer;Chris Youngblood;Buddy Boeheim,OG Anunoby;Mikal Bridges;Karl-Anthony Towns;Josh Hart;Miles McBride;Landry Shamet;Mitchell Robinson;Jordan Clarkson;Jose Alvarado;Tyler Kolek;Mohamed Diawara;Ariel Hukporti;Guerschon Yabusele;Kevin McCullar Jr.;Jeremy Sochan;Trey Jemison;Dillon Jones;Pacôme Dadiet;Tosan Evbuomwan
2026,Charlotte Hornets,Boston Celtics,118,89,Miles Bridges;Brandon Miller;LaMelo Ball;Moussa Diabaté;Sion James;Collin Sexton;Ryan Kalkbrenner;Grant Williams;Coby White;KJ Simpson;Josh Green;PJ Hall;Tidjane Salaün;Tre Mann;Liam McNeeley;Drew Peterson;Mason Plumlee;Pat Connaughton;Antonio Reeves;Xavier Tillman Sr.,Derrick White;Jayson Tatum;Payton Pritchard;Neemias Queta;Sam Hauser;Anfernee Simons;Nikola Vučević;Baylor Scheierman;Jordan Walsh;Luka Garza;Josh Minott;Hugo González;Dalano Banton;Ron Harper Jr.;Chris Boucher;Xavier Tillman Sr.;John Tonje;Amari Williams;Charles Bassey;Max Shulga
2026,Utah Jazz,Philadelphia 76ers,102,106,Andersson Garcia;Keyonte George;Bez Mbeng;Kennedy Chandler;Walker Kessler;Ace Bailey;Jusuf Nurkić;John Konchar;Isaiah Collier;Hayden Gray;Cody Williams;Jaren Jackson Jr.;Brice Sensabaugh;Kyle Filipowski;Svi Mykhailiuk;Elijah Harkless;Blake Hinson;Kyle Anderson;Mo Bamba;Walter Clayton;Kevin Love;Oscar Tshiebwe;Taylor Hendricks;Vince Williams Jr.,VJ Edgecombe;Joel Embiid;Kelly Oubre Jr.;Paul George;Quentin Grimes;Dominick Barlow;Andre Drummond;Adem Bona;Cameron Payne;Jared McCain;Trendon Watford;Justin Edwards;MarJon Beauchamp;Dalen Terry;Eric Gordon;Jabari Walker;Tyrese Martin;Kyle Lowry;Johni Broome;Charles Bassey;Hunter Sallis;Patrick Baldwin Jr.
2026,Portland Trail Blazers,Memphis Grizzlies,122,114,Deni Avdija;Jerami Grant;Shaedon Sharpe;Jrue Holiday;Donovan Clingan;Scoot Henderson;Kris Murray;Caleb Love;Vít Krejčí;Sidy Cissoko;Robert Williams;Matisse Thybulle;Rayan Rupert;Blake Wesley;Duop Reath;Yang Hansen;Chris Youngblood;Javonte Cooke;Jayson Kent,Lucas Williamson;Rayan Rupert;Jaren Jackson Jr.;Dariq Whitehead;Adama-Alpha Bal;Ja Morant;Santi Aldama;Jaylen Wells;Zach Edey;Cedric Coward;Tyler Burton;Walter Clayton;Lawson Lovering;Taylor Hendricks;Cam Spencer;Jock Landale;Ty Jerome;Kyle Anderson;Jahmai Mashack;Vince Williams Jr.;GG Jackson II;Kentavious Caldwell-Pope;Scotty Pippen Jr.;DeJon Jarreau;Javon Small;Olivier-Maxence Prosper;Christian Koloko;Charles Bassey;John Konchar;Brandon Clarke;Taj Gibson;PJ Hall
2026,Atlanta Hawks,Milwaukee Bucks,131,113,Nickeil Alexander-Walker;Dyson Daniels;Onyeka Okongwu;CJ McCollum;Trae Young;Keshon Gilbert;Kristaps Porziņģis;Zaccharie Risacher;Vít Krejčí;Jonathan Kuminga;Luke Kennard;Jock Landale;Corey Kispert;Mouhamed Gueye;Gabe Vincent;Asa Newell;RayJ Dennis;Tony Bradley;Christian Koloko;Keaton Wallace;Buddy Hield;Caleb Houstan;N'Faly Dante;Jacob Toppin,Ryan Rollins;A.J. Green;Giannis Antetokounmpo;Myles Turner;Ousmane Dieng;Kyle Kuzma;Cormac Ryan;Bobby Portis;Taurean Prince;Gary Trent Jr.;Jericho Sims;Cam Thomas;Pete Nance;Cole Anthony;Gary Harris;Amir Coffey;Andre Jackson Jr.;Thanasis Antetokounmpo;Mark Sears;Alex Antetokounmpo
2026,Indiana Pacers,Los Angeles Clippers,107,130,Bennedict Mathurin;Andrew Nembhard;Aaron Nesmith;Jarace Walker;Kobe Brown;Jalen Slawson;Ivica Zubac;Ben Sheppard;Jay Huff;Ethan Thompson;Micah Potter;Johnny Furphy;Quenton Jackson;Obi Toppin;Jeremiah Robinson-Earl;T.J. McConnell;Isaiah Jackson;Kam Jones;James Wiseman;Cody Martin;Garrison Mathews;Taelon Peter;RayJ Dennis;Mac McClung;Tony Bradley;Monte Morris,Kawhi Leonard;Ivica Zubac;Darius Garland;Bennedict Mathurin;Kris Dunn;John Collins;Derrick Jones Jr.;Jordan Miller;Brook Lopez;Bradley Beal;Kobe Sanders;Bogdan Bogdanović;Nicolas Batum;Isaiah Jackson;Chris Paul;Yanic Konan Niederhäuser;Cam Christie;Kobe Brown;Patrick Baldwin Jr.;TyTy Washington Jr.;Dalano Banton;Sean Pedulla;Norchad Omier;RayJ Dennis;Jahmyl Telfort
2026,Dallas Mavericks,Orlando Magic,114,115,Anthony Davis;P.J. Washington;Naji Marshall;Max Christie;Brandon Williams;Klay Thompson;Daniel Gafford;Marvin Bagley III;Khris Middleton;Ryan Nembhard;John Poulakidas;D'Angelo Russell;Tyus Jones;Dereck Lively II;Caleb Martin;Dwight Powell;Moussa Cisse;Tyler Smith;Jaden Hardy;Jeremiah Robinson-Earl;AJ Johnson;Miles Kelly,Desmond Bane;Franz Wagner;Anthony Black;Wendell Carter Jr.;Jalen Suggs;Tristan Da Silva;Jevon Carter;Tyus Jones;Goga Bitadze;Noah Penda;Jett Howard;Jamal Cain;Moritz Wagner;Jase Richardson;Jonathan Isaac;Orlando Robinson;Alex Morales;Colin Castleton
2026,Utah Jazz,Washington Wizards,122,112,Andersson Garcia;Keyonte George;Bez Mbeng;Kennedy Chandler;Walker Kessler;Ace Bailey;Jusuf Nurkić;John Konchar;Isaiah Collier;Hayden Gray;Cody Williams;Jaren Jackson Jr.;Brice Sensabaugh;Kyle Filipowski;Svi Mykhailiuk;Elijah Harkless;Blake Hinson;Kyle Anderson;Mo Bamba;Walter Clayton;Kevin Love;Oscar Tshiebwe;Taylor Hendricks;Vince Williams Jr.,CJ McCollum;Kyshawn George;Leaky Black;Bub Carrington;Alex Sarr;Bilal Coulibaly;Alondes Williams;Khris Middleton;Tre Johnson;Kadary Richmond;Will Riley;Trae Young;Jamir Watkins;Jaden Hardy;Justin Champagnie;Corey Kispert;Marvin Bagley III;Anthony Gill;Sharife Cooper;Cam Whitmore;Keshon Gilbert;Tristan Vukcevic;Skal Labissière;Malaki Branham;AJ Johnson
2026,Golden State Warriors,Houston Rockets,115,113,Stephen Curry;Brandin Podziemski;Draymond Green;Moses Moody;Jonathan Kuminga;Kristaps Porziņģis;De'Anthony Melton;Al Horford;Gui Santos;Charles Bassey;Will Richard;Pat Spencer;Buddy Hield;Quinten Post;Nate Williams;LJ Cryer;Gary Payton II;Seth Curry;Omer Yurtseven;Trayce Jackson-Davis;Malevy Leons,Kevin Durant;Jabari Smith Jr.;Alperen Şengün;Reed Sheppard;Tari Eason;Steven Adams;Josh Okogie;Dorian Finney-Smith;Aaron Holiday;Clint Capela;Tristen Newton;Jae'Sean Tate;JD Davison;Isaiah Crawford;Jeff Green
2026,Brooklyn Nets,Miami Heat,110,126,Tre Scott;Nic Claxton;Noah Clowney;Egor Dёmin;Terance Mann;Cam Thomas;Malachi Smith;Ziaire Williams;Nolan Traoré;Drake Powell;Danny Wolf;Ben Saraf;Chaney Johnson;Josh Minott;Tyrese Martin;Day'Ron Sharpe;Ochai Agbaji;Jalen Wilson;Tyson Etienne;E.J. Liddell;Grant Nelson,Tyler Herro;Andrew Wiggins;Norman Powell;Davion Mitchell;Jaime Jaquez Jr.;Pelle Larsson;Kel'el Ware;Kasparas Jakučionis;Nikola Jović;Simone Fontecchio;Dru Smith;Myron Gardner;Keshad Johnson;Jahmir Young;Vladislav Goldin;Trevor Keels
2026,Toronto Raptors,Minnesota Timberwolves,107,115,Scottie Barnes;Immanuel Quickley;RJ Barrett;Jakob Poeltl;Jamal Shead;Collin Murray-Boyles;Sandro Mamukelashvili;Ja'Kobe Walter;Ochai Agbaji;Gradey Dick;A.J. Lawson;Jamison Battle;Markelle Fultz;Chucky Hepburn;Alijah Martin;Jonathan Mogbo;Trayce Jackson-Davis;Garrett Temple;Mo Bamba,Julius Randle;Jaden McDaniels;Rudy Gobert;Donte DiVincenzo;Ayo Dosunmu;Naz Reid;Kyle Anderson;Mike Conley;Bones Hyland;Jaylen Clark;Terrence Shannon Jr.;Rob Dillingham;Enrique Freeman;Zyon Pullin;Joan Beringer;Julian Phillips;Rocco Zikarsky;Joe Ingles;Leonard Miller;Johnny Juzang
2026,Detroit Pistons,San Antonio Spurs,106,121,Jalen Duren;Tobias Harris;Duncan Robinson;Ausar Thompson;Isaiah Stewart;Kevin Huerter;Daniss Jenkins;Ron Holland;Caris LeVert;Javonte Green;Jaden Ivey;Paul Reed;Marcus Sasser;Wendell Moore Jr.;Tolu Smith;Chaz Lanier;Colby Jones;Bobi Klintman;Isaac Jones,Devin Vassell;Stephon Castle;Victor Wembanyama;Julian Champagnie;Harrison Barnes;Keldon Johnson;Dylan Harper;Luke Kornet;Jeremy Sochan;Carter Bryant;Kelly Olynyk;Mason Plumlee;Lindy Waters III;Jordan McLaughlin;David Jones García;Bismack Biyombo;Harrison Ingram;Stanley Umude;Riley Minix
2026,Chicago Bulls,Phoenix Suns,105,103,Nikola Vučević;Matas Buzelis;Coby White;Jaden Ivey;Anfernee Simons;Tre Jones;Isaac Okoro;Ayo Dosunmu;Collin Sexton;Guerschon Yabusele;Kevin Huerter;Leonard Miller;Mouhamadou Gueye;Nick Richards;Rob Dillingham;Jalen Smith;Patrick Williams;Zach Collins;Mac McClung;Yuki Kawamura;Dalen Terry;Jevon Carter;Julian Phillips;Lachlan Olbrich;Emanuel Miller;Trentyn Flowers;Noa Essengue,Dillon Brooks;Grayson Allen;Collin Gillespie;Royce O'Neale;Jalen Green;Mark Williams;Jordan Goodwin;Oso Ighodaro;Ryan Dunn;Amir Coffey;Jamaree Bouyea;Haywood Highsmith;Rasheer Fleming;CJ Huntley;Isaiah Livers;Nick Richards;Khaman Maluach;Nigel Hayes-Davis;Koby Brea
2026,Los Angeles Lakers,Denver Nuggets,113,120,Austin Reaves;LeBron James;Marcus Smart;Rui Hachimura;Deandre Ayton;Jake LaRavia;Luke Kennard;Gabe Vincent;Jaxson Hayes;Jarred Vanderbilt;Nick Smith Jr.;Maxi Kleber;Dalton Knecht;Bronny James;Drew Timme;Kobe Bufkin;Adou Thiero;Chris Mañon;Christian Koloko,Nikola Jokić;Christian Braun;Cameron Johnson;Peyton Watson;Aaron Gordon;Tim Hardaway Jr.;Bruce Brown;Spencer Jones;Jalen Pickett;Julian Strawther;David Roddy;Jonas Valančiūnas;Zeke Nnaji;Curtis Jones;Tyus Jones;DaRon Holmes;Hunter Tyson;KJ Simpson
2026,New Orleans Pelicans,Sacramento Kings,133,123,Saddiq Bey;Zion Williamson;Herbert Jones;Dejounte Murray;Josh Oduro;Jeremiah Fears;Derik Queen;Jordan Poole;Jose Alvarado;Bryce McGowens;Yves Missi;DeAndre Jordan;Micah Peavy;Karlo Matković;Kevon Looney;Jordan Hawkins;Trey Alexander;Hunter Dickinson,Zach LaVine;DeMar DeRozan;Domantas Sabonis;Russell Westbrook;Maxime Raynaud;Daeqwon Plowden;Dennis Schröder;De'Andre Hunter;Nique Clifford;Precious Achiuwa;Malik Monk;Dylan Cardwell;DaQuan Jeffries;Devin Carter;Killian Hayes;Keon Ellis;Doug McDermott;Patrick Baldwin Jr.;Isaiah Stevens;Drew Eubanks;Dario Šarić;Isaac Jones
2026,Dallas Mavericks,Boston Celtics,100,120,Anthony Davis;P.J. Washington;Naji Marshall;Max Christie;Brandon Williams;Klay Thompson;Daniel Gafford;Marvin Bagley III;Khris Middleton;Ryan Nembhard;John Poulakidas;D'Angelo Russell;Tyus Jones;Dereck Lively II;Caleb Martin;Dwight Powell;Moussa Cisse;Tyler Smith;Jaden Hardy;Jeremiah Robinson-Earl;AJ Johnson;Miles Kelly,Derrick White;Jayson Tatum;Payton Pritchard;Neemias Queta;Sam Hauser;Anfernee Simons;Nikola Vučević;Baylor Scheierman;Jordan Walsh;Luka Garza;Josh Minott;Hugo González;Dalano Banton;Ron Harper Jr.;Chris Boucher;Xavier Tillman Sr.;John Tonje;Amari Williams;Charles Bassey;Max Shulga
2026,Miami Heat,Charlotte Hornets,128,120,Tyler Herro;Andrew Wiggins;Norman Powell;Davion Mitchell;Jaime Jaquez Jr.;Pelle Larsson;Kel'el Ware;Kasparas Jakučionis;Nikola Jović;Simone Fontecchio;Dru Smith;Myron Gardner;Keshad Johnson;Jahmir Young;Vladislav Goldin;Trevor Keels,Miles Bridges;Brandon Miller;LaMelo Ball;Moussa Diabaté;Sion James;Collin Sexton;Ryan Kalkbrenner;Grant Williams;Coby White;KJ Simpson;Josh Green;PJ Hall;Tidjane Salaün;Tre Mann;Liam McNeeley;Drew Peterson;Mason Plumlee;Pat Connaughton;Antonio Reeves;Xavier Tillman Sr.
2026,Portland Trail Blazers,Houston Rockets,99,106,Deni Avdija;Jerami Grant;Shaedon Sharpe;Jrue Holiday;Donovan Clingan;Scoot Henderson;Kris Murray;Caleb Love;Vít Krejčí;Sidy Cissoko;Robert Williams;Matisse Thybulle;Rayan Rupert;Blake Wesley;Duop Reath;Yang Hansen;Chris Youngblood;Javonte Cooke;Jayson Kent,Kevin Durant;Jabari Smith Jr.;Alperen Şengün;Reed Sheppard;Tari Eason;Steven Adams;Josh Okogie;Dorian Finney-Smith;Aaron Holiday;Clint Capela;Tristen Newton;Jae'Sean Tate;JD Davison;Isaiah Crawford;Jeff Green
2026,New York Knicks,Denver Nuggets,142,103,OG Anunoby;Mikal Bridges;Karl-Anthony Towns;Josh Hart;Miles McBride;Landry Shamet;Mitchell Robinson;Jordan Clarkson;Jose Alvarado;Tyler Kolek;Mohamed Diawara;Ariel Hukporti;Guerschon Yabusele;Kevin McCullar Jr.;Jeremy Sochan;Trey Jemison;Dillon Jones;Pacôme Dadiet;Tosan Evbuomwan,Nikola Jokić;Christian Braun;Cameron Johnson;Peyton Watson;Aaron Gordon;Tim Hardaway Jr.;Bruce Brown;Spencer Jones;Jalen Pickett;Julian Strawther;David Roddy;Jonas Valančiūnas;Zeke Nnaji;Curtis Jones;Tyus Jones;DaRon Holmes;Hunter Tyson;KJ Simpson
2026,New Orleans Pelicans,Phoenix Suns,116,118,Saddiq Bey;Zion Williamson;Herbert Jones;Dejounte Murray;Josh Oduro;Jeremiah Fears;Derik Queen;Jordan Poole;Jose Alvarado;Bryce McGowens;Yves Missi;DeAndre Jordan;Micah Peavy;Karlo Matković;Kevon Looney;Jordan Hawkins;Trey Alexander;Hunter Dickinson,Dillon Brooks;Grayson Allen;Collin Gillespie;Royce O'Neale;Jalen Green;Mark Williams;Jordan Goodwin;Oso Ighodaro;Ryan Dunn;Amir Coffey;Jamaree Bouyea;Haywood Highsmith;Rasheer Fleming;CJ Huntley;Isaiah Livers;Nick Richards;Khaman Maluach;Nigel Hayes-Davis;Koby Brea
2026,Los Angeles Clippers,San Antonio Spurs,112,116,Kawhi Leonard;Ivica Zubac;Darius Garland;Bennedict Mathurin;Kris Dunn;John Collins;Derrick Jones Jr.;Jordan Miller;Brook Lopez;Bradley Beal;Kobe Sanders;Bogdan Bogdanović;Nicolas Batum;Isaiah Jackson;Chris Paul;Yanic Konan Niederhäuser;Cam Christie;Kobe Brown;Patrick Baldwin Jr.;TyTy Washington Jr.;Dalano Banton;Sean Pedulla;Norchad Omier;RayJ Dennis;Jahmyl Telfort,Devin Vassell;Stephon Castle;Victor Wembanyama;Julian Champagnie;Harrison Barnes;Keldon Johnson;Dylan Harper;Luke Kornet;Jeremy Sochan;Carter Bryant;Kelly Olynyk;Mason Plumlee;Lindy Waters III;Jordan McLaughlin;David Jones García;Bismack Biyombo;Harrison Ingram;Stanley Umude;Riley Minix
2026,Indiana Pacers,Los Angeles Lakers,117,128,Bennedict Mathurin;Andrew Nembhard;Aaron Nesmith;Jarace Walker;Kobe Brown;Jalen Slawson;Ivica Zubac;Ben Sheppard;Jay Huff;Ethan Thompson;Micah Potter;Johnny Furphy;Quenton Jackson;Obi Toppin;Jeremiah Robinson-Earl;T.J. McConnell;Isaiah Jackson;Kam Jones;James Wiseman;Cody Martin;Garrison Mathews;Taelon Peter;RayJ Dennis;Mac McClung;Tony Bradley;Monte Morris,Austin Reaves;LeBron James;Marcus Smart;Rui Hachimura;Deandre Ayton;Jake LaRavia;Luke Kennard;Gabe Vincent;Jaxson Hayes;Jarred Vanderbilt;Nick Smith Jr.;Maxi Kleber;Dalton Knecht;Bronny James;Drew Timme;Kobe Bufkin;Adou Thiero;Chris Mañon;Christian Koloko
2026,Orlando Magic,Minnesota Timberwolves,119,92,Desmond Bane;Franz Wagner;Anthony Black;Wendell Carter Jr.;Jalen Suggs;Tristan Da Silva;Jevon Carter;Tyus Jones;Goga Bitadze;Noah Penda;Jett Howard;Jamal Cain;Moritz Wagner;Jase Richardson;Jonathan Isaac;Orlando Robinson;Alex Morales;Colin Castleton,Julius Randle;Jaden McDaniels;Rudy Gobert;Donte DiVincenzo;Ayo Dosunmu;Naz Reid;Kyle Anderson;Mike Conley;Bones Hyland;Jaylen Clark;Terrence Shannon Jr.;Rob Dillingham;Enrique Freeman;Zyon Pullin;Joan Beringer;Julian Phillips;Rocco Zikarsky;Joe Ingles;Leonard Miller;Johnny Juzang
2026,Philadelphia 76ers,Atlanta Hawks,116,125,VJ Edgecombe;Joel Embiid;Kelly Oubre Jr.;Paul George;Quentin Grimes;Dominick Barlow;Andre Drummond;Adem Bona;Cameron Payne;Jared McCain;Trendon Watford;Justin Edwards;MarJon Beauchamp;Dalen Terry;Eric Gordon;Jabari Walker;Tyrese Martin;Kyle Lowry;Johni Broome;Charles Bassey;Hunter Sallis;Patrick Baldwin Jr.,Nickeil Alexander-Walker;Dyson Daniels;Onyeka Okongwu;CJ McCollum;Trae Young;Keshon Gilbert;Kristaps Porziņģis;Zaccharie Risacher;Vít Krejčí;Jonathan Kuminga;Luke Kennard;Jock Landale;Corey Kispert;Mouhamed Gueye;Gabe Vincent;Asa Newell;RayJ Dennis;Tony Bradley;Christian Koloko;Keaton Wallace;Buddy Hield;Caleb Houstan;N'Faly Dante;Jacob Toppin
2026,Brooklyn Nets,Detroit Pistons,107,105,Tre Scott;Nic Claxton;Noah Clowney;Egor Dёmin;Terance Mann;Cam Thomas;Malachi Smith;Ziaire Williams;Nolan Traoré;Drake Powell;Danny Wolf;Ben Saraf;Chaney Johnson;Josh Minott;Tyrese Martin;Day'Ron Sharpe;Ochai Agbaji;Jalen Wilson;Tyson Etienne;E.J. Liddell;Grant Nelson,Jalen Duren;Tobias Harris;Duncan Robinson;Ausar Thompson;Isaiah Stewart;Kevin Huerter;Daniss Jenkins;Ron Holland;Caris LeVert;Javonte Green;Jaden Ivey;Paul Reed;Marcus Sasser;Wendell Moore Jr.;Tolu Smith;Chaz Lanier;Colby Jones;Bobi Klintman;Isaac Jones
2026,Los Angeles Clippers,Memphis Grizzlies,123,120,Kawhi Leonard;Ivica Zubac;Darius Garland;Bennedict Mathurin;Kris Dunn;John Collins;Derrick Jones Jr.;Jordan Miller;Brook Lopez;Bradley Beal;Kobe Sanders;Bogdan Bogdanović;Nicolas Batum;Isaiah Jackson;Chris Paul;Yanic Konan Niederhäuser;Cam Christie;Kobe Brown;Patrick Baldwin Jr.;TyTy Washington Jr.;Dalano Banton;Sean Pedulla;Norchad Omier;RayJ Dennis;Jahmyl Telfort,Lucas Williamson;Rayan Rupert;Jaren Jackson Jr.;Dariq Whitehead;Adama-Alpha Bal;Ja Morant;Santi Aldama;Jaylen Wells;Zach Edey;Cedric Coward;Tyler Burton;Walter Clayton;Lawson Lovering;Taylor Hendricks;Cam Spencer;Jock Landale;Ty Jerome;Kyle Anderson;Jahmai Mashack;Vince Williams Jr.;GG Jackson II;Kentavious Caldwell-Pope;Scotty Pippen Jr.;DeJon Jarreau;Javon Small;Olivier-Maxence Prosper;Christian Koloko;Charles Bassey;John Konchar;Brandon Clarke;Taj Gibson;PJ Hall
2026,Utah Jazz,Milwaukee Bucks,99,113,Andersson Garcia;Keyonte George;Bez Mbeng;Kennedy Chandler;Walker Kessler;Ace Bailey;Jusuf Nurkić;John Konchar;Isaiah Collier;Hayden Gray;Cody Williams;Jaren Jackson Jr.;Brice Sensabaugh;Kyle Filipowski;Svi Mykhailiuk;Elijah Harkless;Blake Hinson;Kyle Anderson;Mo Bamba;Walter Clayton;Kevin Love;Oscar Tshiebwe;Taylor Hendricks;Vince Williams Jr.,Ryan Rollins;A.J. Green;Giannis Antetokounmpo;Myles Turner;Ousmane Dieng;Kyle Kuzma;Cormac Ryan;Bobby Portis;Taurean Prince;Gary Trent Jr.;Jericho Sims;Cam Thomas;Pete Nance;Cole Anthony;Gary Harris;Amir Coffey;Andre Jackson Jr.;Thanasis Antetokounmpo;Mark Sears;Alex Antetokounmpo
2026,Golden State Warriors,Oklahoma City Thunder,97,104,Stephen Curry;Brandin Podziemski;Draymond Green;Moses Moody;Jonathan Kuminga;Kristaps Porziņģis;De'Anthony Melton;Al Horford;Gui Santos;Charles Bassey;Will Richard;Pat Spencer;Buddy Hield;Quinten Post;Nate Williams;LJ Cryer;Gary Payton II;Seth Curry;Omer Yurtseven;Trayce Jackson-Davis;Malevy Leons,Chet Holmgren;Jalen Williams;Luguentz Dort;Cason Wallace;Ajay Mitchell;Isaiah Hartenstein;Aaron Wiggins;Isaiah Joe;Jaylin Williams;Alex Caruso;Jared McCain;Nikola Topić;Payton Sandfort;Kenrich Williams;Branden Carlson;Ousmane Dieng;Brooks Barnhizer;Chris Youngblood;Buddy Boeheim
2026,Boston Celtics,Cleveland Cavaliers,109,98,Derrick White;Jayson Tatum;Payton Pritchard;Neemias Queta;Sam Hauser;Anfernee Simons;Nikola Vučević;Baylor Scheierman;Jordan Walsh;Luka Garza;Josh Minott;Hugo González;Dalano Banton;Ron Harper Jr.;Chris Boucher;Xavier Tillman Sr.;John Tonje;Amari Williams;Charles Bassey;Max Shulga,Donovan Mitchell;Evan Mobley;Darius Garland;Jarrett Allen;Jaylon Tyson;Sam Merrill;De'Andre Hunter;Keon Ellis;Max Strus;Dean Wade;Dennis Schröder;Lonzo Ball;Craig Porter Jr.;Nae'Qwan Tomlin;Larry Nance Jr.;Thomas Bryant;Tyrese Proctor;Olivier Sarr;Tristan Enaruna;Luke Travers;Riley Minix;Chris Livingston;Darius Brown II
2026,New York Knicks,Los Angeles Lakers,97,110,OG Anunoby;Mikal Bridges;Karl-Anthony Towns;Josh Hart;Miles McBride;Landry Shamet;Mitchell Robinson;Jordan Clarkson;Jose Alvarado;Tyler Kolek;Mohamed Diawara;Ariel Hukporti;Guerschon Yabusele;Kevin McCullar Jr.;Jeremy Sochan;Trey Jemison;Dillon Jones;Pacôme Dadiet;Tosan Evbuomwan,Austin Reaves;LeBron James;Marcus Smart;Rui Hachimura;Deandre Ayton;Jake LaRavia;Luke Kennard;Gabe Vincent;Jaxson Hayes;Jarred Vanderbilt;Nick Smith Jr.;Maxi Kleber;Dalton Knecht;Bronny James;Drew Timme;Kobe Bufkin;Adou Thiero;Chris Mañon;Christian Koloko
2026,Detroit Pistons,Miami Heat,110,121,Jalen Duren;Tobias Harris;Duncan Robinson;Ausar Thompson;Isaiah Stewart;Kevin Huerter;Daniss Jenkins;Ron Holland;Caris LeVert;Javonte Green;Jaden Ivey;Paul Reed;Marcus Sasser;Wendell Moore Jr.;Tolu Smith;Chaz Lanier;Colby Jones;Bobi Klintman;Isaac Jones,Tyler Herro;Andrew Wiggins;Norman Powell;Davion Mitchell;Jaime Jaquez Jr.;Pelle Larsson;Kel'el Ware;Kasparas Jakučionis;Nikola Jović;Simone Fontecchio;Dru Smith;Myron Gardner;Keshad Johnson;Jahmir Young;Vladislav Goldin;Trevor Keels
2026,Dallas Mavericks,Toronto Raptors,92,122,Anthony Davis;P.J. Washington;Naji Marshall;Max Christie;Brandon Williams;Klay Thompson;Daniel Gafford;Marvin Bagley III;Khris Middleton;Ryan Nembhard;John Poulakidas;D'Angelo Russell;Tyus Jones;Dereck Lively II;Caleb Martin;Dwight Powell;Moussa Cisse;Tyler Smith;Jaden Hardy;Jeremiah Robinson-Earl;AJ Johnson;Miles Kelly,Scottie Barnes;Immanuel Quickley;RJ Barrett;Jakob Poeltl;Jamal Shead;Collin Murray-Boyles;Sandro Mamukelashvili;Ja'Kobe Walter;Ochai Agbaji;Gradey Dick;A.J. Lawson;Jamison Battle;Markelle Fultz;Chucky Hepburn;Alijah Martin;Jonathan Mogbo;Trayce Jackson-Davis;Garrett Temple;Mo Bamba
2026,Washington Wizards,New Orleans Pelicans,118,138,CJ McCollum;Kyshawn George;Leaky Black;Bub Carrington;Alex Sarr;Bilal Coulibaly;Alondes Williams;Khris Middleton;Tre Johnson;Kadary Richmond;Will Riley;Trae Young;Jamir Watkins;Jaden Hardy;Justin Champagnie;Corey Kispert;Marvin Bagley III;Anthony Gill;Sharife Cooper;Cam Whitmore;Keshon Gilbert;Tristan Vukcevic;Skal Labissière;Malaki Branham;AJ Johnson,Saddiq Bey;Zion Williamson;Herbert Jones;Dejounte Murray;Josh Oduro;Jeremiah Fears;Derik Queen;Jordan Poole;Jose Alvarado;Bryce McGowens;Yves Missi;DeAndre Jordan;Micah Peavy;Karlo Matković;Kevon Looney;Jordan Hawkins;Trey Alexander;Hunter Dickinson
2026,Orlando Magic,Milwaukee Bucks,130,91,Desmond Bane;Franz Wagner;Anthony Black;Wendell Carter Jr.;Jalen Suggs;Tristan Da Silva;Jevon Carter;Tyus Jones;Goga Bitadze;Noah Penda;Jett Howard;Jamal Cain;Moritz Wagner;Jase Richardson;Jonathan Isaac;Orlando Robinson;Alex Morales;Colin Castleton,Ryan Rollins;A.J. Green;Giannis Antetokounmpo;Myles Turner;Ousmane Dieng;Kyle Kuzma;Cormac Ryan;Bobby Portis;Taurean Prince;Gary Trent Jr.;Jericho Sims;Cam Thomas;Pete Nance;Cole Anthony;Gary Harris;Amir Coffey;Andre Jackson Jr.;Thanasis Antetokounmpo;Mark Sears;Alex Antetokounmpo
2026,Houston Rockets,San Antonio Spurs,120,145,Kevin Durant;Jabari Smith Jr.;Alperen Şengün;Reed Sheppard;Tari Eason;Steven Adams;Josh Okogie;Dorian Finney-Smith;Aaron Holiday;Clint Capela;Tristen Newton;Jae'Sean Tate;JD Davison;Isaiah Crawford;Jeff Green,Devin Vassell;Stephon Castle;Victor Wembanyama;Julian Champagnie;Harrison Barnes;Keldon Johnson;Dylan Harper;Luke Kornet;Jeremy Sochan;Carter Bryant;Kelly Olynyk;Mason Plumlee;Lindy Waters III;Jordan McLaughlin;David Jones García;Bismack Biyombo;Harrison Ingram;Stanley Umude;Riley Minix
2026,Indiana Pacers,Portland Trail Blazers,111,131,Bennedict Mathurin;Andrew Nembhard;Aaron Nesmith;Jarace Walker;Kobe Brown;Jalen Slawson;Ivica Zubac;Ben Sheppard;Jay Huff;Ethan Thompson;Micah Potter;Johnny Furphy;Quenton Jackson;Obi Toppin;Jeremiah Robinson-Earl;T.J. McConnell;Isaiah Jackson;Kam Jones;James Wiseman;Cody Martin;Garrison Mathews;Taelon Peter;RayJ Dennis;Mac McClung;Tony Bradley;Monte Morris,Deni Avdija;Jerami Grant;Shaedon Sharpe;Jrue Holiday;Donovan Clingan;Scoot Henderson;Kris Murray;Caleb Love;Vít Krejčí;Sidy Cissoko;Robert Williams;Matisse Thybulle;Rayan Rupert;Blake Wesley;Duop Reath;Yang Hansen;Chris Youngblood;Javonte Cooke;Jayson Kent
2026,Chicago Bulls,Sacramento Kings,110,126,Nikola Vučević;Matas Buzelis;Coby White;Jaden Ivey;Anfernee Simons;Tre Jones;Isaac Okoro;Ayo Dosunmu;Collin Sexton;Guerschon Yabusele;Kevin Huerter;Leonard Miller;Mouhamadou Gueye;Nick Richards;Rob Dillingham;Jalen Smith;Patrick Williams;Zach Collins;Mac McClung;Yuki Kawamura;Dalen Terry;Jevon Carter;Julian Phillips;Lachlan Olbrich;Emanuel Miller;Trentyn Flowers;Noa Essengue,Zach LaVine;DeMar DeRozan;Domantas Sabonis;Russell Westbrook;Maxime Raynaud;Daeqwon Plowden;Dennis Schröder;De'Andre Hunter;Nique Clifford;Precious Achiuwa;Malik Monk;Dylan Cardwell;DaQuan Jeffries;Devin Carter;Killian Hayes;Keon Ellis;Doug McDermott;Patrick Baldwin Jr.;Isaiah Stevens;Drew Eubanks;Dario Šarić;Isaac Jones
2026,Charlotte Hornets,Phoenix Suns,99,111,Miles Bridges;Brandon Miller;LaMelo Ball;Moussa Diabaté;Sion James;Collin Sexton;Ryan Kalkbrenner;Grant Williams;Coby White;KJ Simpson;Josh Green;PJ Hall;Tidjane Salaün;Tre Mann;Liam McNeeley;Drew Peterson;Mason Plumlee;Pat Connaughton;Antonio Reeves;Xavier Tillman Sr.,Dillon Brooks;Grayson Allen;Collin Gillespie;Royce O'Neale;Jalen Green;Mark Williams;Jordan Goodwin;Oso Ighodaro;Ryan Dunn;Amir Coffey;Jamaree Bouyea;Haywood Highsmith;Rasheer Fleming;CJ Huntley;Isaiah Livers;Nick Richards;Khaman Maluach;Nigel Hayes-Davis;Koby Brea
2026,Philadelphia 76ers,Cleveland Cavaliers,101,115,VJ Edgecombe;Joel Embiid;Kelly Oubre Jr.;Paul George;Quentin Grimes;Dominick Barlow;Andre Drummond;Adem Bona;Cameron Payne;Jared McCain;Trendon Watford;Justin Edwards;MarJon Beauchamp;Dalen Terry;Eric Gordon;Jabari Walker;Tyrese Martin;Kyle Lowry;Johni Broome;Charles Bassey;Hunter Sallis;Patrick Baldwin Jr.,Donovan Mitchell;Evan Mobley;Darius Garland;Jarrett Allen;Jaylon Tyson;Sam Merrill;De'Andre Hunter;Keon Ellis;Max Strus;Dean Wade;Dennis Schröder;Lonzo Ball;Craig Porter Jr.;Nae'Qwan Tomlin;Larry Nance Jr.;Thomas Bryant;Tyrese Proctor;Olivier Sarr;Tristan Enaruna;Luke Travers;Riley Minix;Chris Livingston;Darius Brown II
2026,Memphis Grizzlies,Brooklyn Nets,115,126,Lucas Williamson;Rayan Rupert;Jaren Jackson Jr.;Dariq Whitehead;Adama-Alpha Bal;Ja Morant;Santi Aldama;Jaylen Wells;Zach Edey;Cedric Coward;Tyler Burton;Walter Clayton;Lawson Lovering;Taylor Hendricks;Cam Spencer;Jock Landale;Ty Jerome;Kyle Anderson;Jahmai Mashack;Vince Williams Jr.;GG Jackson II;Kentavious Caldwell-Pope;Scotty Pippen Jr.;DeJon Jarreau;Javon Small;Olivier-Maxence Prosper;Christian Koloko;Charles Bassey;John Konchar;Brandon Clarke;Taj Gibson;PJ Hall,Tre Scott;Nic Claxton;Noah Clowney;Egor Dёmin;Terance Mann;Cam Thomas;Malachi Smith;Ziaire Williams;Nolan Traoré;Drake Powell;Danny Wolf;Ben Saraf;Chaney Johnson;Josh Minott;Tyrese Martin;Day'Ron Sharpe;Ochai Agbaji;Jalen Wilson;Tyson Etienne;E.J. Liddell;Grant Nelson
2026,Denver Nuggets,Oklahoma City Thunder,126,129,Nikola Jokić;Christian Braun;Cameron Johnson;Peyton Watson;Aaron Gordon;Tim Hardaway Jr.;Bruce Brown;Spencer Jones;Jalen Pickett;Julian Strawther;David Roddy;Jonas Valančiūnas;Zeke Nnaji;Curtis Jones;Tyus Jones;DaRon Holmes;Hunter Tyson;KJ Simpson,Chet Holmgren;Jalen Williams;Luguentz Dort;Cason Wallace;Ajay Mitchell;Isaiah Hartenstein;Aaron Wiggins;Isaiah Joe;Jaylin Williams;Alex Caruso;Jared McCain;Nikola Topić;Payton Sandfort;Kenrich Williams;Branden Carlson;Ousmane Dieng;Brooks Barnhizer;Chris Youngblood;Buddy Boeheim
2026,Golden State Warriors,Utah Jazz,116,119,Stephen Curry;Brandin Podziemski;Draymond Green;Moses Moody;Jonathan Kuminga;Kristaps Porziņģis;De'Anthony Melton;Al Horford;Gui Santos;Charles Bassey;Will Richard;Pat Spencer;Buddy Hield;Quinten Post;Nate Williams;LJ Cryer;Gary Payton II;Seth Curry;Omer Yurtseven;Trayce Jackson-Davis;Malevy Leons,Andersson Garcia;Keyonte George;Bez Mbeng;Kennedy Chandler;Walker Kessler;Ace Bailey;Jusuf Nurkić;John Konchar;Isaiah Collier;Hayden Gray;Cody Williams;Jaren Jackson Jr.;Brice Sensabaugh;Kyle Filipowski;Svi Mykhailiuk;Elijah Harkless;Blake Hinson;Kyle Anderson;Mo Bamba;Walter Clayton;Kevin Love;Oscar Tshiebwe;Taylor Hendricks;Vince Williams Jr.
2026,New York Knicks,Los Angeles Clippers,118,126,OG Anunoby;Mikal Bridges;Karl-Anthony Towns;Josh Hart;Miles McBride;Landry Shamet;Mitchell Robinson;Jordan Clarkson;Jose Alvarado;Tyler Kolek;Mohamed Diawara;Ariel Hukporti;Guerschon Yabusele;Kevin McCullar Jr.;Jeremy Sochan;Trey Jemison;Dillon Jones;Pacôme Dadiet;Tosan Evbuomwan,Kawhi Leonard;Ivica Zubac;Darius Garland;Bennedict Mathurin;Kris Dunn;John Collins;Derrick Jones Jr.;Jordan Miller;Brook Lopez;Bradley Beal;Kobe Sanders;Bogdan Bogdanović;Nicolas Batum;Isaiah Jackson;Chris Paul;Yanic Konan Niederhäuser;Cam Christie;Kobe Brown;Patrick Baldwin Jr.;TyTy Washington Jr.;Dalano Banton;Sean Pedulla;Norchad Omier;RayJ Dennis;Jahmyl Telfort
2026,Memphis Grizzlies,Philadelphia 76ers,129,139,Lucas Williamson;Rayan Rupert;Jaren Jackson Jr.;Dariq Whitehead;Adama-Alpha Bal;Ja Morant;Santi Aldama;Jaylen Wells;Zach Edey;Cedric Coward;Tyler Burton;Walter Clayton;Lawson Lovering;Taylor Hendricks;Cam Spencer;Jock Landale;Ty Jerome;Kyle Anderson;Jahmai Mashack;Vince Williams Jr.;GG Jackson II;Kentavious Caldwell-Pope;Scotty Pippen Jr.;DeJon Jarreau;Javon Small;Olivier-Maxence Prosper;Christian Koloko;Charles Bassey;John Konchar;Brandon Clarke;Taj Gibson;PJ Hall,VJ Edgecombe;Joel Embiid;Kelly Oubre Jr.;Paul George;Quentin Grimes;Dominick Barlow;Andre Drummond;Adem Bona;Cameron Payne;Jared McCain;Trendon Watford;Justin Edwards;MarJon Beauchamp;Dalen Terry;Eric Gordon;Jabari Walker;Tyrese Martin;Kyle Lowry;Johni Broome;Charles Bassey;Hunter Sallis;Patrick Baldwin Jr.
2026,Dallas Mavericks,Atlanta Hawks,112,124,Anthony Davis;P.J. Washington;Naji Marshall;Max Christie;Brandon Williams;Klay Thompson;Daniel Gafford;Marvin Bagley III;Khris Middleton;Ryan Nembhard;John Poulakidas;D'Angelo Russell;Tyus Jones;Dereck Lively II;Caleb Martin;Dwight Powell;Moussa Cisse;Tyler Smith;Jaden Hardy;Jeremiah Robinson-Earl;AJ Johnson;Miles Kelly,Nickeil Alexander-Walker;Dyson Daniels;Onyeka Okongwu;CJ McCollum;Trae Young;Keshon Gilbert;Kristaps Porziņģis;Zaccharie Risacher;Vít Krejčí;Jonathan Kuminga;Luke Kennard;Jock Landale;Corey Kispert;Mouhamed Gueye;Gabe Vincent;Asa Newell;RayJ Dennis;Tony Bradley;Christian Koloko;Keaton Wallace;Buddy Hield;Caleb Houstan;N'Faly Dante;Jacob Toppin
2026,Detroit Pistons,Brooklyn Nets,138,100,Jalen Duren;Tobias Harris;Duncan Robinson;Ausar Thompson;Isaiah Stewart;Kevin Huerter;Daniss Jenkins;Ron Holland;Caris LeVert;Javonte Green;Jaden Ivey;Paul Reed;Marcus Sasser;Wendell Moore Jr.;Tolu Smith;Chaz Lanier;Colby Jones;Bobi Klintman;Isaac Jones,Tre Scott;Nic Claxton;Noah Clowney;Egor Dёmin;Terance Mann;Cam Thomas;Malachi Smith;Ziaire Williams;Nolan Traoré;Drake Powell;Danny Wolf;Ben Saraf;Chaney Johnson;Josh Minott;Tyrese Martin;Day'Ron Sharpe;Ochai Agbaji;Jalen Wilson;Tyson Etienne;E.J. Liddell;Grant Nelson
2026,Washington Wizards,Miami Heat,129,150,CJ McCollum;Kyshawn George;Leaky Black;Bub Carrington;Alex Sarr;Bilal Coulibaly;Alondes Williams;Khris Middleton;Tre Johnson;Kadary Richmond;Will Riley;Trae Young;Jamir Watkins;Jaden Hardy;Justin Champagnie;Corey Kispert;Marvin Bagley III;Anthony Gill;Sharife Cooper;Cam Whitmore;Keshon Gilbert;Tristan Vukcevic;Skal Labissière;Malaki Branham;AJ Johnson,Tyler Herro;Andrew Wiggins;Norman Powell;Davion Mitchell;Jaime Jaquez Jr.;Pelle Larsson;Kel'el Ware;Kasparas Jakučionis;Nikola Jović;Simone Fontecchio;Dru Smith;Myron Gardner;Keshad Johnson;Jahmir Young;Vladislav Goldin;Trevor Keels
2026,Toronto Raptors,Houston Rockets,99,113,Scottie Barnes;Immanuel Quickley;RJ Barrett;Jakob Poeltl;Jamal Shead;Collin Murray-Boyles;Sandro Mamukelashvili;Ja'Kobe Walter;Ochai Agbaji;Gradey Dick;A.J. Lawson;Jamison Battle;Markelle Fultz;Chucky Hepburn;Alijah Martin;Jonathan Mogbo;Trayce Jackson-Davis;Garrett Temple;Mo Bamba,Kevin Durant;Jabari Smith Jr.;Alperen Şengün;Reed Sheppard;Tari Eason;Steven Adams;Josh Okogie;Dorian Finney-Smith;Aaron Holiday;Clint Capela;Tristen Newton;Jae'Sean Tate;JD Davison;Isaiah Crawford;Jeff Green
2026,Phoenix Suns,Milwaukee Bucks,129,114,Dillon Brooks;Grayson Allen;Collin Gillespie;Royce O'Neale;Jalen Green;Mark Williams;Jordan Goodwin;Oso Ighodaro;Ryan Dunn;Amir Coffey;Jamaree Bouyea;Haywood Highsmith;Rasheer Fleming;CJ Huntley;Isaiah Livers;Nick Richards;Khaman Maluach;Nigel Hayes-Davis;Koby Brea,Ryan Rollins;A.J. Green;Giannis Antetokounmpo;Myles Turner;Ousmane Dieng;Kyle Kuzma;Cormac Ryan;Bobby Portis;Taurean Prince;Gary Trent Jr.;Jericho Sims;Cam Thomas;Pete Nance;Cole Anthony;Gary Harris;Amir Coffey;Andre Jackson Jr.;Thanasis Antetokounmpo;Mark Sears;Alex Antetokounmpo
2026,Boston Celtics,San Antonio Spurs,116,125,Derrick White;Jayson Tatum;Payton Pritchard;Neemias Queta;Sam Hauser;Anfernee Simons;Nikola Vučević;Baylor Scheierman;Jordan Walsh;Luka Garza;Josh Minott;Hugo González;Dalano Banton;Ron Harper Jr.;Chris Boucher;Xavier Tillman Sr.;John Tonje;Amari Williams;Charles Bassey;Max Shulga,Devin Vassell;Stephon Castle;Victor Wembanyama;Julian Champagnie;Harrison Barnes;Keldon Johnson;Dylan Harper;Luke Kornet;Jeremy Sochan;Carter Bryant;Kelly Olynyk;Mason Plumlee;Lindy Waters III;Jordan McLaughlin;David Jones García;Bismack Biyombo;Harrison Ingram;Stanley Umude;Riley Minix
2026,Chicago Bulls,Golden State Warriors,130,124,Nikola Vučević;Matas Buzelis;Coby White;Jaden Ivey;Anfernee Simons;Tre Jones;Isaac Okoro;Ayo Dosunmu;Collin Sexton;Guerschon Yabusele;Kevin Huerter;Leonard Miller;Mouhamadou Gueye;Nick Richards;Rob Dillingham;Jalen Smith;Patrick Williams;Zach Collins;Mac McClung;Yuki Kawamura;Dalen Terry;Jevon Carter;Julian Phillips;Lachlan Olbrich;Emanuel Miller;Trentyn Flowers;Noa Essengue,Stephen Curry;Brandin Podziemski;Draymond Green;Moses Moody;Jonathan Kuminga;Kristaps Porziņģis;De'Anthony Melton;Al Horford;Gui Santos;Charles Bassey;Will Richard;Pat Spencer;Buddy Hield;Quinten Post;Nate Williams;LJ Cryer;Gary Payton II;Seth Curry;Omer Yurtseven;Trayce Jackson-Davis;Malevy Leons
2026,Charlotte Hornets,Portland Trail Blazers,103,101,Miles Bridges;Brandon Miller;LaMelo Ball;Moussa Diabaté;Sion James;Collin Sexton;Ryan Kalkbrenner;Grant Williams;Coby White;KJ Simpson;Josh Green;PJ Hall;Tidjane Salaün;Tre Mann;Liam McNeeley;Drew Peterson;Mason Plumlee;Pat Connaughton;Antonio Reeves;Xavier Tillman Sr.,Deni Avdija;Jerami Grant;Shaedon Sharpe;Jrue Holiday;Donovan Clingan;Scoot Henderson;Kris Murray;Caleb Love;Vít Krejčí;Sidy Cissoko;Robert Williams;Matisse Thybulle;Rayan Rupert;Blake Wesley;Duop Reath;Yang Hansen;Chris Youngblood;Javonte Cooke;Jayson Kent
2026,Indiana Pacers,Sacramento Kings,109,114,Bennedict Mathurin;Andrew Nembhard;Aaron Nesmith;Jarace Walker;Kobe Brown;Jalen Slawson;Ivica Zubac;Ben Sheppard;Jay Huff;Ethan Thompson;Micah Potter;Johnny Furphy;Quenton Jackson;Obi Toppin;Jeremiah Robinson-Earl;T.J. McConnell;Isaiah Jackson;Kam Jones;James Wiseman;Cody Martin;Garrison Mathews;Taelon Peter;RayJ Dennis;Mac McClung;Tony Bradley;Monte Morris,Zach LaVine;DeMar DeRozan;Domantas Sabonis;Russell Westbrook;Maxime Raynaud;Daeqwon Plowden;Dennis Schröder;De'Andre Hunter;Nique Clifford;Precious Achiuwa;Malik Monk;Dylan Cardwell;DaQuan Jeffries;Devin Carter;Killian Hayes;Keon Ellis;Doug McDermott;Patrick Baldwin Jr.;Isaiah Stevens;Drew Eubanks;Dario Šarić;Isaac Jones
2026,Minnesota Timberwolves,Los Angeles Lakers,106,120,Julius Randle;Jaden McDaniels;Rudy Gobert;Donte DiVincenzo;Ayo Dosunmu;Naz Reid;Kyle Anderson;Mike Conley;Bones Hyland;Jaylen Clark;Terrence Shannon Jr.;Rob Dillingham;Enrique Freeman;Zyon Pullin;Joan Beringer;Julian Phillips;Rocco Zikarsky;Joe Ingles;Leonard Miller;Johnny Juzang,Austin Reaves;LeBron James;Marcus Smart;Rui Hachimura;Deandre Ayton;Jake LaRavia;Luke Kennard;Gabe Vincent;Jaxson Hayes;Jarred Vanderbilt;Nick Smith Jr.;Maxi Kleber;Dalton Knecht;Bronny James;Drew Timme;Kobe Bufkin;Adou Thiero;Chris Mañon;Christian Koloko
2026,Cleveland Cavaliers,Orlando Magic,122,128,Donovan Mitchell;Evan Mobley;Darius Garland;Jarrett Allen;Jaylon Tyson;Sam Merrill;De'Andre Hunter;Keon Ellis;Max Strus;Dean Wade;Dennis Schröder;Lonzo Ball;Craig Porter Jr.;Nae'Qwan Tomlin;Larry Nance Jr.;Thomas Bryant;Tyrese Proctor;Olivier Sarr;Tristan Enaruna;Luke Travers;Riley Minix;Chris Livingston;Darius Brown II,Desmond Bane;Franz Wagner;Anthony Black;Wendell Carter Jr.;Jalen Suggs;Tristan Da Silva;Jevon Carter;Tyus Jones;Goga Bitadze;Noah Penda;Jett Howard;Jamal Cain;Moritz Wagner;Jase Richardson;Jonathan Isaac;Orlando Robinson;Alex Morales;Colin Castleton
2026,Toronto Raptors,New Orleans Pelicans,111,122,Scottie Barnes;Immanuel Quickley;RJ Barrett;Jakob Poeltl;Jamal Shead;Collin Murray-Boyles;Sandro Mamukelashvili;Ja'Kobe Walter;Ochai Agbaji;Gradey Dick;A.J. Lawson;Jamison Battle;Markelle Fultz;Chucky Hepburn;Alijah Martin;Jonathan Mogbo;Trayce Jackson-Davis;Garrett Temple;Mo Bamba,Saddiq Bey;Zion Williamson;Herbert Jones;Dejounte Murray;Josh Oduro;Jeremiah Fears;Derik Queen;Jordan Poole;Jose Alvarado;Bryce McGowens;Yves Missi;DeAndre Jordan;Micah Peavy;Karlo Matković;Kevon Looney;Jordan Hawkins;Trey Alexander;Hunter Dickinson
2026,New York Knicks,Utah Jazz,134,117,OG Anunoby;Mikal Bridges;Karl-Anthony Towns;Josh Hart;Miles McBride;Landry Shamet;Mitchell Robinson;Jordan Clarkson;Jose Alvarado;Tyler Kolek;Mohamed Diawara;Ariel Hukporti;Guerschon Yabusele;Kevin McCullar Jr.;Jeremy Sochan;Trey Jemison;Dillon Jones;Pacôme Dadiet;Tosan Evbuomwan,Andersson Garcia;Keyonte George;Bez Mbeng;Kennedy Chandler;Walker Kessler;Ace Bailey;Jusuf Nurkić;John Konchar;Isaiah Collier;Hayden Gray;Cody Williams;Jaren Jackson Jr.;Brice Sensabaugh;Kyle Filipowski;Svi Mykhailiuk;Elijah Harkless;Blake Hinson;Kyle Anderson;Mo Bamba;Walter Clayton;Kevin Love;Oscar Tshiebwe;Taylor Hendricks;Vince Williams Jr.
2026,Houston Rockets,Denver Nuggets,93,129,Kevin Durant;Jabari Smith Jr.;Alperen Şengün;Reed Sheppard;Tari Eason;Steven Adams;Josh Okogie;Dorian Finney-Smith;Aaron Holiday;Clint Capela;Tristen Newton;Jae'Sean Tate;JD Davison;Isaiah Crawford;Jeff Green,Nikola Jokić;Christian Braun;Cameron Johnson;Peyton Watson;Aaron Gordon;Tim Hardaway Jr.;Bruce Brown;Spencer Jones;Jalen Pickett;Julian Strawther;David Roddy;Jonas Valančiūnas;Zeke Nnaji;Curtis Jones;Tyus Jones;DaRon Holmes;Hunter Tyson;KJ Simpson
2026,Charlotte Hornets,Sacramento Kings,117,109,Miles Bridges;Brandon Miller;LaMelo Ball;Moussa Diabaté;Sion James;Collin Sexton;Ryan Kalkbrenner;Grant Williams;Coby White;KJ Simpson;Josh Green;PJ Hall;Tidjane Salaün;Tre Mann;Liam McNeeley;Drew Peterson;Mason Plumlee;Pat Connaughton;Antonio Reeves;Xavier Tillman Sr.,Zach LaVine;DeMar DeRozan;Domantas Sabonis;Russell Westbrook;Maxime Raynaud;Daeqwon Plowden;Dennis Schröder;De'Andre Hunter;Nique Clifford;Precious Achiuwa;Malik Monk;Dylan Cardwell;DaQuan Jeffries;Devin Carter;Killian Hayes;Keon Ellis;Doug McDermott;Patrick Baldwin Jr.;Isaiah Stevens;Drew Eubanks;Dario Šarić;Isaac Jones
2026,Minnesota Timberwolves,Los Angeles Clippers,128,153,Julius Randle;Jaden McDaniels;Rudy Gobert;Donte DiVincenzo;Ayo Dosunmu;Naz Reid;Kyle Anderson;Mike Conley;Bones Hyland;Jaylen Clark;Terrence Shannon Jr.;Rob Dillingham;Enrique Freeman;Zyon Pullin;Joan Beringer;Julian Phillips;Rocco Zikarsky;Joe Ingles;Leonard Miller;Johnny Juzang,Kawhi Leonard;Ivica Zubac;Darius Garland;Bennedict Mathurin;Kris Dunn;John Collins;Derrick Jones Jr.;Jordan Miller;Brook Lopez;Bradley Beal;Kobe Sanders;Bogdan Bogdanović;Nicolas Batum;Isaiah Jackson;Chris Paul;Yanic Konan Niederhäuser;Cam Christie;Kobe Brown;Patrick Baldwin Jr.;TyTy Washington Jr.;Dalano Banton;Sean Pedulla;Norchad Omier;RayJ Dennis;Jahmyl Telfort
2026,Philadelphia 76ers,Detroit Pistons,109,131,VJ Edgecombe;Joel Embiid;Kelly Oubre Jr.;Paul George;Quentin Grimes;Dominick Barlow;Andre Drummond;Adem Bona;Cameron Payne;Jared McCain;Trendon Watford;Justin Edwards;MarJon Beauchamp;Dalen Terry;Eric Gordon;Jabari Walker;Tyrese Martin;Kyle Lowry;Johni Broome;Charles Bassey;Hunter Sallis;Patrick Baldwin Jr.,Jalen Duren;Tobias Harris;Duncan Robinson;Ausar Thompson;Isaiah Stewart;Kevin Huerter;Daniss Jenkins;Ron Holland;Caris LeVert;Javonte Green;Jaden Ivey;Paul Reed;Marcus Sasser;Wendell Moore Jr.;Tolu Smith;Chaz Lanier;Colby Jones;Bobi Klintman;Isaac Jones
2026,Phoenix Suns,Indiana Pacers,123,108,Dillon Brooks;Grayson Allen;Collin Gillespie;Royce O'Neale;Jalen Green;Mark Williams;Jordan Goodwin;Oso Ighodaro;Ryan Dunn;Amir Coffey;Jamaree Bouyea;Haywood Highsmith;Rasheer Fleming;CJ Huntley;Isaiah Livers;Nick Richards;Khaman Maluach;Nigel Hayes-Davis;Koby Brea,Bennedict Mathurin;Andrew Nembhard;Aaron Nesmith;Jarace Walker;Kobe Brown;Jalen Slawson;Ivica Zubac;Ben Sheppard;Jay Huff;Ethan Thompson;Micah Potter;Johnny Furphy;Quenton Jackson;Obi Toppin;Jeremiah Robinson-Earl;T.J. McConnell;Isaiah Jackson;Kam Jones;James Wiseman;Cody Martin;Garrison Mathews;Taelon Peter;RayJ Dennis;Mac McClung;Tony Bradley;Monte Morris
2026,Washington Wizards,Orlando Magic,131,136,CJ McCollum;Kyshawn George;Leaky Black;Bub Carrington;Alex Sarr;Bilal Coulibaly;Alondes Williams;Khris Middleton;Tre Johnson;Kadary Richmond;Will Riley;Trae Young;Jamir Watkins;Jaden Hardy;Justin Champagnie;Corey Kispert;Marvin Bagley III;Anthony Gill;Sharife Cooper;Cam Whitmore;Keshon Gilbert;Tristan Vukcevic;Skal Labissière;Malaki Branham;AJ Johnson,Desmond Bane;Franz Wagner;Anthony Black;Wendell Carter Jr.;Jalen Suggs;Tristan Da Silva;Jevon Carter;Tyus Jones;Goga Bitadze;Noah Penda;Jett Howard;Jamal Cain;Moritz Wagner;Jase Richardson;Jonathan Isaac;Orlando Robinson;Alex Morales;Colin Castleton
2026,Brooklyn Nets,Atlanta Hawks,97,108,Tre Scott;Nic Claxton;Noah Clowney;Egor Dёmin;Terance Mann;Cam Thomas;Malachi Smith;Ziaire Williams;Nolan Traoré;Drake Powell;Danny Wolf;Ben Saraf;Chaney Johnson;Josh Minott;Tyrese Martin;Day'Ron Sharpe;Ochai Agbaji;Jalen Wilson;Tyson Etienne;E.J. Liddell;Grant Nelson,Nickeil Alexander-Walker;Dyson Daniels;Onyeka Okongwu;CJ McCollum;Trae Young;Keshon Gilbert;Kristaps Porziņģis;Zaccharie Risacher;Vít Krejčí;Jonathan Kuminga;Luke Kennard;Jock Landale;Corey Kispert;Mouhamed Gueye;Gabe Vincent;Asa Newell;RayJ Dennis;Tony Bradley;Christian Koloko;Keaton Wallace;Buddy Hield;Caleb Houstan;N'Faly Dante;Jacob Toppin
2026,Milwaukee Bucks,Miami Heat,105,112,Ryan Rollins;A.J. Green;Giannis Antetokounmpo;Myles Turner;Ousmane Dieng;Kyle Kuzma;Cormac Ryan;Bobby Portis;Taurean Prince;Gary Trent Jr.;Jericho Sims;Cam Thomas;Pete Nance;Cole Anthony;Gary Harris;Amir Coffey;Andre Jackson Jr.;Thanasis Antetokounmpo;Mark Sears;Alex Antetokounmpo,Tyler Herro;Andrew Wiggins;Norman Powell;Davion Mitchell;Jaime Jaquez Jr.;Pelle Larsson;Kel'el Ware;Kasparas Jakučionis;Nikola Jović;Simone Fontecchio;Dru Smith;Myron Gardner;Keshad Johnson;Jahmir Young;Vladislav Goldin;Trevor Keels
2026,Dallas Mavericks,Memphis Grizzlies,120,112,Anthony Davis;P.J. Washington;Naji Marshall;Max Christie;Brandon Williams;Klay Thompson;Daniel Gafford;Marvin Bagley III;Khris Middleton;Ryan Nembhard;John Poulakidas;D'Angelo Russell;Tyus Jones;Dereck Lively II;Caleb Martin;Dwight Powell;Moussa Cisse;Tyler Smith;Jaden Hardy;Jeremiah Robinson-Earl;AJ Johnson;Miles Kelly,Lucas Williamson;Rayan Rupert;Jaren Jackson Jr.;Dariq Whitehead;Adama-Alpha Bal;Ja Morant;Santi Aldama;Jaylen Wells;Zach Edey;Cedric Coward;Tyler Burton;Walter Clayton;Lawson Lovering;Taylor Hendricks;Cam Spencer;Jock Landale;Ty Jerome;Kyle Anderson;Jahmai Mashack;Vince Williams Jr.;GG Jackson II;Kentavious Caldwell-Pope;Scotty Pippen Jr.;DeJon Jarreau;Javon Small;Olivier-Maxence Prosper;Christian Koloko;Charles Bassey;John Konchar;Brandon Clarke;Taj Gibson;PJ Hall
2026,Denver Nuggets,San Antonio Spurs,136,131,Nikola Jokić;Christian Braun;Cameron Johnson;Peyton Watson;Aaron Gordon;Tim Hardaway Jr.;Bruce Brown;Spencer Jones;Jalen Pickett;Julian Strawther;David Roddy;Jonas Valančiūnas;Zeke Nnaji;Curtis Jones;Tyus Jones;DaRon Holmes;Hunter Tyson;KJ Simpson,Devin Vassell;Stephon Castle;Victor Wembanyama;Julian Champagnie;Harrison Barnes;Keldon Johnson;Dylan Harper;Luke Kornet;Jeremy Sochan;Carter Bryant;Kelly Olynyk;Mason Plumlee;Lindy Waters III;Jordan McLaughlin;David Jones García;Bismack Biyombo;Harrison Ingram;Stanley Umude;Riley Minix
2026,Boston Celtics,Oklahoma City Thunder,102,104,Derrick White;Jayson Tatum;Payton Pritchard;Neemias Queta;Sam Hauser;Anfernee Simons;Nikola Vučević;Baylor Scheierman;Jordan Walsh;Luka Garza;Josh Minott;Hugo González;Dalano Banton;Ron Harper Jr.;Chris Boucher;Xavier Tillman Sr.;John Tonje;Amari Williams;Charles Bassey;Max Shulga,Chet Holmgren;Jalen Williams;Luguentz Dort;Cason Wallace;Ajay Mitchell;Isaiah Hartenstein;Aaron Wiggins;Isaiah Joe;Jaylin Williams;Alex Caruso;Jared McCain;Nikola Topić;Payton Sandfort;Kenrich Williams;Branden Carlson;Ousmane Dieng;Brooks Barnhizer;Chris Youngblood;Buddy Boeheim
2026,Chicago Bulls,Los Angeles Lakers,130,142,Nikola Vučević;Matas Buzelis;Coby White;Jaden Ivey;Anfernee Simons;Tre Jones;Isaac Okoro;Ayo Dosunmu;Collin Sexton;Guerschon Yabusele;Kevin Huerter;Leonard Miller;Mouhamadou Gueye;Nick Richards;Rob Dillingham;Jalen Smith;Patrick Williams;Zach Collins;Mac McClung;Yuki Kawamura;Dalen Terry;Jevon Carter;Julian Phillips;Lachlan Olbrich;Emanuel Miller;Trentyn Flowers;Noa Essengue,Austin Reaves;LeBron James;Marcus Smart;Rui Hachimura;Deandre Ayton;Jake LaRavia;Luke Kennard;Gabe Vincent;Jaxson Hayes;Jarred Vanderbilt;Nick Smith Jr.;Maxi Kleber;Dalton Knecht;Bronny James;Drew Timme;Kobe Bufkin;Adou Thiero;Chris Mañon;Christian Koloko
2026,Cleveland Cavaliers,Dallas Mavericks,138,105,Donovan Mitchell;Evan Mobley;Darius Garland;Jarrett Allen;Jaylon Tyson;Sam Merrill;De'Andre Hunter;Keon Ellis;Max Strus;Dean Wade;Dennis Schröder;Lonzo Ball;Craig Porter Jr.;Nae'Qwan Tomlin;Larry Nance Jr.;Thomas Bryant;Tyrese Proctor;Olivier Sarr;Tristan Enaruna;Luke Travers;Riley Minix;Chris Livingston;Darius Brown II,Anthony Davis;P.J. Washington;Naji Marshall;Max Christie;Brandon Williams;Klay Thompson;Daniel Gafford;Marvin Bagley III;Khris Middleton;Ryan Nembhard;John Poulakidas;D'Angelo Russell;Tyus Jones;Dereck Lively II;Caleb Martin;Dwight Powell;Moussa Cisse;Tyler Smith;Jaden Hardy;Jeremiah Robinson-Earl;AJ Johnson;Miles Kelly
2026,Memphis Grizzlies,Detroit Pistons,110,126,Lucas Williamson;Rayan Rupert;Jaren Jackson Jr.;Dariq Whitehead;Adama-Alpha Bal;Ja Morant;Santi Aldama;Jaylen Wells;Zach Edey;Cedric Coward;Tyler Burton;Walter Clayton;Lawson Lovering;Taylor Hendricks;Cam Spencer;Jock Landale;Ty Jerome;Kyle Anderson;Jahmai Mashack;Vince Williams Jr.;GG Jackson II;Kentavious Caldwell-Pope;Scotty Pippen Jr.;DeJon Jarreau;Javon Small;Olivier-Maxence Prosper;Christian Koloko;Charles Bassey;John Konchar;Brandon Clarke;Taj Gibson;PJ Hall,Jalen Duren;Tobias Harris;Duncan Robinson;Ausar Thompson;Isaiah Stewart;Kevin Huerter;Daniss Jenkins;Ron Holland;Caris LeVert;Javonte Green;Jaden Ivey;Paul Reed;Marcus Sasser;Wendell Moore Jr.;Tolu Smith;Chaz Lanier;Colby Jones;Bobi Klintman;Isaac Jones
2026,New York Knicks,Indiana Pacers,101,92,OG Anunoby;Mikal Bridges;Karl-Anthony Towns;Josh Hart;Miles McBride;Landry Shamet;Mitchell Robinson;Jordan Clarkson;Jose Alvarado;Tyler Kolek;Mohamed Diawara;Ariel Hukporti;Guerschon Yabusele;Kevin McCullar Jr.;Jeremy Sochan;Trey Jemison;Dillon Jones;Pacôme Dadiet;Tosan Evbuomwan,Bennedict Mathurin;Andrew Nembhard;Aaron Nesmith;Jarace Walker;Kobe Brown;Jalen Slawson;Ivica Zubac;Ben Sheppard;Jay Huff;Ethan Thompson;Micah Potter;Johnny Furphy;Quenton Jackson;Obi Toppin;Jeremiah Robinson-Earl;T.J. McConnell;Isaiah Jackson;Kam Jones;James Wiseman;Cody Martin;Garrison Mathews;Taelon Peter;RayJ Dennis;Mac McClung;Tony Bradley;Monte Morris
2026,Phoenix Suns,Toronto Raptors,115,122,Dillon Brooks;Grayson Allen;Collin Gillespie;Royce O'Neale;Jalen Green;Mark Williams;Jordan Goodwin;Oso Ighodaro;Ryan Dunn;Amir Coffey;Jamaree Bouyea;Haywood Highsmith;Rasheer Fleming;CJ Huntley;Isaiah Livers;Nick Richards;Khaman Maluach;Nigel Hayes-Davis;Koby Brea,Scottie Barnes;Immanuel Quickley;RJ Barrett;Jakob Poeltl;Jamal Shead;Collin Murray-Boyles;Sandro Mamukelashvili;Ja'Kobe Walter;Ochai Agbaji;Gradey Dick;A.J. Lawson;Jamison Battle;Markelle Fultz;Chucky Hepburn;Alijah Martin;Jonathan Mogbo;Trayce Jackson-Davis;Garrett Temple;Mo Bamba
2026,New Orleans Pelicans,Houston Rockets,105,107,Saddiq Bey;Zion Williamson;Herbert Jones;Dejounte Murray;Josh Oduro;Jeremiah Fears;Derik Queen;Jordan Poole;Jose Alvarado;Bryce McGowens;Yves Missi;DeAndre Jordan;Micah Peavy;Karlo Matković;Kevon Looney;Jordan Hawkins;Trey Alexander;Hunter Dickinson,Kevin Durant;Jabari Smith Jr.;Alperen Şengün;Reed Sheppard;Tari Eason;Steven Adams;Josh Okogie;Dorian Finney-Smith;Aaron Holiday;Clint Capela;Tristen Newton;Jae'Sean Tate;JD Davison;Isaiah Crawford;Jeff Green
2026,Minnesota Timberwolves,Golden State Warriors,127,117,Julius Randle;Jaden McDaniels;Rudy Gobert;Donte DiVincenzo;Ayo Dosunmu;Naz Reid;Kyle Anderson;Mike Conley;Bones Hyland;Jaylen Clark;Terrence Shannon Jr.;Rob Dillingham;Enrique Freeman;Zyon Pullin;Joan Beringer;Julian Phillips;Rocco Zikarsky;Joe Ingles;Leonard Miller;Johnny Juzang,Stephen Curry;Brandin Podziemski;Draymond Green;Moses Moody;Jonathan Kuminga;Kristaps Porziņģis;De'Anthony Melton;Al Horford;Gui Santos;Charles Bassey;Will Richard;Pat Spencer;Buddy Hield;Quinten Post;Nate Williams;LJ Cryer;Gary Payton II;Seth Curry;Omer Yurtseven;Trayce Jackson-Davis;Malevy Leons
2026,Utah Jazz,Portland Trail Blazers,114,124,Andersson Garcia;Keyonte George;Bez Mbeng;Kennedy Chandler;Walker Kessler;Ace Bailey;Jusuf Nurkić;John Konchar;Isaiah Collier;Hayden Gray;Cody Williams;Jaren Jackson Jr.;Brice Sensabaugh;Kyle Filipowski;Svi Mykhailiuk;Elijah Harkless;Blake Hinson;Kyle Anderson;Mo Bamba;Walter Clayton;Kevin Love;Oscar Tshiebwe;Taylor Hendricks;Vince Williams Jr.,Deni Avdija;Jerami Grant;Shaedon Sharpe;Jrue Holiday;Donovan Clingan;Scoot Henderson;Kris Murray;Caleb Love;Vít Krejčí;Sidy Cissoko;Robert Williams;Matisse Thybulle;Rayan Rupert;Blake Wesley;Duop Reath;Yang Hansen;Chris Youngblood;Javonte Cooke;Jayson Kent
2026,Chicago Bulls,Los Angeles Clippers,108,119,Nikola Vučević;Matas Buzelis;Coby White;Jaden Ivey;Anfernee Simons;Tre Jones;Isaac Okoro;Ayo Dosunmu;Collin Sexton;Guerschon Yabusele;Kevin Huerter;Leonard Miller;Mouhamadou Gueye;Nick Richards;Rob Dillingham;Jalen Smith;Patrick Williams;Zach Collins;Mac McClung;Yuki Kawamura;Dalen Terry;Jevon Carter;Julian Phillips;Lachlan Olbrich;Emanuel Miller;Trentyn Flowers;Noa Essengue,Kawhi Leonard;Ivica Zubac;Darius Garland;Bennedict Mathurin;Kris Dunn;John Collins;Derrick Jones Jr.;Jordan Miller;Brook Lopez;Bradley Beal;Kobe Sanders;Bogdan Bogdanović;Nicolas Batum;Isaiah Jackson;Chris Paul;Yanic Konan Niederhäuser;Cam Christie;Kobe Brown;Patrick Baldwin Jr.;TyTy Washington Jr.;Dalano Banton;Sean Pedulla;Norchad Omier;RayJ Dennis;Jahmyl Telfort
2026,Brooklyn Nets,Philadelphia 76ers,97,104,Tre Scott;Nic Claxton;Noah Clowney;Egor Dёmin;Terance Mann;Cam Thomas;Malachi Smith;Ziaire Williams;Nolan Traoré;Drake Powell;Danny Wolf;Ben Saraf;Chaney Johnson;Josh Minott;Tyrese Martin;Day'Ron Sharpe;Ochai Agbaji;Jalen Wilson;Tyson Etienne;E.J. Liddell;Grant Nelson,VJ Edgecombe;Joel Embiid;Kelly Oubre Jr.;Paul George;Quentin Grimes;Dominick Barlow;Andre Drummond;Adem Bona;Cameron Payne;Jared McCain;Trendon Watford;Justin Edwards;MarJon Beauchamp;Dalen Terry;Eric Gordon;Jabari Walker;Tyrese Martin;Kyle Lowry;Johni Broome;Charles Bassey;Hunter Sallis;Patrick Baldwin Jr.
2026,Milwaukee Bucks,Atlanta Hawks,99,122,Ryan Rollins;A.J. Green;Giannis Antetokounmpo;Myles Turner;Ousmane Dieng;Kyle Kuzma;Cormac Ryan;Bobby Portis;Taurean Prince;Gary Trent Jr.;Jericho Sims;Cam Thomas;Pete Nance;Cole Anthony;Gary Harris;Amir Coffey;Andre Jackson Jr.;Thanasis Antetokounmpo;Mark Sears;Alex Antetokounmpo,Nickeil Alexander-Walker;Dyson Daniels;Onyeka Okongwu;CJ McCollum;Trae Young;Keshon Gilbert;Kristaps Porziņģis;Zaccharie Risacher;Vít Krejčí;Jonathan Kuminga;Luke Kennard;Jock Landale;Corey Kispert;Mouhamed Gueye;Gabe Vincent;Asa Newell;RayJ Dennis;Tony Bradley;Christian Koloko;Keaton Wallace;Buddy Hield;Caleb Houstan;N'Faly Dante;Jacob Toppin
2026,Charlotte Hornets,San Antonio Spurs,102,115,Miles Bridges;Brandon Miller;LaMelo Ball;Moussa Diabaté;Sion James;Collin Sexton;Ryan Kalkbrenner;Grant Williams;Coby White;KJ Simpson;Josh Green;PJ Hall;Tidjane Salaün;Tre Mann;Liam McNeeley;Drew Peterson;Mason Plumlee;Pat Connaughton;Antonio Reeves;Xavier Tillman Sr.,Devin Vassell;Stephon Castle;Victor Wembanyama;Julian Champagnie;Harrison Barnes;Keldon Johnson;Dylan Harper;Luke Kornet;Jeremy Sochan;Carter Bryant;Kelly Olynyk;Mason Plumlee;Lindy Waters III;Jordan McLaughlin;David Jones García;Bismack Biyombo;Harrison Ingram;Stanley Umude;Riley Minix
2026,Washington Wizards,Boston Celtics,100,111,CJ McCollum;Kyshawn George;Leaky Black;Bub Carrington;Alex Sarr;Bilal Coulibaly;Alondes Williams;Khris Middleton;Tre Johnson;Kadary Richmond;Will Riley;Trae Young;Jamir Watkins;Jaden Hardy;Justin Champagnie;Corey Kispert;Marvin Bagley III;Anthony Gill;Sharife Cooper;Cam Whitmore;Keshon Gilbert;Tristan Vukcevic;Skal Labissière;Malaki Branham;AJ Johnson,Derrick White;Jayson Tatum;Payton Pritchard;Neemias Queta;Sam Hauser;Anfernee Simons;Nikola Vučević;Baylor Scheierman;Jordan Walsh;Luka Garza;Josh Minott;Hugo González;Dalano Banton;Ron Harper Jr.;Chris Boucher;Xavier Tillman Sr.;John Tonje;Amari Williams;Charles Bassey;Max Shulga
2026,Orlando Magic,Miami Heat,121,117,Desmond Bane;Franz Wagner;Anthony Black;Wendell Carter Jr.;Jalen Suggs;Tristan Da Silva;Jevon Carter;Tyus Jones;Goga Bitadze;Noah Penda;Jett Howard;Jamal Cain;Moritz Wagner;Jase Richardson;Jonathan Isaac;Orlando Robinson;Alex Morales;Colin Castleton,Tyler Herro;Andrew Wiggins;Norman Powell;Davion Mitchell;Jaime Jaquez Jr.;Pelle Larsson;Kel'el Ware;Kasparas Jakučionis;Nikola Jović;Simone Fontecchio;Dru Smith;Myron Gardner;Keshad Johnson;Jahmir Young;Vladislav Goldin;Trevor Keels
2026,Denver Nuggets,Los Angeles Lakers,125,127,Nikola Jokić;Christian Braun;Cameron Johnson;Peyton Watson;Aaron Gordon;Tim Hardaway Jr.;Bruce Brown;Spencer Jones;Jalen Pickett;Julian Strawther;David Roddy;Jonas Valančiūnas;Zeke Nnaji;Curtis Jones;Tyus Jones;DaRon Holmes;Hunter Tyson;KJ Simpson,Austin Reaves;LeBron James;Marcus Smart;Rui Hachimura;Deandre Ayton;Jake LaRavia;Luke Kennard;Gabe Vincent;Jaxson Hayes;Jarred Vanderbilt;Nick Smith Jr.;Maxi Kleber;Dalton Knecht;Bronny James;Drew Timme;Kobe Bufkin;Adou Thiero;Chris Mañon;Christian Koloko
2026,Sacramento Kings,Los Angeles Clippers,118,109,Zach LaVine;DeMar DeRozan;Domantas Sabonis;Russell Westbrook;Maxime Raynaud;Daeqwon Plowden;Dennis Schröder;De'Andre Hunter;Nique Clifford;Precious Achiuwa;Malik Monk;Dylan Cardwell;DaQuan Jeffries;Devin Carter;Killian Hayes;Keon Ellis;Doug McDermott;Patrick Baldwin Jr.;Isaiah Stevens;Drew Eubanks;Dario Šarić;Isaac Jones,Kawhi Leonard;Ivica Zubac;Darius Garland;Bennedict Mathurin;Kris Dunn;John Collins;Derrick Jones Jr.;Jordan Miller;Brook Lopez;Bradley Beal;Kobe Sanders;Bogdan Bogdanović;Nicolas Batum;Isaiah Jackson;Chris Paul;Yanic Konan Niederhäuser;Cam Christie;Kobe Brown;Patrick Baldwin Jr.;TyTy Washington Jr.;Dalano Banton;Sean Pedulla;Norchad Omier;RayJ Dennis;Jahmyl Telfort
2026,Minnesota Timberwolves,Oklahoma City Thunder,103,116,Julius Randle;Jaden McDaniels;Rudy Gobert;Donte DiVincenzo;Ayo Dosunmu;Naz Reid;Kyle Anderson;Mike Conley;Bones Hyland;Jaylen Clark;Terrence Shannon Jr.;Rob Dillingham;Enrique Freeman;Zyon Pullin;Joan Beringer;Julian Phillips;Rocco Zikarsky;Joe Ingles;Leonard Miller;Johnny Juzang,Chet Holmgren;Jalen Williams;Luguentz Dort;Cason Wallace;Ajay Mitchell;Isaiah Hartenstein;Aaron Wiggins;Isaiah Joe;Jaylin Williams;Alex Caruso;Jared McCain;Nikola Topić;Payton Sandfort;Kenrich Williams;Branden Carlson;Ousmane Dieng;Brooks Barnhizer;Chris Youngblood;Buddy Boeheim
2026,Dallas Mavericks,Cleveland Cavaliers,130,120,Anthony Davis;P.J. Washington;Naji Marshall;Max Christie;Brandon Williams;Klay Thompson;Daniel Gafford;Marvin Bagley III;Khris Middleton;Ryan Nembhard;John Poulakidas;D'Angelo Russell;Tyus Jones;Dereck Lively II;Caleb Martin;Dwight Powell;Moussa Cisse;Tyler Smith;Jaden Hardy;Jeremiah Robinson-Earl;AJ Johnson;Miles Kelly,Donovan Mitchell;Evan Mobley;Darius Garland;Jarrett Allen;Jaylon Tyson;Sam Merrill;De'Andre Hunter;Keon Ellis;Max Strus;Dean Wade;Dennis Schröder;Lonzo Ball;Craig Porter Jr.;Nae'Qwan Tomlin;Larry Nance Jr.;Thomas Bryant;Tyrese Proctor;Olivier Sarr;Tristan Enaruna;Luke Travers;Riley Minix;Chris Livingston;Darius Brown II
2026,Indiana Pacers,Milwaukee Bucks,123,134,Bennedict Mathurin;Andrew Nembhard;Aaron Nesmith;Jarace Walker;Kobe Brown;Jalen Slawson;Ivica Zubac;Ben Sheppard;Jay Huff;Ethan Thompson;Micah Potter;Johnny Furphy;Quenton Jackson;Obi Toppin;Jeremiah Robinson-Earl;T.J. McConnell;Isaiah Jackson;Kam Jones;James Wiseman;Cody Martin;Garrison Mathews;Taelon Peter;RayJ Dennis;Mac McClung;Tony Bradley;Monte Morris,Ryan Rollins;A.J. Green;Giannis Antetokounmpo;Myles Turner;Ousmane Dieng;Kyle Kuzma;Cormac Ryan;Bobby Portis;Taurean Prince;Gary Trent Jr.;Jericho Sims;Cam Thomas;Pete Nance;Cole Anthony;Gary Harris;Amir Coffey;Andre Jackson Jr.;Thanasis Antetokounmpo;Mark Sears;Alex Antetokounmpo
2026,Detroit Pistons,Toronto Raptors,108,119,Jalen Duren;Tobias Harris;Duncan Robinson;Ausar Thompson;Isaiah Stewart;Kevin Huerter;Daniss Jenkins;Ron Holland;Caris LeVert;Javonte Green;Jaden Ivey;Paul Reed;Marcus Sasser;Wendell Moore Jr.;Tolu Smith;Chaz Lanier;Colby Jones;Bobi Klintman;Isaac Jones,Scottie Barnes;Immanuel Quickley;RJ Barrett;Jakob Poeltl;Jamal Shead;Collin Murray-Boyles;Sandro Mamukelashvili;Ja'Kobe Walter;Ochai Agbaji;Gradey Dick;A.J. Lawson;Jamison Battle;Markelle Fultz;Chucky Hepburn;Alijah Martin;Jonathan Mogbo;Trayce Jackson-Davis;Garrett Temple;Mo Bamba
2026,Portland Trail Blazers,Philadelphia 76ers,103,109,Deni Avdija;Jerami Grant;Shaedon Sharpe;Jrue Holiday;Donovan Clingan;Scoot Henderson;Kris Murray;Caleb Love;Vít Krejčí;Sidy Cissoko;Robert Williams;Matisse Thybulle;Rayan Rupert;Blake Wesley;Duop Reath;Yang Hansen;Chris Youngblood;Javonte Cooke;Jayson Kent,VJ Edgecombe;Joel Embiid;Kelly Oubre Jr.;Paul George;Quentin Grimes;Dominick Barlow;Andre Drummond;Adem Bona;Cameron Payne;Jared McCain;Trendon Watford;Justin Edwards;MarJon Beauchamp;Dalen Terry;Eric Gordon;Jabari Walker;Tyrese Martin;Kyle Lowry;Johni Broome;Charles Bassey;Hunter Sallis;Patrick Baldwin Jr.
2026,Golden State Warriors,New York Knicks,107,110,Stephen Curry;Brandin Podziemski;Draymond Green;Moses Moody;Jonathan Kuminga;Kristaps Porziņģis;De'Anthony Melton;Al Horford;Gui Santos;Charles Bassey;Will Richard;Pat Spencer;Buddy Hield;Quinten Post;Nate Williams;LJ Cryer;Gary Payton II;Seth Curry;Omer Yurtseven;Trayce Jackson-Davis;Malevy Leons,OG Anunoby;Mikal Bridges;Karl-Anthony Towns;Josh Hart;Miles McBride;Landry Shamet;Mitchell Robinson;Jordan Clarkson;Jose Alvarado;Tyler Kolek;Mohamed Diawara;Ariel Hukporti;Guerschon Yabusele;Kevin McCullar Jr.;Jeremy Sochan;Trey Jemison;Dillon Jones;Pacôme Dadiet;Tosan Evbuomwan
2026,Utah Jazz,Sacramento Kings,111,116,Andersson Garcia;Keyonte George;Bez Mbeng;Kennedy Chandler;Walker Kessler;Ace Bailey;Jusuf Nurkić;John Konchar;Isaiah Collier;Hayden Gray;Cody Williams;Jaren Jackson Jr.;Brice Sensabaugh;Kyle Filipowski;Svi Mykhailiuk;Elijah Harkless;Blake Hinson;Kyle Anderson;Mo Bamba;Walter Clayton;Kevin Love;Oscar Tshiebwe;Taylor Hendricks;Vince Williams Jr.,Zach LaVine;DeMar DeRozan;Domantas Sabonis;Russell Westbrook;Maxime Raynaud;Daeqwon Plowden;Dennis Schröder;De'Andre Hunter;Nique Clifford;Precious Achiuwa;Malik Monk;Dylan Cardwell;DaQuan Jeffries;Devin Carter;Killian Hayes;Keon Ellis;Doug McDermott;Patrick Baldwin Jr.;Isaiah Stevens;Drew Eubanks;Dario Šarić;Isaac Jones
2026,Orlando Magic,Atlanta Hawks,112,124,Desmond Bane;Franz Wagner;Anthony Black;Wendell Carter Jr.;Jalen Suggs;Tristan Da Silva;Jevon Carter;Tyus Jones;Goga Bitadze;Noah Penda;Jett Howard;Jamal Cain;Moritz Wagner;Jase Richardson;Jonathan Isaac;Orlando Robinson;Alex Morales;Colin Castleton,Nickeil Alexander-Walker;Dyson Daniels;Onyeka Okongwu;CJ McCollum;Trae Young;Keshon Gilbert;Kristaps Porziņģis;Zaccharie Risacher;Vít Krejčí;Jonathan Kuminga;Luke Kennard;Jock Landale;Corey Kispert;Mouhamed Gueye;Gabe Vincent;Asa Newell;RayJ Dennis;Tony Bradley;Christian Koloko;Keaton Wallace;Buddy Hield;Caleb Houstan;N'Faly Dante;Jacob Toppin
2026,Golden State Warriors,Washington Wizards,125,117,Stephen Curry;Brandin Podziemski;Draymond Green;Moses Moody;Jonathan Kuminga;Kristaps Porziņģis;De'Anthony Melton;Al Horford;Gui Santos;Charles Bassey;Will Richard;Pat Spencer;Buddy Hield;Quinten Post;Nate Williams;LJ Cryer;Gary Payton II;Seth Curry;Omer Yurtseven;Trayce Jackson-Davis;Malevy Leons,CJ McCollum;Kyshawn George;Leaky Black;Bub Carrington;Alex Sarr;Bilal Coulibaly;Alondes Williams;Khris Middleton;Tre Johnson;Kadary Richmond;Will Riley;Trae Young;Jamir Watkins;Jaden Hardy;Justin Champagnie;Corey Kispert;Marvin Bagley III;Anthony Gill;Sharife Cooper;Cam Whitmore;Keshon Gilbert;Tristan Vukcevic;Skal Labissière;Malaki Branham;AJ Johnson
2026,Phoenix Suns,Boston Celtics,112,120,Dillon Brooks;Grayson Allen;Collin Gillespie;Royce O'Neale;Jalen Green;Mark Williams;Jordan Goodwin;Oso Ighodaro;Ryan Dunn;Amir Coffey;Jamaree Bouyea;Haywood Highsmith;Rasheer Fleming;CJ Huntley;Isaiah Livers;Nick Richards;Khaman Maluach;Nigel Hayes-Davis;Koby Brea,Derrick White;Jayson Tatum;Payton Pritchard;Neemias Queta;Sam Hauser;Anfernee Simons;Nikola Vučević;Baylor Scheierman;Jordan Walsh;Luka Garza;Josh Minott;Hugo González;Dalano Banton;Ron Harper Jr.;Chris Boucher;Xavier Tillman Sr.;John Tonje;Amari Williams;Charles Bassey;Max Shulga
2026,Portland Trail Blazers,Brooklyn Nets,114,95,Deni Avdija;Jerami Grant;Shaedon Sharpe;Jrue Holiday;Donovan Clingan;Scoot Henderson;Kris Murray;Caleb Love;Vít Krejčí;Sidy Cissoko;Robert Williams;Matisse Thybulle;Rayan Rupert;Blake Wesley;Duop Reath;Yang Hansen;Chris Youngblood;Javonte Cooke;Jayson Kent,Tre Scott;Nic Claxton;Noah Clowney;Egor Dёmin;Terance Mann;Cam Thomas;Malachi Smith;Ziaire Williams;Nolan Traoré;Drake Powell;Danny Wolf;Ben Saraf;Chaney Johnson;Josh Minott;Tyrese Martin;Day'Ron Sharpe;Ochai Agbaji;Jalen Wilson;Tyson Etienne;E.J. Liddell;Grant Nelson
2026,Memphis Grizzlies,Chicago Bulls,107,132,Lucas Williamson;Rayan Rupert;Jaren Jackson Jr.;Dariq Whitehead;Adama-Alpha Bal;Ja Morant;Santi Aldama;Jaylen Wells;Zach Edey;Cedric Coward;Tyler Burton;Walter Clayton;Lawson Lovering;Taylor Hendricks;Cam Spencer;Jock Landale;Ty Jerome;Kyle Anderson;Jahmai Mashack;Vince Williams Jr.;GG Jackson II;Kentavious Caldwell-Pope;Scotty Pippen Jr.;DeJon Jarreau;Javon Small;Olivier-Maxence Prosper;Christian Koloko;Charles Bassey;John Konchar;Brandon Clarke;Taj Gibson;PJ Hall,Nikola Vučević;Matas Buzelis;Coby White;Jaden Ivey;Anfernee Simons;Tre Jones;Isaac Okoro;Ayo Dosunmu;Collin Sexton;Guerschon Yabusele;Kevin Huerter;Leonard Miller;Mouhamadou Gueye;Nick Richards;Rob Dillingham;Jalen Smith;Patrick Williams;Zach Collins;Mac McClung;Yuki Kawamura;Dalen Terry;Jevon Carter;Julian Phillips;Lachlan Olbrich;Emanuel Miller;Trentyn Flowers;Noa Essengue
2026,Dallas Mavericks,New Orleans Pelicans,111,129,Anthony Davis;P.J. Washington;Naji Marshall;Max Christie;Brandon Williams;Klay Thompson;Daniel Gafford;Marvin Bagley III;Khris Middleton;Ryan Nembhard;John Poulakidas;D'Angelo Russell;Tyus Jones;Dereck Lively II;Caleb Martin;Dwight Powell;Moussa Cisse;Tyler Smith;Jaden Hardy;Jeremiah Robinson-Earl;AJ Johnson;Miles Kelly,Saddiq Bey;Zion Williamson;Herbert Jones;Dejounte Murray;Josh Oduro;Jeremiah Fears;Derik Queen;Jordan Poole;Jose Alvarado;Bryce McGowens;Yves Missi;DeAndre Jordan;Micah Peavy;Karlo Matković;Kevon Looney;Jordan Hawkins;Trey Alexander;Hunter Dickinson
2026,Los Angeles Lakers,Houston Rockets,100,92,Austin Reaves;LeBron James;Marcus Smart;Rui Hachimura;Deandre Ayton;Jake LaRavia;Luke Kennard;Gabe Vincent;Jaxson Hayes;Jarred Vanderbilt;Nick Smith Jr.;Maxi Kleber;Dalton Knecht;Bronny James;Drew Timme;Kobe Bufkin;Adou Thiero;Chris Mañon;Christian Koloko,Kevin Durant;Jabari Smith Jr.;Alperen Şengün;Reed Sheppard;Tari Eason;Steven Adams;Josh Okogie;Dorian Finney-Smith;Aaron Holiday;Clint Capela;Tristen Newton;Jae'Sean Tate;JD Davison;Isaiah Crawford;Jeff Green
2026,San Antonio Spurs,Los Angeles Clippers,119,115,Devin Vassell;Stephon Castle;Victor Wembanyama;Julian Champagnie;Harrison Barnes;Keldon Johnson;Dylan Harper;Luke Kornet;Jeremy Sochan;Carter Bryant;Kelly Olynyk;Mason Plumlee;Lindy Waters III;Jordan McLaughlin;David Jones García;Bismack Biyombo;Harrison Ingram;Stanley Umude;Riley Minix,Kawhi Leonard;Ivica Zubac;Darius Garland;Bennedict Mathurin;Kris Dunn;John Collins;Derrick Jones Jr.;Jordan Miller;Brook Lopez;Bradley Beal;Kobe Sanders;Bogdan Bogdanović;Nicolas Batum;Isaiah Jackson;Chris Paul;Yanic Konan Niederhäuser;Cam Christie;Kobe Brown;Patrick Baldwin Jr.;TyTy Washington Jr.;Dalano Banton;Sean Pedulla;Norchad Omier;RayJ Dennis;Jahmyl Telfort
2026,Miami Heat,Charlotte Hornets,106,136,Tyler Herro;Andrew Wiggins;Norman Powell;Davion Mitchell;Jaime Jaquez Jr.;Pelle Larsson;Kel'el Ware;Kasparas Jakučionis;Nikola Jović;Simone Fontecchio;Dru Smith;Myron Gardner;Keshad Johnson;Jahmir Young;Vladislav Goldin;Trevor Keels,Miles Bridges;Brandon Miller;LaMelo Ball;Moussa Diabaté;Sion James;Collin Sexton;Ryan Kalkbrenner;Grant Williams;Coby White;KJ Simpson;Josh Green;PJ Hall;Tidjane Salaün;Tre Mann;Liam McNeeley;Drew Peterson;Mason Plumlee;Pat Connaughton;Antonio Reeves;Xavier Tillman Sr.
2026,Oklahoma City Thunder,Orlando Magic,113,108,Chet Holmgren;Jalen Williams;Luguentz Dort;Cason Wallace;Ajay Mitchell;Isaiah Hartenstein;Aaron Wiggins;Isaiah Joe;Jaylin Williams;Alex Caruso;Jared McCain;Nikola Topić;Payton Sandfort;Kenrich Williams;Branden Carlson;Ousmane Dieng;Brooks Barnhizer;Chris Youngblood;Buddy Boeheim,Desmond Bane;Franz Wagner;Anthony Black;Wendell Carter Jr.;Jalen Suggs;Tristan Da Silva;Jevon Carter;Tyus Jones;Goga Bitadze;Noah Penda;Jett Howard;Jamal Cain;Moritz Wagner;Jase Richardson;Jonathan Isaac;Orlando Robinson;Alex Morales;Colin Castleton
2026,Detroit Pistons,Washington Wizards,130,117,Jalen Duren;Tobias Harris;Duncan Robinson;Ausar Thompson;Isaiah Stewart;Kevin Huerter;Daniss Jenkins;Ron Holland;Caris LeVert;Javonte Green;Jaden Ivey;Paul Reed;Marcus Sasser;Wendell Moore Jr.;Tolu Smith;Chaz Lanier;Colby Jones;Bobi Klintman;Isaac Jones,CJ McCollum;Kyshawn George;Leaky Black;Bub Carrington;Alex Sarr;Bilal Coulibaly;Alondes Williams;Khris Middleton;Tre Johnson;Kadary Richmond;Will Riley;Trae Young;Jamir Watkins;Jaden Hardy;Justin Champagnie;Corey Kispert;Marvin Bagley III;Anthony Gill;Sharife Cooper;Cam Whitmore;Keshon Gilbert;Tristan Vukcevic;Skal Labissière;Malaki Branham;AJ Johnson
2026,Indiana Pacers,New York Knicks,110,136,Bennedict Mathurin;Andrew Nembhard;Aaron Nesmith;Jarace Walker;Kobe Brown;Jalen Slawson;Ivica Zubac;Ben Sheppard;Jay Huff;Ethan Thompson;Micah Potter;Johnny Furphy;Quenton Jackson;Obi Toppin;Jeremiah Robinson-Earl;T.J. McConnell;Isaiah Jackson;Kam Jones;James Wiseman;Cody Martin;Garrison Mathews;Taelon Peter;RayJ Dennis;Mac McClung;Tony Bradley;Monte Morris,OG Anunoby;Mikal Bridges;Karl-Anthony Towns;Josh Hart;Miles McBride;Landry Shamet;Mitchell Robinson;Jordan Clarkson;Jose Alvarado;Tyler Kolek;Mohamed Diawara;Ariel Hukporti;Guerschon Yabusele;Kevin McCullar Jr.;Jeremy Sochan;Trey Jemison;Dillon Jones;Pacôme Dadiet;Tosan Evbuomwan
2026,Cleveland Cavaliers,Milwaukee Bucks,123,116,Donovan Mitchell;Evan Mobley;Darius Garland;Jarrett Allen;Jaylon Tyson;Sam Merrill;De'Andre Hunter;Keon Ellis;Max Strus;Dean Wade;Dennis Schröder;Lonzo Ball;Craig Porter Jr.;Nae'Qwan Tomlin;Larry Nance Jr.;Thomas Bryant;Tyrese Proctor;Olivier Sarr;Tristan Enaruna;Luke Travers;Riley Minix;Chris Livingston;Darius Brown II,Ryan Rollins;A.J. Green;Giannis Antetokounmpo;Myles Turner;Ousmane Dieng;Kyle Kuzma;Cormac Ryan;Bobby Portis;Taurean Prince;Gary Trent Jr.;Jericho Sims;Cam Thomas;Pete Nance;Cole Anthony;Gary Harris;Amir Coffey;Andre Jackson Jr.;Thanasis Antetokounmpo;Mark Sears;Alex Antetokounmpo
2026,Phoenix Suns,Minnesota Timberwolves,104,116,Dillon Brooks;Grayson Allen;Collin Gillespie;Royce O'Neale;Jalen Green;Mark Williams;Jordan Goodwin;Oso Ighodaro;Ryan Dunn;Amir Coffey;Jamaree Bouyea;Haywood Highsmith;Rasheer Fleming;CJ Huntley;Isaiah Livers;Nick Richards;Khaman Maluach;Nigel Hayes-Davis;Koby Brea,Julius Randle;Jaden McDaniels;Rudy Gobert;Donte DiVincenzo;Ayo Dosunmu;Naz Reid;Kyle Anderson;Mike Conley;Bones Hyland;Jaylen Clark;Terrence Shannon Jr.;Rob Dillingham;Enrique Freeman;Zyon Pullin;Joan Beringer;Julian Phillips;Rocco Zikarsky;Joe Ingles;Leonard Miller;Johnny Juzang
2026,Philadelphia 76ers,Denver Nuggets,96,124,VJ Edgecombe;Joel Embiid;Kelly Oubre Jr.;Paul George;Quentin Grimes;Dominick Barlow;Andre Drummond;Adem Bona;Cameron Payne;Jared McCain;Trendon Watford;Justin Edwards;MarJon Beauchamp;Dalen Terry;Eric Gordon;Jabari Walker;Tyrese Martin;Kyle Lowry;Johni Broome;Charles Bassey;Hunter Sallis;Patrick Baldwin Jr.,Nikola Jokić;Christian Braun;Cameron Johnson;Peyton Watson;Aaron Gordon;Tim Hardaway Jr.;Bruce Brown;Spencer Jones;Jalen Pickett;Julian Strawther;David Roddy;Jonas Valančiūnas;Zeke Nnaji;Curtis Jones;Tyus Jones;DaRon Holmes;Hunter Tyson;KJ Simpson
2026,San Antonio Spurs,Sacramento Kings,132,104,Devin Vassell;Stephon Castle;Victor Wembanyama;Julian Champagnie;Harrison Barnes;Keldon Johnson;Dylan Harper;Luke Kornet;Jeremy Sochan;Carter Bryant;Kelly Olynyk;Mason Plumlee;Lindy Waters III;Jordan McLaughlin;David Jones García;Bismack Biyombo;Harrison Ingram;Stanley Umude;Riley Minix,Zach LaVine;DeMar DeRozan;Domantas Sabonis;Russell Westbrook;Maxime Raynaud;Daeqwon Plowden;Dennis Schröder;De'Andre Hunter;Nique Clifford;Precious Achiuwa;Malik Monk;Dylan Cardwell;DaQuan Jeffries;Devin Carter;Killian Hayes;Keon Ellis;Doug McDermott;Patrick Baldwin Jr.;Isaiah Stevens;Drew Eubanks;Dario Šarić;Isaac Jones
2026,Golden State Warriors,Boston Celtics,99,120,Stephen Curry;Brandin Podziemski;Draymond Green;Moses Moody;Jonathan Kuminga;Kristaps Porziņģis;De'Anthony Melton;Al Horford;Gui Santos;Charles Bassey;Will Richard;Pat Spencer;Buddy Hield;Quinten Post;Nate Williams;LJ Cryer;Gary Payton II;Seth Curry;Omer Yurtseven;Trayce Jackson-Davis;Malevy Leons,Derrick White;Jayson Tatum;Payton Pritchard;Neemias Queta;Sam Hauser;Anfernee Simons;Nikola Vučević;Baylor Scheierman;Jordan Walsh;Luka Garza;Josh Minott;Hugo González;Dalano Banton;Ron Harper Jr.;Chris Boucher;Xavier Tillman Sr.;John Tonje;Amari Williams;Charles Bassey;Max Shulga
2026,Oklahoma City Thunder,Brooklyn Nets,121,92,Chet Holmgren;Jalen Williams;Luguentz Dort;Cason Wallace;Ajay Mitchell;Isaiah Hartenstein;Aaron Wiggins;Isaiah Joe;Jaylin Williams;Alex Caruso;Jared McCain;Nikola Topić;Payton Sandfort;Kenrich Williams;Branden Carlson;Ousmane Dieng;Brooks Barnhizer;Chris Youngblood;Buddy Boeheim,Tre Scott;Nic Claxton;Noah Clowney;Egor Dёmin;Terance Mann;Cam Thomas;Malachi Smith;Ziaire Williams;Nolan Traoré;Drake Powell;Danny Wolf;Ben Saraf;Chaney Johnson;Josh Minott;Tyrese Martin;Day'Ron Sharpe;Ochai Agbaji;Jalen Wilson;Tyson Etienne;E.J. Liddell;Grant Nelson
2026,Portland Trail Blazers,Indiana Pacers,127,119,Deni Avdija;Jerami Grant;Shaedon Sharpe;Jrue Holiday;Donovan Clingan;Scoot Henderson;Kris Murray;Caleb Love;Vít Krejčí;Sidy Cissoko;Robert Williams;Matisse Thybulle;Rayan Rupert;Blake Wesley;Duop Reath;Yang Hansen;Chris Youngblood;Javonte Cooke;Jayson Kent,Bennedict Mathurin;Andrew Nembhard;Aaron Nesmith;Jarace Walker;Kobe Brown;Jalen Slawson;Ivica Zubac;Ben Sheppard;Jay Huff;Ethan Thompson;Micah Potter;Johnny Furphy;Quenton Jackson;Obi Toppin;Jeremiah Robinson-Earl;T.J. McConnell;Isaiah Jackson;Kam Jones;James Wiseman;Cody Martin;Garrison Mathews;Taelon Peter;RayJ Dennis;Mac McClung;Tony Bradley;Monte Morris
2026,Toronto Raptors,Chicago Bulls,139,109,Scottie Barnes;Immanuel Quickley;RJ Barrett;Jakob Poeltl;Jamal Shead;Collin Murray-Boyles;Sandro Mamukelashvili;Ja'Kobe Walter;Ochai Agbaji;Gradey Dick;A.J. Lawson;Jamison Battle;Markelle Fultz;Chucky Hepburn;Alijah Martin;Jonathan Mogbo;Trayce Jackson-Davis;Garrett Temple;Mo Bamba,Nikola Vučević;Matas Buzelis;Coby White;Jaden Ivey;Anfernee Simons;Tre Jones;Isaac Okoro;Ayo Dosunmu;Collin Sexton;Guerschon Yabusele;Kevin Huerter;Leonard Miller;Mouhamadou Gueye;Nick Richards;Rob Dillingham;Jalen Smith;Patrick Williams;Zach Collins;Mac McClung;Yuki Kawamura;Dalen Terry;Jevon Carter;Julian Phillips;Lachlan Olbrich;Emanuel Miller;Trentyn Flowers;Noa Essengue
2026,Utah Jazz,Minnesota Timberwolves,111,147,Andersson Garcia;Keyonte George;Bez Mbeng;Kennedy Chandler;Walker Kessler;Ace Bailey;Jusuf Nurkić;John Konchar;Isaiah Collier;Hayden Gray;Cody Williams;Jaren Jackson Jr.;Brice Sensabaugh;Kyle Filipowski;Svi Mykhailiuk;Elijah Harkless;Blake Hinson;Kyle Anderson;Mo Bamba;Walter Clayton;Kevin Love;Oscar Tshiebwe;Taylor Hendricks;Vince Williams Jr.,Julius Randle;Jaden McDaniels;Rudy Gobert;Donte DiVincenzo;Ayo Dosunmu;Naz Reid;Kyle Anderson;Mike Conley;Bones Hyland;Jaylen Clark;Terrence Shannon Jr.;Rob Dillingham;Enrique Freeman;Zyon Pullin;Joan Beringer;Julian Phillips;Rocco Zikarsky;Joe Ingles;Leonard Miller;Johnny Juzang
2026,Los Angeles Clippers,New Orleans Pelicans,109,124,Kawhi Leonard;Ivica Zubac;Darius Garland;Bennedict Mathurin;Kris Dunn;John Collins;Derrick Jones Jr.;Jordan Miller;Brook Lopez;Bradley Beal;Kobe Sanders;Bogdan Bogdanović;Nicolas Batum;Isaiah Jackson;Chris Paul;Yanic Konan Niederhäuser;Cam Christie;Kobe Brown;Patrick Baldwin Jr.;TyTy Washington Jr.;Dalano Banton;Sean Pedulla;Norchad Omier;RayJ Dennis;Jahmyl Telfort,Saddiq Bey;Zion Williamson;Herbert Jones;Dejounte Murray;Josh Oduro;Jeremiah Fears;Derik Queen;Jordan Poole;Jose Alvarado;Bryce McGowens;Yves Missi;DeAndre Jordan;Micah Peavy;Karlo Matković;Kevon Looney;Jordan Hawkins;Trey Alexander;Hunter Dickinson
2026,Atlanta Hawks,Dallas Mavericks,135,120,Nickeil Alexander-Walker;Dyson Daniels;Onyeka Okongwu;CJ McCollum;Trae Young;Keshon Gilbert;Kristaps Porziņģis;Zaccharie Risacher;Vít Krejčí;Jonathan Kuminga;Luke Kennard;Jock Landale;Corey Kispert;Mouhamed Gueye;Gabe Vincent;Asa Newell;RayJ Dennis;Tony Bradley;Christian Koloko;Keaton Wallace;Buddy Hield;Caleb Houstan;N'Faly Dante;Jacob Toppin,Anthony Davis;P.J. Washington;Naji Marshall;Max Christie;Brandon Williams;Klay Thompson;Daniel Gafford;Marvin Bagley III;Khris Middleton;Ryan Nembhard;John Poulakidas;D'Angelo Russell;Tyus Jones;Dereck Lively II;Caleb Martin;Dwight Powell;Moussa Cisse;Tyler Smith;Jaden Hardy;Jeremiah Robinson-Earl;AJ Johnson;Miles Kelly
2026,Denver Nuggets,Memphis Grizzlies,118,125,Nikola Jokić;Christian Braun;Cameron Johnson;Peyton Watson;Aaron Gordon;Tim Hardaway Jr.;Bruce Brown;Spencer Jones;Jalen Pickett;Julian Strawther;David Roddy;Jonas Valančiūnas;Zeke Nnaji;Curtis Jones;Tyus Jones;DaRon Holmes;Hunter Tyson;KJ Simpson,Lucas Williamson;Rayan Rupert;Jaren Jackson Jr.;Dariq Whitehead;Adama-Alpha Bal;Ja Morant;Santi Aldama;Jaylen Wells;Zach Edey;Cedric Coward;Tyler Burton;Walter Clayton;Lawson Lovering;Taylor Hendricks;Cam Spencer;Jock Landale;Ty Jerome;Kyle Anderson;Jahmai Mashack;Vince Williams Jr.;GG Jackson II;Kentavious Caldwell-Pope;Scotty Pippen Jr.;DeJon Jarreau;Javon Small;Olivier-Maxence Prosper;Christian Koloko;Charles Bassey;John Konchar;Brandon Clarke;Taj Gibson;PJ Hall
2026,Los Angeles Lakers,Houston Rockets,124,116,Austin Reaves;LeBron James;Marcus Smart;Rui Hachimura;Deandre Ayton;Jake LaRavia;Luke Kennard;Gabe Vincent;Jaxson Hayes;Jarred Vanderbilt;Nick Smith Jr.;Maxi Kleber;Dalton Knecht;Bronny James;Drew Timme;Kobe Bufkin;Adou Thiero;Chris Mañon;Christian Koloko,Kevin Durant;Jabari Smith Jr.;Alperen Şengün;Reed Sheppard;Tari Eason;Steven Adams;Josh Okogie;Dorian Finney-Smith;Aaron Holiday;Clint Capela;Tristen Newton;Jae'Sean Tate;JD Davison;Isaiah Crawford;Jeff Green
2026,Orlando Magic,Charlotte Hornets,111,130,Desmond Bane;Franz Wagner;Anthony Black;Wendell Carter Jr.;Jalen Suggs;Tristan Da Silva;Jevon Carter;Tyus Jones;Goga Bitadze;Noah Penda;Jett Howard;Jamal Cain;Moritz Wagner;Jase Richardson;Jonathan Isaac;Orlando Robinson;Alex Morales;Colin Castleton,Miles Bridges;Brandon Miller;LaMelo Ball;Moussa Diabaté;Sion James;Collin Sexton;Ryan Kalkbrenner;Grant Williams;Coby White;KJ Simpson;Josh Green;PJ Hall;Tidjane Salaün;Tre Mann;Liam McNeeley;Drew Peterson;Mason Plumlee;Pat Connaughton;Antonio Reeves;Xavier Tillman Sr.
2026,Detroit Pistons,Washington Wizards,117,95,Jalen Duren;Tobias Harris;Duncan Robinson;Ausar Thompson;Isaiah Stewart;Kevin Huerter;Daniss Jenkins;Ron Holland;Caris LeVert;Javonte Green;Jaden Ivey;Paul Reed;Marcus Sasser;Wendell Moore Jr.;Tolu Smith;Chaz Lanier;Colby Jones;Bobi Klintman;Isaac Jones,CJ McCollum;Kyshawn George;Leaky Black;Bub Carrington;Alex Sarr;Bilal Coulibaly;Alondes Williams;Khris Middleton;Tre Johnson;Kadary Richmond;Will Riley;Trae Young;Jamir Watkins;Jaden Hardy;Justin Champagnie;Corey Kispert;Marvin Bagley III;Anthony Gill;Sharife Cooper;Cam Whitmore;Keshon Gilbert;Tristan Vukcevic;Skal Labissière;Malaki Branham;AJ Johnson
2026,Cleveland Cavaliers,Chicago Bulls,115,110,Donovan Mitchell;Evan Mobley;Darius Garland;Jarrett Allen;Jaylon Tyson;Sam Merrill;De'Andre Hunter;Keon Ellis;Max Strus;Dean Wade;Dennis Schröder;Lonzo Ball;Craig Porter Jr.;Nae'Qwan Tomlin;Larry Nance Jr.;Thomas Bryant;Tyrese Proctor;Olivier Sarr;Tristan Enaruna;Luke Travers;Riley Minix;Chris Livingston;Darius Brown II,Nikola Vučević;Matas Buzelis;Coby White;Jaden Ivey;Anfernee Simons;Tre Jones;Isaac Okoro;Ayo Dosunmu;Collin Sexton;Guerschon Yabusele;Kevin Huerter;Leonard Miller;Mouhamadou Gueye;Nick Richards;Rob Dillingham;Jalen Smith;Patrick Williams;Zach Collins;Mac McClung;Yuki Kawamura;Dalen Terry;Jevon Carter;Julian Phillips;Lachlan Olbrich;Emanuel Miller;Trentyn Flowers;Noa Essengue
2026,Los Angeles Lakers,Miami Heat,134,126,Austin Reaves;LeBron James;Marcus Smart;Rui Hachimura;Deandre Ayton;Jake LaRavia;Luke Kennard;Gabe Vincent;Jaxson Hayes;Jarred Vanderbilt;Nick Smith Jr.;Maxi Kleber;Dalton Knecht;Bronny James;Drew Timme;Kobe Bufkin;Adou Thiero;Chris Mañon;Christian Koloko,Tyler Herro;Andrew Wiggins;Norman Powell;Davion Mitchell;Jaime Jaquez Jr.;Pelle Larsson;Kel'el Ware;Kasparas Jakučionis;Nikola Jović;Simone Fontecchio;Dru Smith;Myron Gardner;Keshad Johnson;Jahmir Young;Vladislav Goldin;Trevor Keels
2026,Los Angeles Clippers,New Orleans Pelicans,99,105,Kawhi Leonard;Ivica Zubac;Darius Garland;Bennedict Mathurin;Kris Dunn;John Collins;Derrick Jones Jr.;Jordan Miller;Brook Lopez;Bradley Beal;Kobe Sanders;Bogdan Bogdanović;Nicolas Batum;Isaiah Jackson;Chris Paul;Yanic Konan Niederhäuser;Cam Christie;Kobe Brown;Patrick Baldwin Jr.;TyTy Washington Jr.;Dalano Banton;Sean Pedulla;Norchad Omier;RayJ Dennis;Jahmyl Telfort,Saddiq Bey;Zion Williamson;Herbert Jones;Dejounte Murray;Josh Oduro;Jeremiah Fears;Derik Queen;Jordan Poole;Jose Alvarado;Bryce McGowens;Yves Missi;DeAndre Jordan;Micah Peavy;Karlo Matković;Kevon Looney;Jordan Hawkins;Trey Alexander;Hunter Dickinson
2026,Phoenix Suns,San Antonio Spurs,100,101,Dillon Brooks;Grayson Allen;Collin Gillespie;Royce O'Neale;Jalen Green;Mark Williams;Jordan Goodwin;Oso Ighodaro;Ryan Dunn;Amir Coffey;Jamaree Bouyea;Haywood Highsmith;Rasheer Fleming;CJ Huntley;Isaiah Livers;Nick Richards;Khaman Maluach;Nigel Hayes-Davis;Koby Brea,Devin Vassell;Stephon Castle;Victor Wembanyama;Julian Champagnie;Harrison Barnes;Keldon Johnson;Dylan Harper;Luke Kornet;Jeremy Sochan;Carter Bryant;Kelly Olynyk;Mason Plumlee;Lindy Waters III;Jordan McLaughlin;David Jones García;Bismack Biyombo;Harrison Ingram;Stanley Umude;Riley Minix
2026,Milwaukee Bucks,Utah Jazz,96,128,Ryan Rollins;A.J. Green;Giannis Antetokounmpo;Myles Turner;Ousmane Dieng;Kyle Kuzma;Cormac Ryan;Bobby Portis;Taurean Prince;Gary Trent Jr.;Jericho Sims;Cam Thomas;Pete Nance;Cole Anthony;Gary Harris;Amir Coffey;Andre Jackson Jr.;Thanasis Antetokounmpo;Mark Sears;Alex Antetokounmpo,Andersson Garcia;Keyonte George;Bez Mbeng;Kennedy Chandler;Walker Kessler;Ace Bailey;Jusuf Nurkić;John Konchar;Isaiah Collier;Hayden Gray;Cody Williams;Jaren Jackson Jr.;Brice Sensabaugh;Kyle Filipowski;Svi Mykhailiuk;Elijah Harkless;Blake Hinson;Kyle Anderson;Mo Bamba;Walter Clayton;Kevin Love;Oscar Tshiebwe;Taylor Hendricks;Vince Williams Jr.
2026,Philadelphia 76ers,Sacramento Kings,139,118,VJ Edgecombe;Joel Embiid;Kelly Oubre Jr.;Paul George;Quentin Grimes;Dominick Barlow;Andre Drummond;Adem Bona;Cameron Payne;Jared McCain;Trendon Watford;Justin Edwards;MarJon Beauchamp;Dalen Terry;Eric Gordon;Jabari Walker;Tyrese Martin;Kyle Lowry;Johni Broome;Charles Bassey;Hunter Sallis;Patrick Baldwin Jr.,Zach LaVine;DeMar DeRozan;Domantas Sabonis;Russell Westbrook;Maxime Raynaud;Daeqwon Plowden;Dennis Schröder;De'Andre Hunter;Nique Clifford;Precious Achiuwa;Malik Monk;Dylan Cardwell;DaQuan Jeffries;Devin Carter;Killian Hayes;Keon Ellis;Doug McDermott;Patrick Baldwin Jr.;Isaiah Stevens;Drew Eubanks;Dario Šarić;Isaac Jones
2026,New York Knicks,Brooklyn Nets,93,92,OG Anunoby;Mikal Bridges;Karl-Anthony Towns;Josh Hart;Miles McBride;Landry Shamet;Mitchell Robinson;Jordan Clarkson;Jose Alvarado;Tyler Kolek;Mohamed Diawara;Ariel Hukporti;Guerschon Yabusele;Kevin McCullar Jr.;Jeremy Sochan;Trey Jemison;Dillon Jones;Pacôme Dadiet;Tosan Evbuomwan,Tre Scott;Nic Claxton;Noah Clowney;Egor Dёmin;Terance Mann;Cam Thomas;Malachi Smith;Ziaire Williams;Nolan Traoré;Drake Powell;Danny Wolf;Ben Saraf;Chaney Johnson;Josh Minott;Tyrese Martin;Day'Ron Sharpe;Ochai Agbaji;Jalen Wilson;Tyson Etienne;E.J. Liddell;Grant Nelson
2026,Golden State Warriors,Detroit Pistons,101,115,Stephen Curry;Brandin Podziemski;Draymond Green;Moses Moody;Jonathan Kuminga;Kristaps Porziņģis;De'Anthony Melton;Al Horford;Gui Santos;Charles Bassey;Will Richard;Pat Spencer;Buddy Hield;Quinten Post;Nate Williams;LJ Cryer;Gary Payton II;Seth Curry;Omer Yurtseven;Trayce Jackson-Davis;Malevy Leons,Jalen Duren;Tobias Harris;Duncan Robinson;Ausar Thompson;Isaiah Stewart;Kevin Huerter;Daniss Jenkins;Ron Holland;Caris LeVert;Javonte Green;Jaden Ivey;Paul Reed;Marcus Sasser;Wendell Moore Jr.;Tolu Smith;Chaz Lanier;Colby Jones;Bobi Klintman;Isaac Jones
2026,Atlanta Hawks,Houston Rockets,95,117,Nickeil Alexander-Walker;Dyson Daniels;Onyeka Okongwu;CJ McCollum;Trae Young;Keshon Gilbert;Kristaps Porziņģis;Zaccharie Risacher;Vít Krejčí;Jonathan Kuminga;Luke Kennard;Jock Landale;Corey Kispert;Mouhamed Gueye;Gabe Vincent;Asa Newell;RayJ Dennis;Tony Bradley;Christian Koloko;Keaton Wallace;Buddy Hield;Caleb Houstan;N'Faly Dante;Jacob Toppin,Kevin Durant;Jabari Smith Jr.;Alperen Şengün;Reed Sheppard;Tari Eason;Steven Adams;Josh Okogie;Dorian Finney-Smith;Aaron Holiday;Clint Capela;Tristen Newton;Jae'Sean Tate;JD Davison;Isaiah Crawford;Jeff Green
2026,Boston Celtics,Memphis Grizzlies,117,112,Derrick White;Jayson Tatum;Payton Pritchard;Neemias Queta;Sam Hauser;Anfernee Simons;Nikola Vučević;Baylor Scheierman;Jordan Walsh;Luka Garza;Josh Minott;Hugo González;Dalano Banton;Ron Harper Jr.;Chris Boucher;Xavier Tillman Sr.;John Tonje;Amari Williams;Charles Bassey;Max Shulga,Lucas Williamson;Rayan Rupert;Jaren Jackson Jr.;Dariq Whitehead;Adama-Alpha Bal;Ja Morant;Santi Aldama;Jaylen Wells;Zach Edey;Cedric Coward;Tyler Burton;Walter Clayton;Lawson Lovering;Taylor Hendricks;Cam Spencer;Jock Landale;Ty Jerome;Kyle Anderson;Jahmai Mashack;Vince Williams Jr.;GG Jackson II;Kentavious Caldwell-Pope;Scotty Pippen Jr.;DeJon Jarreau;Javon Small;Olivier-Maxence Prosper;Christian Koloko;Charles Bassey;John Konchar;Brandon Clarke;Taj Gibson;PJ Hall
2026,Portland Trail Blazers,Minnesota Timberwolves,108,104,Deni Avdija;Jerami Grant;Shaedon Sharpe;Jrue Holiday;Donovan Clingan;Scoot Henderson;Kris Murray;Caleb Love;Vít Krejčí;Sidy Cissoko;Robert Williams;Matisse Thybulle;Rayan Rupert;Blake Wesley;Duop Reath;Yang Hansen;Chris Youngblood;Javonte Cooke;Jayson Kent,Julius Randle;Jaden McDaniels;Rudy Gobert;Donte DiVincenzo;Ayo Dosunmu;Naz Reid;Kyle Anderson;Mike Conley;Bones Hyland;Jaylen Clark;Terrence Shannon Jr.;Rob Dillingham;Enrique Freeman;Zyon Pullin;Joan Beringer;Julian Phillips;Rocco Zikarsky;Joe Ingles;Leonard Miller;Johnny Juzang
2026,Toronto Raptors,Denver Nuggets,115,121,Scottie Barnes;Immanuel Quickley;RJ Barrett;Jakob Poeltl;Jamal Shead;Collin Murray-Boyles;Sandro Mamukelashvili;Ja'Kobe Walter;Ochai Agbaji;Gradey Dick;A.J. Lawson;Jamison Battle;Markelle Fultz;Chucky Hepburn;Alijah Martin;Jonathan Mogbo;Trayce Jackson-Davis;Garrett Temple;Mo Bamba,Nikola Jokić;Christian Braun;Cameron Johnson;Peyton Watson;Aaron Gordon;Tim Hardaway Jr.;Bruce Brown;Spencer Jones;Jalen Pickett;Julian Strawther;David Roddy;Jonas Valančiūnas;Zeke Nnaji;Curtis Jones;Tyus Jones;DaRon Holmes;Hunter Tyson;KJ Simpson
2026,Oklahoma City Thunder,Washington Wizards,132,111,Chet Holmgren;Jalen Williams;Luguentz Dort;Cason Wallace;Ajay Mitchell;Isaiah Hartenstein;Aaron Wiggins;Isaiah Joe;Jaylin Williams;Alex Caruso;Jared McCain;Nikola Topić;Payton Sandfort;Kenrich Williams;Branden Carlson;Ousmane Dieng;Brooks Barnhizer;Chris Youngblood;Buddy Boeheim,CJ McCollum;Kyshawn George;Leaky Black;Bub Carrington;Alex Sarr;Bilal Coulibaly;Alondes Williams;Khris Middleton;Tre Johnson;Kadary Richmond;Will Riley;Trae Young;Jamir Watkins;Jaden Hardy;Justin Champagnie;Corey Kispert;Marvin Bagley III;Anthony Gill;Sharife Cooper;Cam Whitmore;Keshon Gilbert;Tristan Vukcevic;Skal Labissière;Malaki Branham;AJ Johnson
2026,Memphis Grizzlies,Charlotte Hornets,101,124,Lucas Williamson;Rayan Rupert;Jaren Jackson Jr.;Dariq Whitehead;Adama-Alpha Bal;Ja Morant;Santi Aldama;Jaylen Wells;Zach Edey;Cedric Coward;Tyler Burton;Walter Clayton;Lawson Lovering;Taylor Hendricks;Cam Spencer;Jock Landale;Ty Jerome;Kyle Anderson;Jahmai Mashack;Vince Williams Jr.;GG Jackson II;Kentavious Caldwell-Pope;Scotty Pippen Jr.;DeJon Jarreau;Javon Small;Olivier-Maxence Prosper;Christian Koloko;Charles Bassey;John Konchar;Brandon Clarke;Taj Gibson;PJ Hall,Miles Bridges;Brandon Miller;LaMelo Ball;Moussa Diabaté;Sion James;Collin Sexton;Ryan Kalkbrenner;Grant Williams;Coby White;KJ Simpson;Josh Green;PJ Hall;Tidjane Salaün;Tre Mann;Liam McNeeley;Drew Peterson;Mason Plumlee;Pat Connaughton;Antonio Reeves;Xavier Tillman Sr.
2026,Cleveland Cavaliers,New Orleans Pelicans,111,106,Donovan Mitchell;Evan Mobley;Darius Garland;Jarrett Allen;Jaylon Tyson;Sam Merrill;De'Andre Hunter;Keon Ellis;Max Strus;Dean Wade;Dennis Schröder;Lonzo Ball;Craig Porter Jr.;Nae'Qwan Tomlin;Larry Nance Jr.;Thomas Bryant;Tyrese Proctor;Olivier Sarr;Tristan Enaruna;Luke Travers;Riley Minix;Chris Livingston;Darius Brown II,Saddiq Bey;Zion Williamson;Herbert Jones;Dejounte Murray;Josh Oduro;Jeremiah Fears;Derik Queen;Jordan Poole;Jose Alvarado;Bryce McGowens;Yves Missi;DeAndre Jordan;Micah Peavy;Karlo Matković;Kevon Looney;Jordan Hawkins;Trey Alexander;Hunter Dickinson
2026,Los Angeles Lakers,Orlando Magic,105,104,Austin Reaves;LeBron James;Marcus Smart;Rui Hachimura;Deandre Ayton;Jake LaRavia;Luke Kennard;Gabe Vincent;Jaxson Hayes;Jarred Vanderbilt;Nick Smith Jr.;Maxi Kleber;Dalton Knecht;Bronny James;Drew Timme;Kobe Bufkin;Adou Thiero;Chris Mañon;Christian Koloko,Desmond Bane;Franz Wagner;Anthony Black;Wendell Carter Jr.;Jalen Suggs;Tristan Da Silva;Jevon Carter;Tyus Jones;Goga Bitadze;Noah Penda;Jett Howard;Jamal Cain;Moritz Wagner;Jase Richardson;Jonathan Isaac;Orlando Robinson;Alex Morales;Colin Castleton
2026,Golden State Warriors,Atlanta Hawks,110,126,Stephen Curry;Brandin Podziemski;Draymond Green;Moses Moody;Jonathan Kuminga;Kristaps Porziņģis;De'Anthony Melton;Al Horford;Gui Santos;Charles Bassey;Will Richard;Pat Spencer;Buddy Hield;Quinten Post;Nate Williams;LJ Cryer;Gary Payton II;Seth Curry;Omer Yurtseven;Trayce Jackson-Davis;Malevy Leons,Nickeil Alexander-Walker;Dyson Daniels;Onyeka Okongwu;CJ McCollum;Trae Young;Keshon Gilbert;Kristaps Porziņģis;Zaccharie Risacher;Vít Krejčí;Jonathan Kuminga;Luke Kennard;Jock Landale;Corey Kispert;Mouhamed Gueye;Gabe Vincent;Asa Newell;RayJ Dennis;Tony Bradley;Christian Koloko;Keaton Wallace;Buddy Hield;Caleb Houstan;N'Faly Dante;Jacob Toppin
2026,Miami Heat,Houston Rockets,122,123,Tyler Herro;Andrew Wiggins;Norman Powell;Davion Mitchell;Jaime Jaquez Jr.;Pelle Larsson;Kel'el Ware;Kasparas Jakučionis;Nikola Jović;Simone Fontecchio;Dru Smith;Myron Gardner;Keshad Johnson;Jahmir Young;Vladislav Goldin;Trevor Keels,Kevin Durant;Jabari Smith Jr.;Alperen Şengün;Reed Sheppard;Tari Eason;Steven Adams;Josh Okogie;Dorian Finney-Smith;Aaron Holiday;Clint Capela;Tristen Newton;Jae'Sean Tate;JD Davison;Isaiah Crawford;Jeff Green
2026,Indiana Pacers,San Antonio Spurs,119,134,Bennedict Mathurin;Andrew Nembhard;Aaron Nesmith;Jarace Walker;Kobe Brown;Jalen Slawson;Ivica Zubac;Ben Sheppard;Jay Huff;Ethan Thompson;Micah Potter;Johnny Furphy;Quenton Jackson;Obi Toppin;Jeremiah Robinson-Earl;T.J. McConnell;Isaiah Jackson;Kam Jones;James Wiseman;Cody Martin;Garrison Mathews;Taelon Peter;RayJ Dennis;Mac McClung;Tony Bradley;Monte Morris,Devin Vassell;Stephon Castle;Victor Wembanyama;Julian Champagnie;Harrison Barnes;Keldon Johnson;Dylan Harper;Luke Kornet;Jeremy Sochan;Carter Bryant;Kelly Olynyk;Mason Plumlee;Lindy Waters III;Jordan McLaughlin;David Jones García;Bismack Biyombo;Harrison Ingram;Stanley Umude;Riley Minix
2026,Los Angeles Clippers,Dallas Mavericks,138,131,Kawhi Leonard;Ivica Zubac;Darius Garland;Bennedict Mathurin;Kris Dunn;John Collins;Derrick Jones Jr.;Jordan Miller;Brook Lopez;Bradley Beal;Kobe Sanders;Bogdan Bogdanović;Nicolas Batum;Isaiah Jackson;Chris Paul;Yanic Konan Niederhäuser;Cam Christie;Kobe Brown;Patrick Baldwin Jr.;TyTy Washington Jr.;Dalano Banton;Sean Pedulla;Norchad Omier;RayJ Dennis;Jahmyl Telfort,Anthony Davis;P.J. Washington;Naji Marshall;Max Christie;Brandon Williams;Klay Thompson;Daniel Gafford;Marvin Bagley III;Khris Middleton;Ryan Nembhard;John Poulakidas;D'Angelo Russell;Tyus Jones;Dereck Lively II;Caleb Martin;Dwight Powell;Moussa Cisse;Tyler Smith;Jaden Hardy;Jeremiah Robinson-Earl;AJ Johnson;Miles Kelly
2026,Philadelphia 76ers,Utah Jazz,126,116,VJ Edgecombe;Joel Embiid;Kelly Oubre Jr.;Paul George;Quentin Grimes;Dominick Barlow;Andre Drummond;Adem Bona;Cameron Payne;Jared McCain;Trendon Watford;Justin Edwards;MarJon Beauchamp;Dalen Terry;Eric Gordon;Jabari Walker;Tyrese Martin;Kyle Lowry;Johni Broome;Charles Bassey;Hunter Sallis;Patrick Baldwin Jr.,Andersson Garcia;Keyonte George;Bez Mbeng;Kennedy Chandler;Walker Kessler;Ace Bailey;Jusuf Nurkić;John Konchar;Isaiah Collier;Hayden Gray;Cody Williams;Jaren Jackson Jr.;Brice Sensabaugh;Kyle Filipowski;Svi Mykhailiuk;Elijah Harkless;Blake Hinson;Kyle Anderson;Mo Bamba;Walter Clayton;Kevin Love;Oscar Tshiebwe;Taylor Hendricks;Vince Williams Jr.
2026,Milwaukee Bucks,Phoenix Suns,108,105,Ryan Rollins;A.J. Green;Giannis Antetokounmpo;Myles Turner;Ousmane Dieng;Kyle Kuzma;Cormac Ryan;Bobby Portis;Taurean Prince;Gary Trent Jr.;Jericho Sims;Cam Thomas;Pete Nance;Cole Anthony;Gary Harris;Amir Coffey;Andre Jackson Jr.;Thanasis Antetokounmpo;Mark Sears;Alex Antetokounmpo,Dillon Brooks;Grayson Allen;Collin Gillespie;Royce O'Neale;Jalen Green;Mark Williams;Jordan Goodwin;Oso Ighodaro;Ryan Dunn;Amir Coffey;Jamaree Bouyea;Haywood Highsmith;Rasheer Fleming;CJ Huntley;Isaiah Livers;Nick Richards;Khaman Maluach;Nigel Hayes-Davis;Koby Brea
2026,Portland Trail Blazers,Denver Nuggets,112,128,Deni Avdija;Jerami Grant;Shaedon Sharpe;Jrue Holiday;Donovan Clingan;Scoot Henderson;Kris Murray;Caleb Love;Vít Krejčí;Sidy Cissoko;Robert Williams;Matisse Thybulle;Rayan Rupert;Blake Wesley;Duop Reath;Yang Hansen;Chris Youngblood;Javonte Cooke;Jayson Kent,Nikola Jokić;Christian Braun;Cameron Johnson;Peyton Watson;Aaron Gordon;Tim Hardaway Jr.;Bruce Brown;Spencer Jones;Jalen Pickett;Julian Strawther;David Roddy;Jonas Valančiūnas;Zeke Nnaji;Curtis Jones;Tyus Jones;DaRon Holmes;Hunter Tyson;KJ Simpson
2026,Brooklyn Nets,Sacramento Kings,122,126,Tre Scott;Nic Claxton;Noah Clowney;Egor Dёmin;Terance Mann;Cam Thomas;Malachi Smith;Ziaire Williams;Nolan Traoré;Drake Powell;Danny Wolf;Ben Saraf;Chaney Johnson;Josh Minott;Tyrese Martin;Day'Ron Sharpe;Ochai Agbaji;Jalen Wilson;Tyson Etienne;E.J. Liddell;Grant Nelson,Zach LaVine;DeMar DeRozan;Domantas Sabonis;Russell Westbrook;Maxime Raynaud;Daeqwon Plowden;Dennis Schröder;De'Andre Hunter;Nique Clifford;Precious Achiuwa;Malik Monk;Dylan Cardwell;DaQuan Jeffries;Devin Carter;Killian Hayes;Keon Ellis;Doug McDermott;Patrick Baldwin Jr.;Isaiah Stevens;Drew Eubanks;Dario Šarić;Isaac Jones
2026,Washington Wizards,New York Knicks,113,145,CJ McCollum;Kyshawn George;Leaky Black;Bub Carrington;Alex Sarr;Bilal Coulibaly;Alondes Williams;Khris Middleton;Tre Johnson;Kadary Richmond;Will Riley;Trae Young;Jamir Watkins;Jaden Hardy;Justin Champagnie;Corey Kispert;Marvin Bagley III;Anthony Gill;Sharife Cooper;Cam Whitmore;Keshon Gilbert;Tristan Vukcevic;Skal Labissière;Malaki Branham;AJ Johnson,OG Anunoby;Mikal Bridges;Karl-Anthony Towns;Josh Hart;Miles McBride;Landry Shamet;Mitchell Robinson;Jordan Clarkson;Jose Alvarado;Tyler Kolek;Mohamed Diawara;Ariel Hukporti;Guerschon Yabusele;Kevin McCullar Jr.;Jeremy Sochan;Trey Jemison;Dillon Jones;Pacôme Dadiet;Tosan Evbuomwan
2026,Minnesota Timberwolves,Boston Celtics,102,92,Julius Randle;Jaden McDaniels;Rudy Gobert;Donte DiVincenzo;Ayo Dosunmu;Naz Reid;Kyle Anderson;Mike Conley;Bones Hyland;Jaylen Clark;Terrence Shannon Jr.;Rob Dillingham;Enrique Freeman;Zyon Pullin;Joan Beringer;Julian Phillips;Rocco Zikarsky;Joe Ingles;Leonard Miller;Johnny Juzang,Derrick White;Jayson Tatum;Payton Pritchard;Neemias Queta;Sam Hauser;Anfernee Simons;Nikola Vučević;Baylor Scheierman;Jordan Walsh;Luka Garza;Josh Minott;Hugo González;Dalano Banton;Ron Harper Jr.;Chris Boucher;Xavier Tillman Sr.;John Tonje;Amari Williams;Charles Bassey;Max Shulga
2026,Toronto Raptors,Phoenix Suns,98,120,Scottie Barnes;Immanuel Quickley;RJ Barrett;Jakob Poeltl;Jamal Shead;Collin Murray-Boyles;Sandro Mamukelashvili;Ja'Kobe Walter;Ochai Agbaji;Gradey Dick;A.J. Lawson;Jamison Battle;Markelle Fultz;Chucky Hepburn;Alijah Martin;Jonathan Mogbo;Trayce Jackson-Davis;Garrett Temple;Mo Bamba,Dillon Brooks;Grayson Allen;Collin Gillespie;Royce O'Neale;Jalen Green;Mark Williams;Jordan Goodwin;Oso Ighodaro;Ryan Dunn;Amir Coffey;Jamaree Bouyea;Haywood Highsmith;Rasheer Fleming;CJ Huntley;Isaiah Livers;Nick Richards;Khaman Maluach;Nigel Hayes-Davis;Koby Brea
2026,Los Angeles Lakers,Detroit Pistons,110,113,Austin Reaves;LeBron James;Marcus Smart;Rui Hachimura;Deandre Ayton;Jake LaRavia;Luke Kennard;Gabe Vincent;Jaxson Hayes;Jarred Vanderbilt;Nick Smith Jr.;Maxi Kleber;Dalton Knecht;Bronny James;Drew Timme;Kobe Bufkin;Adou Thiero;Chris Mañon;Christian Koloko,Jalen Duren;Tobias Harris;Duncan Robinson;Ausar Thompson;Isaiah Stewart;Kevin Huerter;Daniss Jenkins;Ron Holland;Caris LeVert;Javonte Green;Jaden Ivey;Paul Reed;Marcus Sasser;Wendell Moore Jr.;Tolu Smith;Chaz Lanier;Colby Jones;Bobi Klintman;Isaac Jones
2026,San Antonio Spurs,Miami Heat,136,111,Devin Vassell;Stephon Castle;Victor Wembanyama;Julian Champagnie;Harrison Barnes;Keldon Johnson;Dylan Harper;Luke Kornet;Jeremy Sochan;Carter Bryant;Kelly Olynyk;Mason Plumlee;Lindy Waters III;Jordan McLaughlin;David Jones García;Bismack Biyombo;Harrison Ingram;Stanley Umude;Riley Minix,Tyler Herro;Andrew Wiggins;Norman Powell;Davion Mitchell;Jaime Jaquez Jr.;Pelle Larsson;Kel'el Ware;Kasparas Jakučionis;Nikola Jović;Simone Fontecchio;Dru Smith;Myron Gardner;Keshad Johnson;Jahmir Young;Vladislav Goldin;Trevor Keels
2026,Indiana Pacers,Orlando Magic,128,126,Bennedict Mathurin;Andrew Nembhard;Aaron Nesmith;Jarace Walker;Kobe Brown;Jalen Slawson;Ivica Zubac;Ben Sheppard;Jay Huff;Ethan Thompson;Micah Potter;Johnny Furphy;Quenton Jackson;Obi Toppin;Jeremiah Robinson-Earl;T.J. McConnell;Isaiah Jackson;Kam Jones;James Wiseman;Cody Martin;Garrison Mathews;Taelon Peter;RayJ Dennis;Mac McClung;Tony Bradley;Monte Morris,Desmond Bane;Franz Wagner;Anthony Black;Wendell Carter Jr.;Jalen Suggs;Tristan Da Silva;Jevon Carter;Tyus Jones;Goga Bitadze;Noah Penda;Jett Howard;Jamal Cain;Moritz Wagner;Jase Richardson;Jonathan Isaac;Orlando Robinson;Alex Morales;Colin Castleton
2026,Oklahoma City Thunder,Philadelphia 76ers,123,103,Chet Holmgren;Jalen Williams;Luguentz Dort;Cason Wallace;Ajay Mitchell;Isaiah Hartenstein;Aaron Wiggins;Isaiah Joe;Jaylin Williams;Alex Caruso;Jared McCain;Nikola Topić;Payton Sandfort;Kenrich Williams;Branden Carlson;Ousmane Dieng;Brooks Barnhizer;Chris Youngblood;Buddy Boeheim,VJ Edgecombe;Joel Embiid;Kelly Oubre Jr.;Paul George;Quentin Grimes;Dominick Barlow;Andre Drummond;Adem Bona;Cameron Payne;Jared McCain;Trendon Watford;Justin Edwards;MarJon Beauchamp;Dalen Terry;Eric Gordon;Jabari Walker;Tyrese Martin;Kyle Lowry;Johni Broome;Charles Bassey;Hunter Sallis;Patrick Baldwin Jr.
2026,Memphis Grizzlies,Atlanta Hawks,107,146,Lucas Williamson;Rayan Rupert;Jaren Jackson Jr.;Dariq Whitehead;Adama-Alpha Bal;Ja Morant;Santi Aldama;Jaylen Wells;Zach Edey;Cedric Coward;Tyler Burton;Walter Clayton;Lawson Lovering;Taylor Hendricks;Cam Spencer;Jock Landale;Ty Jerome;Kyle Anderson;Jahmai Mashack;Vince Williams Jr.;GG Jackson II;Kentavious Caldwell-Pope;Scotty Pippen Jr.;DeJon Jarreau;Javon Small;Olivier-Maxence Prosper;Christian Koloko;Charles Bassey;John Konchar;Brandon Clarke;Taj Gibson;PJ Hall,Nickeil Alexander-Walker;Dyson Daniels;Onyeka Okongwu;CJ McCollum;Trae Young;Keshon Gilbert;Kristaps Porziņģis;Zaccharie Risacher;Vít Krejčí;Jonathan Kuminga;Luke Kennard;Jock Landale;Corey Kispert;Mouhamed Gueye;Gabe Vincent;Asa Newell;RayJ Dennis;Tony Bradley;Christian Koloko;Keaton Wallace;Buddy Hield;Caleb Houstan;N'Faly Dante;Jacob Toppin
2026,Houston Rockets,Chicago Bulls,124,132,Kevin Durant;Jabari Smith Jr.;Alperen Şengün;Reed Sheppard;Tari Eason;Steven Adams;Josh Okogie;Dorian Finney-Smith;Aaron Holiday;Clint Capela;Tristen Newton;Jae'Sean Tate;JD Davison;Isaiah Crawford;Jeff Green,Nikola Vučević;Matas Buzelis;Coby White;Jaden Ivey;Anfernee Simons;Tre Jones;Isaac Okoro;Ayo Dosunmu;Collin Sexton;Guerschon Yabusele;Kevin Huerter;Leonard Miller;Mouhamadou Gueye;Nick Richards;Rob Dillingham;Jalen Smith;Patrick Williams;Zach Collins;Mac McClung;Yuki Kawamura;Dalen Terry;Jevon Carter;Julian Phillips;Lachlan Olbrich;Emanuel Miller;Trentyn Flowers;Noa Essengue
2026,Toronto Raptors,Utah Jazz,143,127,Scottie Barnes;Immanuel Quickley;RJ Barrett;Jakob Poeltl;Jamal Shead;Collin Murray-Boyles;Sandro Mamukelashvili;Ja'Kobe Walter;Ochai Agbaji;Gradey Dick;A.J. Lawson;Jamison Battle;Markelle Fultz;Chucky Hepburn;Alijah Martin;Jonathan Mogbo;Trayce Jackson-Davis;Garrett Temple;Mo Bamba,Andersson Garcia;Keyonte George;Bez Mbeng;Kennedy Chandler;Walker Kessler;Ace Bailey;Jusuf Nurkić;John Konchar;Isaiah Collier;Hayden Gray;Cody Williams;Jaren Jackson Jr.;Brice Sensabaugh;Kyle Filipowski;Svi Mykhailiuk;Elijah Harkless;Blake Hinson;Kyle Anderson;Mo Bamba;Walter Clayton;Kevin Love;Oscar Tshiebwe;Taylor Hendricks;Vince Williams Jr.
2026,Golden State Warriors,Dallas Mavericks,137,131,Stephen Curry;Brandin Podziemski;Draymond Green;Moses Moody;Jonathan Kuminga;Kristaps Porziņģis;De'Anthony Melton;Al Horford;Gui Santos;Charles Bassey;Will Richard;Pat Spencer;Buddy Hield;Quinten Post;Nate Williams;LJ Cryer;Gary Payton II;Seth Curry;Omer Yurtseven;Trayce Jackson-Davis;Malevy Leons,Anthony Davis;P.J. Washington;Naji Marshall;Max Christie;Brandon Williams;Klay Thompson;Daniel Gafford;Marvin Bagley III;Khris Middleton;Ryan Nembhard;John Poulakidas;D'Angelo Russell;Tyus Jones;Dereck Lively II;Caleb Martin;Dwight Powell;Moussa Cisse;Tyler Smith;Jaden Hardy;Jeremiah Robinson-Earl;AJ Johnson;Miles Kelly
2026,Brooklyn Nets,Portland Trail Blazers,99,134,Tre Scott;Nic Claxton;Noah Clowney;Egor Dёmin;Terance Mann;Cam Thomas;Malachi Smith;Ziaire Williams;Nolan Traoré;Drake Powell;Danny Wolf;Ben Saraf;Chaney Johnson;Josh Minott;Tyrese Martin;Day'Ron Sharpe;Ochai Agbaji;Jalen Wilson;Tyson Etienne;E.J. Liddell;Grant Nelson,Deni Avdija;Jerami Grant;Shaedon Sharpe;Jrue Holiday;Donovan Clingan;Scoot Henderson;Kris Murray;Caleb Love;Vít Krejčí;Sidy Cissoko;Robert Williams;Matisse Thybulle;Rayan Rupert;Blake Wesley;Duop Reath;Yang Hansen;Chris Youngblood;Javonte Cooke;Jayson Kent
2026,Milwaukee Bucks,Los Angeles Clippers,96,129,Ryan Rollins;A.J. Green;Giannis Antetokounmpo;Myles Turner;Ousmane Dieng;Kyle Kuzma;Cormac Ryan;Bobby Portis;Taurean Prince;Gary Trent Jr.;Jericho Sims;Cam Thomas;Pete Nance;Cole Anthony;Gary Harris;Amir Coffey;Andre Jackson Jr.;Thanasis Antetokounmpo;Mark Sears;Alex Antetokounmpo,Kawhi Leonard;Ivica Zubac;Darius Garland;Bennedict Mathurin;Kris Dunn;John Collins;Derrick Jones Jr.;Jordan Miller;Brook Lopez;Bradley Beal;Kobe Sanders;Bogdan Bogdanović;Nicolas Batum;Isaiah Jackson;Chris Paul;Yanic Konan Niederhäuser;Cam Christie;Kobe Brown;Patrick Baldwin Jr.;TyTy Washington Jr.;Dalano Banton;Sean Pedulla;Norchad Omier;RayJ Dennis;Jahmyl Telfort
2026,Sacramento Kings,Charlotte Hornets,90,134,Zach LaVine;DeMar DeRozan;Domantas Sabonis;Russell Westbrook;Maxime Raynaud;Daeqwon Plowden;Dennis Schröder;De'Andre Hunter;Nique Clifford;Precious Achiuwa;Malik Monk;Dylan Cardwell;DaQuan Jeffries;Devin Carter;Killian Hayes;Keon Ellis;Doug McDermott;Patrick Baldwin Jr.;Isaiah Stevens;Drew Eubanks;Dario Šarić;Isaac Jones,Miles Bridges;Brandon Miller;LaMelo Ball;Moussa Diabaté;Sion James;Collin Sexton;Ryan Kalkbrenner;Grant Williams;Coby White;KJ Simpson;Josh Green;PJ Hall;Tidjane Salaün;Tre Mann;Liam McNeeley;Drew Peterson;Mason Plumlee;Pat Connaughton;Antonio Reeves;Xavier Tillman Sr.
2026,New Orleans Pelicans,New York Knicks,116,121,Saddiq Bey;Zion Williamson;Herbert Jones;Dejounte Murray;Josh Oduro;Jeremiah Fears;Derik Queen;Jordan Poole;Jose Alvarado;Bryce McGowens;Yves Missi;DeAndre Jordan;Micah Peavy;Karlo Matković;Kevon Looney;Jordan Hawkins;Trey Alexander;Hunter Dickinson,OG Anunoby;Mikal Bridges;Karl-Anthony Towns;Josh Hart;Miles McBride;Landry Shamet;Mitchell Robinson;Jordan Clarkson;Jose Alvarado;Tyler Kolek;Mohamed Diawara;Ariel Hukporti;Guerschon Yabusele;Kevin McCullar Jr.;Jeremy Sochan;Trey Jemison;Dillon Jones;Pacôme Dadiet;Tosan Evbuomwan
2026,Orlando Magic,Cleveland Cavaliers,131,136,Desmond Bane;Franz Wagner;Anthony Black;Wendell Carter Jr.;Jalen Suggs;Tristan Da Silva;Jevon Carter;Tyus Jones;Goga Bitadze;Noah Penda;Jett Howard;Jamal Cain;Moritz Wagner;Jase Richardson;Jonathan Isaac;Orlando Robinson;Alex Morales;Colin Castleton,Donovan Mitchell;Evan Mobley;Darius Garland;Jarrett Allen;Jaylon Tyson;Sam Merrill;De'Andre Hunter;Keon Ellis;Max Strus;Dean Wade;Dennis Schröder;Lonzo Ball;Craig Porter Jr.;Nae'Qwan Tomlin;Larry Nance Jr.;Thomas Bryant;Tyrese Proctor;Olivier Sarr;Tristan Enaruna;Luke Travers;Riley Minix;Chris Livingston;Darius Brown II
2026,Denver Nuggets,Phoenix Suns,125,123,Nikola Jokić;Christian Braun;Cameron Johnson;Peyton Watson;Aaron Gordon;Tim Hardaway Jr.;Bruce Brown;Spencer Jones;Jalen Pickett;Julian Strawther;David Roddy;Jonas Valančiūnas;Zeke Nnaji;Curtis Jones;Tyus Jones;DaRon Holmes;Hunter Tyson;KJ Simpson,Dillon Brooks;Grayson Allen;Collin Gillespie;Royce O'Neale;Jalen Green;Mark Williams;Jordan Goodwin;Oso Ighodaro;Ryan Dunn;Amir Coffey;Jamaree Bouyea;Haywood Highsmith;Rasheer Fleming;CJ Huntley;Isaiah Livers;Nick Richards;Khaman Maluach;Nigel Hayes-Davis;Koby Brea
2026,Atlanta Hawks,Detroit Pistons,130,129,Nickeil Alexander-Walker;Dyson Daniels;Onyeka Okongwu;CJ McCollum;Trae Young;Keshon Gilbert;Kristaps Porziņģis;Zaccharie Risacher;Vít Krejčí;Jonathan Kuminga;Luke Kennard;Jock Landale;Corey Kispert;Mouhamed Gueye;Gabe Vincent;Asa Newell;RayJ Dennis;Tony Bradley;Christian Koloko;Keaton Wallace;Buddy Hield;Caleb Houstan;N'Faly Dante;Jacob Toppin,Jalen Duren;Tobias Harris;Duncan Robinson;Ausar Thompson;Isaiah Stewart;Kevin Huerter;Daniss Jenkins;Ron Holland;Caris LeVert;Javonte Green;Jaden Ivey;Paul Reed;Marcus Sasser;Wendell Moore Jr.;Tolu Smith;Chaz Lanier;Colby Jones;Bobi Klintman;Isaac Jones
2026,Los Angeles Lakers,Indiana Pacers,137,130,Austin Reaves;LeBron James;Marcus Smart;Rui Hachimura;Deandre Ayton;Jake LaRavia;Luke Kennard;Gabe Vincent;Jaxson Hayes;Jarred Vanderbilt;Nick Smith Jr.;Maxi Kleber;Dalton Knecht;Bronny James;Drew Timme;Kobe Bufkin;Adou Thiero;Chris Mañon;Christian Koloko,Bennedict Mathurin;Andrew Nembhard;Aaron Nesmith;Jarace Walker;Kobe Brown;Jalen Slawson;Ivica Zubac;Ben Sheppard;Jay Huff;Ethan Thompson;Micah Potter;Johnny Furphy;Quenton Jackson;Obi Toppin;Jeremiah Robinson-Earl;T.J. McConnell;Isaiah Jackson;Kam Jones;James Wiseman;Cody Martin;Garrison Mathews;Taelon Peter;RayJ Dennis;Mac McClung;Tony Bradley;Monte Morris
2026,Chicago Bulls,Philadelphia 76ers,137,157,Nikola Vučević;Matas Buzelis;Coby White;Jaden Ivey;Anfernee Simons;Tre Jones;Isaac Okoro;Ayo Dosunmu;Collin Sexton;Guerschon Yabusele;Kevin Huerter;Leonard Miller;Mouhamadou Gueye;Nick Richards;Rob Dillingham;Jalen Smith;Patrick Williams;Zach Collins;Mac McClung;Yuki Kawamura;Dalen Terry;Jevon Carter;Julian Phillips;Lachlan Olbrich;Emanuel Miller;Trentyn Flowers;Noa Essengue,VJ Edgecombe;Joel Embiid;Kelly Oubre Jr.;Paul George;Quentin Grimes;Dominick Barlow;Andre Drummond;Adem Bona;Cameron Payne;Jared McCain;Trendon Watford;Justin Edwards;MarJon Beauchamp;Dalen Terry;Eric Gordon;Jabari Walker;Tyrese Martin;Kyle Lowry;Johni Broome;Charles Bassey;Hunter Sallis;Patrick Baldwin Jr.
2026,Oklahoma City Thunder,Boston Celtics,109,119,Chet Holmgren;Jalen Williams;Luguentz Dort;Cason Wallace;Ajay Mitchell;Isaiah Hartenstein;Aaron Wiggins;Isaiah Joe;Jaylin Williams;Alex Caruso;Jared McCain;Nikola Topić;Payton Sandfort;Kenrich Williams;Branden Carlson;Ousmane Dieng;Brooks Barnhizer;Chris Youngblood;Buddy Boeheim,Derrick White;Jayson Tatum;Payton Pritchard;Neemias Queta;Sam Hauser;Anfernee Simons;Nikola Vučević;Baylor Scheierman;Jordan Walsh;Luka Garza;Josh Minott;Hugo González;Dalano Banton;Ron Harper Jr.;Chris Boucher;Xavier Tillman Sr.;John Tonje;Amari Williams;Charles Bassey;Max Shulga
2026,Miami Heat,Cleveland Cavaliers,120,103,Tyler Herro;Andrew Wiggins;Norman Powell;Davion Mitchell;Jaime Jaquez Jr.;Pelle Larsson;Kel'el Ware;Kasparas Jakučionis;Nikola Jović;Simone Fontecchio;Dru Smith;Myron Gardner;Keshad Johnson;Jahmir Young;Vladislav Goldin;Trevor Keels,Donovan Mitchell;Evan Mobley;Darius Garland;Jarrett Allen;Jaylon Tyson;Sam Merrill;De'Andre Hunter;Keon Ellis;Max Strus;Dean Wade;Dennis Schröder;Lonzo Ball;Craig Porter Jr.;Nae'Qwan Tomlin;Larry Nance Jr.;Thomas Bryant;Tyrese Proctor;Olivier Sarr;Tristan Enaruna;Luke Travers;Riley Minix;Chris Livingston;Darius Brown II
2026,San Antonio Spurs,Memphis Grizzlies,123,98,Devin Vassell;Stephon Castle;Victor Wembanyama;Julian Champagnie;Harrison Barnes;Keldon Johnson;Dylan Harper;Luke Kornet;Jeremy Sochan;Carter Bryant;Kelly Olynyk;Mason Plumlee;Lindy Waters III;Jordan McLaughlin;David Jones García;Bismack Biyombo;Harrison Ingram;Stanley Umude;Riley Minix,Lucas Williamson;Rayan Rupert;Jaren Jackson Jr.;Dariq Whitehead;Adama-Alpha Bal;Ja Morant;Santi Aldama;Jaylen Wells;Zach Edey;Cedric Coward;Tyler Burton;Walter Clayton;Lawson Lovering;Taylor Hendricks;Cam Spencer;Jock Landale;Ty Jerome;Kyle Anderson;Jahmai Mashack;Vince Williams Jr.;GG Jackson II;Kentavious Caldwell-Pope;Scotty Pippen Jr.;DeJon Jarreau;Javon Small;Olivier-Maxence Prosper;Christian Koloko;Charles Bassey;John Konchar;Brandon Clarke;Taj Gibson;PJ Hall
2026,Washington Wizards,Utah Jazz,133,110,CJ McCollum;Kyshawn George;Leaky Black;Bub Carrington;Alex Sarr;Bilal Coulibaly;Alondes Williams;Khris Middleton;Tre Johnson;Kadary Richmond;Will Riley;Trae Young;Jamir Watkins;Jaden Hardy;Justin Champagnie;Corey Kispert;Marvin Bagley III;Anthony Gill;Sharife Cooper;Cam Whitmore;Keshon Gilbert;Tristan Vukcevic;Skal Labissière;Malaki Branham;AJ Johnson,Andersson Garcia;Keyonte George;Bez Mbeng;Kennedy Chandler;Walker Kessler;Ace Bailey;Jusuf Nurkić;John Konchar;Isaiah Collier;Hayden Gray;Cody Williams;Jaren Jackson Jr.;Brice Sensabaugh;Kyle Filipowski;Svi Mykhailiuk;Elijah Harkless;Blake Hinson;Kyle Anderson;Mo Bamba;Walter Clayton;Kevin Love;Oscar Tshiebwe;Taylor Hendricks;Vince Williams Jr.
2026,Houston Rockets,Minnesota Timberwolves,108,110,Kevin Durant;Jabari Smith Jr.;Alperen Şengün;Reed Sheppard;Tari Eason;Steven Adams;Josh Okogie;Dorian Finney-Smith;Aaron Holiday;Clint Capela;Tristen Newton;Jae'Sean Tate;JD Davison;Isaiah Crawford;Jeff Green,Julius Randle;Jaden McDaniels;Rudy Gobert;Donte DiVincenzo;Ayo Dosunmu;Naz Reid;Kyle Anderson;Mike Conley;Bones Hyland;Jaylen Clark;Terrence Shannon Jr.;Rob Dillingham;Enrique Freeman;Zyon Pullin;Joan Beringer;Julian Phillips;Rocco Zikarsky;Joe Ingles;Leonard Miller;Johnny Juzang
2026,Dallas Mavericks,Denver Nuggets,135,142,Anthony Davis;P.J. Washington;Naji Marshall;Max Christie;Brandon Williams;Klay Thompson;Daniel Gafford;Marvin Bagley III;Khris Middleton;Ryan Nembhard;John Poulakidas;D'Angelo Russell;Tyus Jones;Dereck Lively II;Caleb Martin;Dwight Powell;Moussa Cisse;Tyler Smith;Jaden Hardy;Jeremiah Robinson-Earl;AJ Johnson;Miles Kelly,Nikola Jokić;Christian Braun;Cameron Johnson;Peyton Watson;Aaron Gordon;Tim Hardaway Jr.;Bruce Brown;Spencer Jones;Jalen Pickett;Julian Strawther;David Roddy;Jonas Valančiūnas;Zeke Nnaji;Curtis Jones;Tyus Jones;DaRon Holmes;Hunter Tyson;KJ Simpson
2026,Brooklyn Nets,Golden State Warriors,106,109,Tre Scott;Nic Claxton;Noah Clowney;Egor Dёmin;Terance Mann;Cam Thomas;Malachi Smith;Ziaire Williams;Nolan Traoré;Drake Powell;Danny Wolf;Ben Saraf;Chaney Johnson;Josh Minott;Tyrese Martin;Day'Ron Sharpe;Ochai Agbaji;Jalen Wilson;Tyson Etienne;E.J. Liddell;Grant Nelson,Stephen Curry;Brandin Podziemski;Draymond Green;Moses Moody;Jonathan Kuminga;Kristaps Porziņģis;De'Anthony Melton;Al Horford;Gui Santos;Charles Bassey;Will Richard;Pat Spencer;Buddy Hield;Quinten Post;Nate Williams;LJ Cryer;Gary Payton II;Seth Curry;Omer Yurtseven;Trayce Jackson-Davis;Malevy Leons
2026,Milwaukee Bucks,Portland Trail Blazers,99,130,Ryan Rollins;A.J. Green;Giannis Antetokounmpo;Myles Turner;Ousmane Dieng;Kyle Kuzma;Cormac Ryan;Bobby Portis;Taurean Prince;Gary Trent Jr.;Jericho Sims;Cam Thomas;Pete Nance;Cole Anthony;Gary Harris;Amir Coffey;Andre Jackson Jr.;Thanasis Antetokounmpo;Mark Sears;Alex Antetokounmpo,Deni Avdija;Jerami Grant;Shaedon Sharpe;Jrue Holiday;Donovan Clingan;Scoot Henderson;Kris Murray;Caleb Love;Vít Krejčí;Sidy Cissoko;Robert Williams;Matisse Thybulle;Rayan Rupert;Blake Wesley;Duop Reath;Yang Hansen;Chris Youngblood;Javonte Cooke;Jayson Kent
2026,Toronto Raptors,Los Angeles Clippers,94,119,Scottie Barnes;Immanuel Quickley;RJ Barrett;Jakob Poeltl;Jamal Shead;Collin Murray-Boyles;Sandro Mamukelashvili;Ja'Kobe Walter;Ochai Agbaji;Gradey Dick;A.J. Lawson;Jamison Battle;Markelle Fultz;Chucky Hepburn;Alijah Martin;Jonathan Mogbo;Trayce Jackson-Davis;Garrett Temple;Mo Bamba,Kawhi Leonard;Ivica Zubac;Darius Garland;Bennedict Mathurin;Kris Dunn;John Collins;Derrick Jones Jr.;Jordan Miller;Brook Lopez;Bradley Beal;Kobe Sanders;Bogdan Bogdanović;Nicolas Batum;Isaiah Jackson;Chris Paul;Yanic Konan Niederhäuser;Cam Christie;Kobe Brown;Patrick Baldwin Jr.;TyTy Washington Jr.;Dalano Banton;Sean Pedulla;Norchad Omier;RayJ Dennis;Jahmyl Telfort
2026,New York Knicks,Charlotte Hornets,103,114,OG Anunoby;Mikal Bridges;Karl-Anthony Towns;Josh Hart;Miles McBride;Landry Shamet;Mitchell Robinson;Jordan Clarkson;Jose Alvarado;Tyler Kolek;Mohamed Diawara;Ariel Hukporti;Guerschon Yabusele;Kevin McCullar Jr.;Jeremy Sochan;Trey Jemison;Dillon Jones;Pacôme Dadiet;Tosan Evbuomwan,Miles Bridges;Brandon Miller;LaMelo Ball;Moussa Diabaté;Sion James;Collin Sexton;Ryan Kalkbrenner;Grant Williams;Coby White;KJ Simpson;Josh Green;PJ Hall;Tidjane Salaün;Tre Mann;Liam McNeeley;Drew Peterson;Mason Plumlee;Pat Connaughton;Antonio Reeves;Xavier Tillman Sr.
2026,New Orleans Pelicans,Detroit Pistons,108,129,Saddiq Bey;Zion Williamson;Herbert Jones;Dejounte Murray;Josh Oduro;Jeremiah Fears;Derik Queen;Jordan Poole;Jose Alvarado;Bryce McGowens;Yves Missi;DeAndre Jordan;Micah Peavy;Karlo Matković;Kevon Looney;Jordan Hawkins;Trey Alexander;Hunter Dickinson,Jalen Duren;Tobias Harris;Duncan Robinson;Ausar Thompson;Isaiah Stewart;Kevin Huerter;Daniss Jenkins;Ron Holland;Caris LeVert;Javonte Green;Jaden Ivey;Paul Reed;Marcus Sasser;Wendell Moore Jr.;Tolu Smith;Chaz Lanier;Colby Jones;Bobi Klintman;Isaac Jones
2026,Sacramento Kings,Orlando Magic,117,121,Zach LaVine;DeMar DeRozan;Domantas Sabonis;Russell Westbrook;Maxime Raynaud;Daeqwon Plowden;Dennis Schröder;De'Andre Hunter;Nique Clifford;Precious Achiuwa;Malik Monk;Dylan Cardwell;DaQuan Jeffries;Devin Carter;Killian Hayes;Keon Ellis;Doug McDermott;Patrick Baldwin Jr.;Isaiah Stevens;Drew Eubanks;Dario Šarić;Isaac Jones,Desmond Bane;Franz Wagner;Anthony Black;Wendell Carter Jr.;Jalen Suggs;Tristan Da Silva;Jevon Carter;Tyus Jones;Goga Bitadze;Noah Penda;Jett Howard;Jamal Cain;Moritz Wagner;Jase Richardson;Jonathan Isaac;Orlando Robinson;Alex Morales;Colin Castleton
2026,Los Angeles Clippers,Indiana Pacers,114,113,Kawhi Leonard;Ivica Zubac;Darius Garland;Bennedict Mathurin;Kris Dunn;John Collins;Derrick Jones Jr.;Jordan Miller;Brook Lopez;Bradley Beal;Kobe Sanders;Bogdan Bogdanović;Nicolas Batum;Isaiah Jackson;Chris Paul;Yanic Konan Niederhäuser;Cam Christie;Kobe Brown;Patrick Baldwin Jr.;TyTy Washington Jr.;Dalano Banton;Sean Pedulla;Norchad Omier;RayJ Dennis;Jahmyl Telfort,Bennedict Mathurin;Andrew Nembhard;Aaron Nesmith;Jarace Walker;Kobe Brown;Jalen Slawson;Ivica Zubac;Ben Sheppard;Jay Huff;Ethan Thompson;Micah Potter;Johnny Furphy;Quenton Jackson;Obi Toppin;Jeremiah Robinson-Earl;T.J. McConnell;Isaiah Jackson;Kam Jones;James Wiseman;Cody Martin;Garrison Mathews;Taelon Peter;RayJ Dennis;Mac McClung;Tony Bradley;Monte Morris
2026,Atlanta Hawks,Boston Celtics,102,109,Nickeil Alexander-Walker;Dyson Daniels;Onyeka Okongwu;CJ McCollum;Trae Young;Keshon Gilbert;Kristaps Porziņģis;Zaccharie Risacher;Vít Krejčí;Jonathan Kuminga;Luke Kennard;Jock Landale;Corey Kispert;Mouhamed Gueye;Gabe Vincent;Asa Newell;RayJ Dennis;Tony Bradley;Christian Koloko;Keaton Wallace;Buddy Hield;Caleb Houstan;N'Faly Dante;Jacob Toppin,Derrick White;Jayson Tatum;Payton Pritchard;Neemias Queta;Sam Hauser;Anfernee Simons;Nikola Vučević;Baylor Scheierman;Jordan Walsh;Luka Garza;Josh Minott;Hugo González;Dalano Banton;Ron Harper Jr.;Chris Boucher;Xavier Tillman Sr.;John Tonje;Amari Williams;Charles Bassey;Max Shulga
2026,Miami Heat,Cleveland Cavaliers,128,149,Tyler Herro;Andrew Wiggins;Norman Powell;Davion Mitchell;Jaime Jaquez Jr.;Pelle Larsson;Kel'el Ware;Kasparas Jakučionis;Nikola Jović;Simone Fontecchio;Dru Smith;Myron Gardner;Keshad Johnson;Jahmir Young;Vladislav Goldin;Trevor Keels,Donovan Mitchell;Evan Mobley;Darius Garland;Jarrett Allen;Jaylon Tyson;Sam Merrill;De'Andre Hunter;Keon Ellis;Max Strus;Dean Wade;Dennis Schröder;Lonzo Ball;Craig Porter Jr.;Nae'Qwan Tomlin;Larry Nance Jr.;Thomas Bryant;Tyrese Proctor;Olivier Sarr;Tristan Enaruna;Luke Travers;Riley Minix;Chris Livingston;Darius Brown II
2026,Houston Rockets,Memphis Grizzlies,119,109,Kevin Durant;Jabari Smith Jr.;Alperen Şengün;Reed Sheppard;Tari Eason;Steven Adams;Josh Okogie;Dorian Finney-Smith;Aaron Holiday;Clint Capela;Tristen Newton;Jae'Sean Tate;JD Davison;Isaiah Crawford;Jeff Green,Lucas Williamson;Rayan Rupert;Jaren Jackson Jr.;Dariq Whitehead;Adama-Alpha Bal;Ja Morant;Santi Aldama;Jaylen Wells;Zach Edey;Cedric Coward;Tyler Burton;Walter Clayton;Lawson Lovering;Taylor Hendricks;Cam Spencer;Jock Landale;Ty Jerome;Kyle Anderson;Jahmai Mashack;Vince Williams Jr.;GG Jackson II;Kentavious Caldwell-Pope;Scotty Pippen Jr.;DeJon Jarreau;Javon Small;Olivier-Maxence Prosper;Christian Koloko;Charles Bassey;John Konchar;Brandon Clarke;Taj Gibson;PJ Hall
2026,Chicago Bulls,Oklahoma City Thunder,113,131,Nikola Vučević;Matas Buzelis;Coby White;Jaden Ivey;Anfernee Simons;Tre Jones;Isaac Okoro;Ayo Dosunmu;Collin Sexton;Guerschon Yabusele;Kevin Huerter;Leonard Miller;Mouhamadou Gueye;Nick Richards;Rob Dillingham;Jalen Smith;Patrick Williams;Zach Collins;Mac McClung;Yuki Kawamura;Dalen Terry;Jevon Carter;Julian Phillips;Lachlan Olbrich;Emanuel Miller;Trentyn Flowers;Noa Essengue,Chet Holmgren;Jalen Williams;Luguentz Dort;Cason Wallace;Ajay Mitchell;Isaiah Hartenstein;Aaron Wiggins;Isaiah Joe;Jaylin Williams;Alex Caruso;Jared McCain;Nikola Topić;Payton Sandfort;Kenrich Williams;Branden Carlson;Ousmane Dieng;Brooks Barnhizer;Chris Youngblood;Buddy Boeheim
2026,New Orleans Pelicans,Toronto Raptors,106,119,Saddiq Bey;Zion Williamson;Herbert Jones;Dejounte Murray;Josh Oduro;Jeremiah Fears;Derik Queen;Jordan Poole;Jose Alvarado;Bryce McGowens;Yves Missi;DeAndre Jordan;Micah Peavy;Karlo Matković;Kevon Looney;Jordan Hawkins;Trey Alexander;Hunter Dickinson,Scottie Barnes;Immanuel Quickley;RJ Barrett;Jakob Poeltl;Jamal Shead;Collin Murray-Boyles;Sandro Mamukelashvili;Ja'Kobe Walter;Ochai Agbaji;Gradey Dick;A.J. Lawson;Jamison Battle;Markelle Fultz;Chucky Hepburn;Alijah Martin;Jonathan Mogbo;Trayce Jackson-Davis;Garrett Temple;Mo Bamba
2026,Utah Jazz,Denver Nuggets,129,135,Andersson Garcia;Keyonte George;Bez Mbeng;Kennedy Chandler;Walker Kessler;Ace Bailey;Jusuf Nurkić;John Konchar;Isaiah Collier;Hayden Gray;Cody Williams;Jaren Jackson Jr.;Brice Sensabaugh;Kyle Filipowski;Svi Mykhailiuk;Elijah Harkless;Blake Hinson;Kyle Anderson;Mo Bamba;Walter Clayton;Kevin Love;Oscar Tshiebwe;Taylor Hendricks;Vince Williams Jr.,Nikola Jokić;Christian Braun;Cameron Johnson;Peyton Watson;Aaron Gordon;Tim Hardaway Jr.;Bruce Brown;Spencer Jones;Jalen Pickett;Julian Strawther;David Roddy;Jonas Valančiūnas;Zeke Nnaji;Curtis Jones;Tyus Jones;DaRon Holmes;Hunter Tyson;KJ Simpson
2026,Washington Wizards,Golden State Warriors,126,131,CJ McCollum;Kyshawn George;Leaky Black;Bub Carrington;Alex Sarr;Bilal Coulibaly;Alondes Williams;Khris Middleton;Tre Johnson;Kadary Richmond;Will Riley;Trae Young;Jamir Watkins;Jaden Hardy;Justin Champagnie;Corey Kispert;Marvin Bagley III;Anthony Gill;Sharife Cooper;Cam Whitmore;Keshon Gilbert;Tristan Vukcevic;Skal Labissière;Malaki Branham;AJ Johnson,Stephen Curry;Brandin Podziemski;Draymond Green;Moses Moody;Jonathan Kuminga;Kristaps Porziņģis;De'Anthony Melton;Al Horford;Gui Santos;Charles Bassey;Will Richard;Pat Spencer;Buddy Hield;Quinten Post;Nate Williams;LJ Cryer;Gary Payton II;Seth Curry;Omer Yurtseven;Trayce Jackson-Davis;Malevy Leons
2026,Dallas Mavericks,Portland Trail Blazers,100,93,Anthony Davis;P.J. Washington;Naji Marshall;Max Christie;Brandon Williams;Klay Thompson;Daniel Gafford;Marvin Bagley III;Khris Middleton;Ryan Nembhard;John Poulakidas;D'Angelo Russell;Tyus Jones;Dereck Lively II;Caleb Martin;Dwight Powell;Moussa Cisse;Tyler Smith;Jaden Hardy;Jeremiah Robinson-Earl;AJ Johnson;Miles Kelly,Deni Avdija;Jerami Grant;Shaedon Sharpe;Jrue Holiday;Donovan Clingan;Scoot Henderson;Kris Murray;Caleb Love;Vít Krejčí;Sidy Cissoko;Robert Williams;Matisse Thybulle;Rayan Rupert;Blake Wesley;Duop Reath;Yang Hansen;Chris Youngblood;Javonte Cooke;Jayson Kent
2026,Brooklyn Nets,Los Angeles Lakers,99,116,Tre Scott;Nic Claxton;Noah Clowney;Egor Dёmin;Terance Mann;Cam Thomas;Malachi Smith;Ziaire Williams;Nolan Traoré;Drake Powell;Danny Wolf;Ben Saraf;Chaney Johnson;Josh Minott;Tyrese Martin;Day'Ron Sharpe;Ochai Agbaji;Jalen Wilson;Tyson Etienne;E.J. Liddell;Grant Nelson,Austin Reaves;LeBron James;Marcus Smart;Rui Hachimura;Deandre Ayton;Jake LaRavia;Luke Kennard;Gabe Vincent;Jaxson Hayes;Jarred Vanderbilt;Nick Smith Jr.;Maxi Kleber;Dalton Knecht;Bronny James;Drew Timme;Kobe Bufkin;Adou Thiero;Chris Mañon;Christian Koloko
2026,San Antonio Spurs,Milwaukee Bucks,127,95,Devin Vassell;Stephon Castle;Victor Wembanyama;Julian Champagnie;Harrison Barnes;Keldon Johnson;Dylan Harper;Luke Kornet;Jeremy Sochan;Carter Bryant;Kelly Olynyk;Mason Plumlee;Lindy Waters III;Jordan McLaughlin;David Jones García;Bismack Biyombo;Harrison Ingram;Stanley Umude;Riley Minix,Ryan Rollins;A.J. Green;Giannis Antetokounmpo;Myles Turner;Ousmane Dieng;Kyle Kuzma;Cormac Ryan;Bobby Portis;Taurean Prince;Gary Trent Jr.;Jericho Sims;Cam Thomas;Pete Nance;Cole Anthony;Gary Harris;Amir Coffey;Andre Jackson Jr.;Thanasis Antetokounmpo;Mark Sears;Alex Antetokounmpo
2026,Detroit Pistons,Minnesota Timberwolves,109,87,Jalen Duren;Tobias Harris;Duncan Robinson;Ausar Thompson;Isaiah Stewart;Kevin Huerter;Daniss Jenkins;Ron Holland;Caris LeVert;Javonte Green;Jaden Ivey;Paul Reed;Marcus Sasser;Wendell Moore Jr.;Tolu Smith;Chaz Lanier;Colby Jones;Bobi Klintman;Isaac Jones,Julius Randle;Jaden McDaniels;Rudy Gobert;Donte DiVincenzo;Ayo Dosunmu;Naz Reid;Kyle Anderson;Mike Conley;Bones Hyland;Jaylen Clark;Terrence Shannon Jr.;Rob Dillingham;Enrique Freeman;Zyon Pullin;Joan Beringer;Julian Phillips;Rocco Zikarsky;Joe Ingles;Leonard Miller;Johnny Juzang
2026,Philadelphia 76ers,Charlotte Hornets,118,114,VJ Edgecombe;Joel Embiid;Kelly Oubre Jr.;Paul George;Quentin Grimes;Dominick Barlow;Andre Drummond;Adem Bona;Cameron Payne;Jared McCain;Trendon Watford;Justin Edwards;MarJon Beauchamp;Dalen Terry;Eric Gordon;Jabari Walker;Tyrese Martin;Kyle Lowry;Johni Broome;Charles Bassey;Hunter Sallis;Patrick Baldwin Jr.,Miles Bridges;Brandon Miller;LaMelo Ball;Moussa Diabaté;Sion James;Collin Sexton;Ryan Kalkbrenner;Grant Williams;Coby White;KJ Simpson;Josh Green;PJ Hall;Tidjane Salaün;Tre Mann;Liam McNeeley;Drew Peterson;Mason Plumlee;Pat Connaughton;Antonio Reeves;Xavier Tillman Sr.
2026,Sacramento Kings,Atlanta Hawks,113,123,Zach LaVine;DeMar DeRozan;Domantas Sabonis;Russell Westbrook;Maxime Raynaud;Daeqwon Plowden;Dennis Schröder;De'Andre Hunter;Nique Clifford;Precious Achiuwa;Malik Monk;Dylan Cardwell;DaQuan Jeffries;Devin Carter;Killian Hayes;Keon Ellis;Doug McDermott;Patrick Baldwin Jr.;Isaiah Stevens;Drew Eubanks;Dario Šarić;Isaac Jones,Nickeil Alexander-Walker;Dyson Daniels;Onyeka Okongwu;CJ McCollum;Trae Young;Keshon Gilbert;Kristaps Porziņģis;Zaccharie Risacher;Vít Krejčí;Jonathan Kuminga;Luke Kennard;Jock Landale;Corey Kispert;Mouhamed Gueye;Gabe Vincent;Asa Newell;RayJ Dennis;Tony Bradley;Christian Koloko;Keaton Wallace;Buddy Hield;Caleb Houstan;N'Faly Dante;Jacob Toppin
2026,Chicago Bulls,Memphis Grizzlies,124,125,Nikola Vučević;Matas Buzelis;Coby White;Jaden Ivey;Anfernee Simons;Tre Jones;Isaac Okoro;Ayo Dosunmu;Collin Sexton;Guerschon Yabusele;Kevin Huerter;Leonard Miller;Mouhamadou Gueye;Nick Richards;Rob Dillingham;Jalen Smith;Patrick Williams;Zach Collins;Mac McClung;Yuki Kawamura;Dalen Terry;Jevon Carter;Julian Phillips;Lachlan Olbrich;Emanuel Miller;Trentyn Flowers;Noa Essengue,Lucas Williamson;Rayan Rupert;Jaren Jackson Jr.;Dariq Whitehead;Adama-Alpha Bal;Ja Morant;Santi Aldama;Jaylen Wells;Zach Edey;Cedric Coward;Tyler Burton;Walter Clayton;Lawson Lovering;Taylor Hendricks;Cam Spencer;Jock Landale;Ty Jerome;Kyle Anderson;Jahmai Mashack;Vince Williams Jr.;GG Jackson II;Kentavious Caldwell-Pope;Scotty Pippen Jr.;DeJon Jarreau;Javon Small;Olivier-Maxence Prosper;Christian Koloko;Charles Bassey;John Konchar;Brandon Clarke;Taj Gibson;PJ Hall
2026,Utah Jazz,Phoenix Suns,109,134,Andersson Garcia;Keyonte George;Bez Mbeng;Kennedy Chandler;Walker Kessler;Ace Bailey;Jusuf Nurkić;John Konchar;Isaiah Collier;Hayden Gray;Cody Williams;Jaren Jackson Jr.;Brice Sensabaugh;Kyle Filipowski;Svi Mykhailiuk;Elijah Harkless;Blake Hinson;Kyle Anderson;Mo Bamba;Walter Clayton;Kevin Love;Oscar Tshiebwe;Taylor Hendricks;Vince Williams Jr.,Dillon Brooks;Grayson Allen;Collin Gillespie;Royce O'Neale;Jalen Green;Mark Williams;Jordan Goodwin;Oso Ighodaro;Ryan Dunn;Amir Coffey;Jamaree Bouyea;Haywood Highsmith;Rasheer Fleming;CJ Huntley;Isaiah Livers;Nick Richards;Khaman Maluach;Nigel Hayes-Davis;Koby Brea
2026,Los Angeles Clippers,Milwaukee Bucks,127,113,Kawhi Leonard;Ivica Zubac;Darius Garland;Bennedict Mathurin;Kris Dunn;John Collins;Derrick Jones Jr.;Jordan Miller;Brook Lopez;Bradley Beal;Kobe Sanders;Bogdan Bogdanović;Nicolas Batum;Isaiah Jackson;Chris Paul;Yanic Konan Niederhäuser;Cam Christie;Kobe Brown;Patrick Baldwin Jr.;TyTy Washington Jr.;Dalano Banton;Sean Pedulla;Norchad Omier;RayJ Dennis;Jahmyl Telfort,Ryan Rollins;A.J. Green;Giannis Antetokounmpo;Myles Turner;Ousmane Dieng;Kyle Kuzma;Cormac Ryan;Bobby Portis;Taurean Prince;Gary Trent Jr.;Jericho Sims;Cam Thomas;Pete Nance;Cole Anthony;Gary Harris;Amir Coffey;Andre Jackson Jr.;Thanasis Antetokounmpo;Mark Sears;Alex Antetokounmpo
2026,Miami Heat,Indiana Pacers,118,135,Tyler Herro;Andrew Wiggins;Norman Powell;Davion Mitchell;Jaime Jaquez Jr.;Pelle Larsson;Kel'el Ware;Kasparas Jakučionis;Nikola Jović;Simone Fontecchio;Dru Smith;Myron Gardner;Keshad Johnson;Jahmir Young;Vladislav Goldin;Trevor Keels,Bennedict Mathurin;Andrew Nembhard;Aaron Nesmith;Jarace Walker;Kobe Brown;Jalen Slawson;Ivica Zubac;Ben Sheppard;Jay Huff;Ethan Thompson;Micah Potter;Johnny Furphy;Quenton Jackson;Obi Toppin;Jeremiah Robinson-Earl;T.J. McConnell;Isaiah Jackson;Kam Jones;James Wiseman;Cody Martin;Garrison Mathews;Taelon Peter;RayJ Dennis;Mac McClung;Tony Bradley;Monte Morris
2026,Sacramento Kings,Brooklyn Nets,99,116,Zach LaVine;DeMar DeRozan;Domantas Sabonis;Russell Westbrook;Maxime Raynaud;Daeqwon Plowden;Dennis Schröder;De'Andre Hunter;Nique Clifford;Precious Achiuwa;Malik Monk;Dylan Cardwell;DaQuan Jeffries;Devin Carter;Killian Hayes;Keon Ellis;Doug McDermott;Patrick Baldwin Jr.;Isaiah Stevens;Drew Eubanks;Dario Šarić;Isaac Jones,Tre Scott;Nic Claxton;Noah Clowney;Egor Dёmin;Terance Mann;Cam Thomas;Malachi Smith;Ziaire Williams;Nolan Traoré;Drake Powell;Danny Wolf;Ben Saraf;Chaney Johnson;Josh Minott;Tyrese Martin;Day'Ron Sharpe;Ochai Agbaji;Jalen Wilson;Tyson Etienne;E.J. Liddell;Grant Nelson
2026,Boston Celtics,Charlotte Hornets,114,99,Derrick White;Jayson Tatum;Payton Pritchard;Neemias Queta;Sam Hauser;Anfernee Simons;Nikola Vučević;Baylor Scheierman;Jordan Walsh;Luka Garza;Josh Minott;Hugo González;Dalano Banton;Ron Harper Jr.;Chris Boucher;Xavier Tillman Sr.;John Tonje;Amari Williams;Charles Bassey;Max Shulga,Miles Bridges;Brandon Miller;LaMelo Ball;Moussa Diabaté;Sion James;Collin Sexton;Ryan Kalkbrenner;Grant Williams;Coby White;KJ Simpson;Josh Green;PJ Hall;Tidjane Salaün;Tre Mann;Liam McNeeley;Drew Peterson;Mason Plumlee;Pat Connaughton;Antonio Reeves;Xavier Tillman Sr.
2026,Washington Wizards,Portland Trail Blazers,88,123,CJ McCollum;Kyshawn George;Leaky Black;Bub Carrington;Alex Sarr;Bilal Coulibaly;Alondes Williams;Khris Middleton;Tre Johnson;Kadary Richmond;Will Riley;Trae Young;Jamir Watkins;Jaden Hardy;Justin Champagnie;Corey Kispert;Marvin Bagley III;Anthony Gill;Sharife Cooper;Cam Whitmore;Keshon Gilbert;Tristan Vukcevic;Skal Labissière;Malaki Branham;AJ Johnson,Deni Avdija;Jerami Grant;Shaedon Sharpe;Jrue Holiday;Donovan Clingan;Scoot Henderson;Kris Murray;Caleb Love;Vít Krejčí;Sidy Cissoko;Robert Williams;Matisse Thybulle;Rayan Rupert;Blake Wesley;Duop Reath;Yang Hansen;Chris Youngblood;Javonte Cooke;Jayson Kent
2026,Orlando Magic,Toronto Raptors,87,139,Desmond Bane;Franz Wagner;Anthony Black;Wendell Carter Jr.;Jalen Suggs;Tristan Da Silva;Jevon Carter;Tyus Jones;Goga Bitadze;Noah Penda;Jett Howard;Jamal Cain;Moritz Wagner;Jase Richardson;Jonathan Isaac;Orlando Robinson;Alex Morales;Colin Castleton,Scottie Barnes;Immanuel Quickley;RJ Barrett;Jakob Poeltl;Jamal Shead;Collin Murray-Boyles;Sandro Mamukelashvili;Ja'Kobe Walter;Ochai Agbaji;Gradey Dick;A.J. Lawson;Jamison Battle;Markelle Fultz;Chucky Hepburn;Alijah Martin;Jonathan Mogbo;Trayce Jackson-Davis;Garrett Temple;Mo Bamba
2026,Houston Rockets,New Orleans Pelicans,134,102,Kevin Durant;Jabari Smith Jr.;Alperen Şengün;Reed Sheppard;Tari Eason;Steven Adams;Josh Okogie;Dorian Finney-Smith;Aaron Holiday;Clint Capela;Tristen Newton;Jae'Sean Tate;JD Davison;Isaiah Crawford;Jeff Green,Saddiq Bey;Zion Williamson;Herbert Jones;Dejounte Murray;Josh Oduro;Jeremiah Fears;Derik Queen;Jordan Poole;Jose Alvarado;Bryce McGowens;Yves Missi;DeAndre Jordan;Micah Peavy;Karlo Matković;Kevon Looney;Jordan Hawkins;Trey Alexander;Hunter Dickinson
2026,New York Knicks,Oklahoma City Thunder,100,111,OG Anunoby;Mikal Bridges;Karl-Anthony Towns;Josh Hart;Miles McBride;Landry Shamet;Mitchell Robinson;Jordan Clarkson;Jose Alvarado;Tyler Kolek;Mohamed Diawara;Ariel Hukporti;Guerschon Yabusele;Kevin McCullar Jr.;Jeremy Sochan;Trey Jemison;Dillon Jones;Pacôme Dadiet;Tosan Evbuomwan,Chet Holmgren;Jalen Williams;Luguentz Dort;Cason Wallace;Ajay Mitchell;Isaiah Hartenstein;Aaron Wiggins;Isaiah Joe;Jaylin Williams;Alex Caruso;Jared McCain;Nikola Topić;Payton Sandfort;Kenrich Williams;Branden Carlson;Ousmane Dieng;Brooks Barnhizer;Chris Youngblood;Buddy Boeheim
2026,Golden State Warriors,Denver Nuggets,93,116,Stephen Curry;Brandin Podziemski;Draymond Green;Moses Moody;Jonathan Kuminga;Kristaps Porziņģis;De'Anthony Melton;Al Horford;Gui Santos;Charles Bassey;Will Richard;Pat Spencer;Buddy Hield;Quinten Post;Nate Williams;LJ Cryer;Gary Payton II;Seth Curry;Omer Yurtseven;Trayce Jackson-Davis;Malevy Leons,Nikola Jokić;Christian Braun;Cameron Johnson;Peyton Watson;Aaron Gordon;Tim Hardaway Jr.;Bruce Brown;Spencer Jones;Jalen Pickett;Julian Strawther;David Roddy;Jonas Valančiūnas;Zeke Nnaji;Curtis Jones;Tyus Jones;DaRon Holmes;Hunter Tyson;KJ Simpson
2026,Philadelphia 76ers,Miami Heat,109,119,VJ Edgecombe;Joel Embiid;Kelly Oubre Jr.;Paul George;Quentin Grimes;Dominick Barlow;Andre Drummond;Adem Bona;Cameron Payne;Jared McCain;Trendon Watford;Justin Edwards;MarJon Beauchamp;Dalen Terry;Eric Gordon;Jabari Walker;Tyrese Martin;Kyle Lowry;Johni Broome;Charles Bassey;Hunter Sallis;Patrick Baldwin Jr.,Tyler Herro;Andrew Wiggins;Norman Powell;Davion Mitchell;Jaime Jaquez Jr.;Pelle Larsson;Kel'el Ware;Kasparas Jakučionis;Nikola Jović;Simone Fontecchio;Dru Smith;Myron Gardner;Keshad Johnson;Jahmir Young;Vladislav Goldin;Trevor Keels
2026,Boston Celtics,Atlanta Hawks,102,112,Derrick White;Jayson Tatum;Payton Pritchard;Neemias Queta;Sam Hauser;Anfernee Simons;Nikola Vučević;Baylor Scheierman;Jordan Walsh;Luka Garza;Josh Minott;Hugo González;Dalano Banton;Ron Harper Jr.;Chris Boucher;Xavier Tillman Sr.;John Tonje;Amari Williams;Charles Bassey;Max Shulga,Nickeil Alexander-Walker;Dyson Daniels;Onyeka Okongwu;CJ McCollum;Trae Young;Keshon Gilbert;Kristaps Porziņģis;Zaccharie Risacher;Vít Krejčí;Jonathan Kuminga;Luke Kennard;Jock Landale;Corey Kispert;Mouhamed Gueye;Gabe Vincent;Asa Newell;RayJ Dennis;Tony Bradley;Christian Koloko;Keaton Wallace;Buddy Hield;Caleb Houstan;N'Faly Dante;Jacob Toppin
2026,Phoenix Suns,Memphis Grizzlies,131,105,Dillon Brooks;Grayson Allen;Collin Gillespie;Royce O'Neale;Jalen Green;Mark Williams;Jordan Goodwin;Oso Ighodaro;Ryan Dunn;Amir Coffey;Jamaree Bouyea;Haywood Highsmith;Rasheer Fleming;CJ Huntley;Isaiah Livers;Nick Richards;Khaman Maluach;Nigel Hayes-Davis;Koby Brea,Lucas Williamson;Rayan Rupert;Jaren Jackson Jr.;Dariq Whitehead;Adama-Alpha Bal;Ja Morant;Santi Aldama;Jaylen Wells;Zach Edey;Cedric Coward;Tyler Burton;Walter Clayton;Lawson Lovering;Taylor Hendricks;Cam Spencer;Jock Landale;Ty Jerome;Kyle Anderson;Jahmai Mashack;Vince Williams Jr.;GG Jackson II;Kentavious Caldwell-Pope;Scotty Pippen Jr.;DeJon Jarreau;Javon Small;Olivier-Maxence Prosper;Christian Koloko;Charles Bassey;John Konchar;Brandon Clarke;Taj Gibson;PJ Hall
2026,Chicago Bulls,San Antonio Spurs,114,129,Nikola Vučević;Matas Buzelis;Coby White;Jaden Ivey;Anfernee Simons;Tre Jones;Isaac Okoro;Ayo Dosunmu;Collin Sexton;Guerschon Yabusele;Kevin Huerter;Leonard Miller;Mouhamadou Gueye;Nick Richards;Rob Dillingham;Jalen Smith;Patrick Williams;Zach Collins;Mac McClung;Yuki Kawamura;Dalen Terry;Jevon Carter;Julian Phillips;Lachlan Olbrich;Emanuel Miller;Trentyn Flowers;Noa Essengue,Devin Vassell;Stephon Castle;Victor Wembanyama;Julian Champagnie;Harrison Barnes;Keldon Johnson;Dylan Harper;Luke Kornet;Jeremy Sochan;Carter Bryant;Kelly Olynyk;Mason Plumlee;Lindy Waters III;Jordan McLaughlin;David Jones García;Bismack Biyombo;Harrison Ingram;Stanley Umude;Riley Minix
2026,Minnesota Timberwolves,Dallas Mavericks,124,94,Julius Randle;Jaden McDaniels;Rudy Gobert;Donte DiVincenzo;Ayo Dosunmu;Naz Reid;Kyle Anderson;Mike Conley;Bones Hyland;Jaylen Clark;Terrence Shannon Jr.;Rob Dillingham;Enrique Freeman;Zyon Pullin;Joan Beringer;Julian Phillips;Rocco Zikarsky;Joe Ingles;Leonard Miller;Johnny Juzang,Anthony Davis;P.J. Washington;Naji Marshall;Max Christie;Brandon Williams;Klay Thompson;Daniel Gafford;Marvin Bagley III;Khris Middleton;Ryan Nembhard;John Poulakidas;D'Angelo Russell;Tyus Jones;Dereck Lively II;Caleb Martin;Dwight Powell;Moussa Cisse;Tyler Smith;Jaden Hardy;Jeremiah Robinson-Earl;AJ Johnson;Miles Kelly
2026,Cleveland Cavaliers,Utah Jazz,122,113,Donovan Mitchell;Evan Mobley;Darius Garland;Jarrett Allen;Jaylon Tyson;Sam Merrill;De'Andre Hunter;Keon Ellis;Max Strus;Dean Wade;Dennis Schröder;Lonzo Ball;Craig Porter Jr.;Nae'Qwan Tomlin;Larry Nance Jr.;Thomas Bryant;Tyrese Proctor;Olivier Sarr;Tristan Enaruna;Luke Travers;Riley Minix;Chris Livingston;Darius Brown II,Andersson Garcia;Keyonte George;Bez Mbeng;Kennedy Chandler;Walker Kessler;Ace Bailey;Jusuf Nurkić;John Konchar;Isaiah Collier;Hayden Gray;Cody Williams;Jaren Jackson Jr.;Brice Sensabaugh;Kyle Filipowski;Svi Mykhailiuk;Elijah Harkless;Blake Hinson;Kyle Anderson;Mo Bamba;Walter Clayton;Kevin Love;Oscar Tshiebwe;Taylor Hendricks;Vince Williams Jr.
2026,Detroit Pistons,Oklahoma City Thunder,110,114,Jalen Duren;Tobias Harris;Duncan Robinson;Ausar Thompson;Isaiah Stewart;Kevin Huerter;Daniss Jenkins;Ron Holland;Caris LeVert;Javonte Green;Jaden Ivey;Paul Reed;Marcus Sasser;Wendell Moore Jr.;Tolu Smith;Chaz Lanier;Colby Jones;Bobi Klintman;Isaac Jones,Chet Holmgren;Jalen Williams;Luguentz Dort;Cason Wallace;Ajay Mitchell;Isaiah Hartenstein;Aaron Wiggins;Isaiah Joe;Jaylin Williams;Alex Caruso;Jared McCain;Nikola Topić;Payton Sandfort;Kenrich Williams;Branden Carlson;Ousmane Dieng;Brooks Barnhizer;Chris Youngblood;Buddy Boeheim
2026,Washington Wizards,Los Angeles Lakers,101,120,CJ McCollum;Kyshawn George;Leaky Black;Bub Carrington;Alex Sarr;Bilal Coulibaly;Alondes Williams;Khris Middleton;Tre Johnson;Kadary Richmond;Will Riley;Trae Young;Jamir Watkins;Jaden Hardy;Justin Champagnie;Corey Kispert;Marvin Bagley III;Anthony Gill;Sharife Cooper;Cam Whitmore;Keshon Gilbert;Tristan Vukcevic;Skal Labissière;Malaki Branham;AJ Johnson,Austin Reaves;LeBron James;Marcus Smart;Rui Hachimura;Deandre Ayton;Jake LaRavia;Luke Kennard;Gabe Vincent;Jaxson Hayes;Jarred Vanderbilt;Nick Smith Jr.;Maxi Kleber;Dalton Knecht;Bronny James;Drew Timme;Kobe Bufkin;Adou Thiero;Chris Mañon;Christian Koloko
2026,Phoenix Suns,Orlando Magic,111,115,Dillon Brooks;Grayson Allen;Collin Gillespie;Royce O'Neale;Jalen Green;Mark Williams;Jordan Goodwin;Oso Ighodaro;Ryan Dunn;Amir Coffey;Jamaree Bouyea;Haywood Highsmith;Rasheer Fleming;CJ Huntley;Isaiah Livers;Nick Richards;Khaman Maluach;Nigel Hayes-Davis;Koby Brea,Desmond Bane;Franz Wagner;Anthony Black;Wendell Carter Jr.;Jalen Suggs;Tristan Da Silva;Jevon Carter;Tyus Jones;Goga Bitadze;Noah Penda;Jett Howard;Jamal Cain;Moritz Wagner;Jase Richardson;Jonathan Isaac;Orlando Robinson;Alex Morales;Colin Castleton
2026,Charlotte Hornets,Brooklyn Nets,117,86,Miles Bridges;Brandon Miller;LaMelo Ball;Moussa Diabaté;Sion James;Collin Sexton;Ryan Kalkbrenner;Grant Williams;Coby White;KJ Simpson;Josh Green;PJ Hall;Tidjane Salaün;Tre Mann;Liam McNeeley;Drew Peterson;Mason Plumlee;Pat Connaughton;Antonio Reeves;Xavier Tillman Sr.,Tre Scott;Nic Claxton;Noah Clowney;Egor Dёmin;Terance Mann;Cam Thomas;Malachi Smith;Ziaire Williams;Nolan Traoré;Drake Powell;Danny Wolf;Ben Saraf;Chaney Johnson;Josh Minott;Tyrese Martin;Day'Ron Sharpe;Ochai Agbaji;Jalen Wilson;Tyson Etienne;E.J. Liddell;Grant Nelson
2026,Toronto Raptors,Detroit Pistons,116,127,Scottie Barnes;Immanuel Quickley;RJ Barrett;Jakob Poeltl;Jamal Shead;Collin Murray-Boyles;Sandro Mamukelashvili;Ja'Kobe Walter;Ochai Agbaji;Gradey Dick;A.J. Lawson;Jamison Battle;Markelle Fultz;Chucky Hepburn;Alijah Martin;Jonathan Mogbo;Trayce Jackson-Davis;Garrett Temple;Mo Bamba,Jalen Duren;Tobias Harris;Duncan Robinson;Ausar Thompson;Isaiah Stewart;Kevin Huerter;Daniss Jenkins;Ron Holland;Caris LeVert;Javonte Green;Jaden Ivey;Paul Reed;Marcus Sasser;Wendell Moore Jr.;Tolu Smith;Chaz Lanier;Colby Jones;Bobi Klintman;Isaac Jones
2026,New York Knicks,Houston Rockets,94,111,OG Anunoby;Mikal Bridges;Karl-Anthony Towns;Josh Hart;Miles McBride;Landry Shamet;Mitchell Robinson;Jordan Clarkson;Jose Alvarado;Tyler Kolek;Mohamed Diawara;Ariel Hukporti;Guerschon Yabusele;Kevin McCullar Jr.;Jeremy Sochan;Trey Jemison;Dillon Jones;Pacôme Dadiet;Tosan Evbuomwan,Kevin Durant;Jabari Smith Jr.;Alperen Şengün;Reed Sheppard;Tari Eason;Steven Adams;Josh Okogie;Dorian Finney-Smith;Aaron Holiday;Clint Capela;Tristen Newton;Jae'Sean Tate;JD Davison;Isaiah Crawford;Jeff Green
2026,Dallas Mavericks,Milwaukee Bucks,99,123,Anthony Davis;P.J. Washington;Naji Marshall;Max Christie;Brandon Williams;Klay Thompson;Daniel Gafford;Marvin Bagley III;Khris Middleton;Ryan Nembhard;John Poulakidas;D'Angelo Russell;Tyus Jones;Dereck Lively II;Caleb Martin;Dwight Powell;Moussa Cisse;Tyler Smith;Jaden Hardy;Jeremiah Robinson-Earl;AJ Johnson;Miles Kelly,Ryan Rollins;A.J. Green;Giannis Antetokounmpo;Myles Turner;Ousmane Dieng;Kyle Kuzma;Cormac Ryan;Bobby Portis;Taurean Prince;Gary Trent Jr.;Jericho Sims;Cam Thomas;Pete Nance;Cole Anthony;Gary Harris;Amir Coffey;Andre Jackson Jr.;Thanasis Antetokounmpo;Mark Sears;Alex Antetokounmpo
2026,Cleveland Cavaliers,Los Angeles Lakers,113,127,Donovan Mitchell;Evan Mobley;Darius Garland;Jarrett Allen;Jaylon Tyson;Sam Merrill;De'Andre Hunter;Keon Ellis;Max Strus;Dean Wade;Dennis Schröder;Lonzo Ball;Craig Porter Jr.;Nae'Qwan Tomlin;Larry Nance Jr.;Thomas Bryant;Tyrese Proctor;Olivier Sarr;Tristan Enaruna;Luke Travers;Riley Minix;Chris Livingston;Darius Brown II,Austin Reaves;LeBron James;Marcus Smart;Rui Hachimura;Deandre Ayton;Jake LaRavia;Luke Kennard;Gabe Vincent;Jaxson Hayes;Jarred Vanderbilt;Nick Smith Jr.;Maxi Kleber;Dalton Knecht;Bronny James;Drew Timme;Kobe Bufkin;Adou Thiero;Chris Mañon;Christian Koloko
2026,Portland Trail Blazers,Los Angeles Clippers,114,104,Deni Avdija;Jerami Grant;Shaedon Sharpe;Jrue Holiday;Donovan Clingan;Scoot Henderson;Kris Murray;Caleb Love;Vít Krejčí;Sidy Cissoko;Robert Williams;Matisse Thybulle;Rayan Rupert;Blake Wesley;Duop Reath;Yang Hansen;Chris Youngblood;Javonte Cooke;Jayson Kent,Kawhi Leonard;Ivica Zubac;Darius Garland;Bennedict Mathurin;Kris Dunn;John Collins;Derrick Jones Jr.;Jordan Miller;Brook Lopez;Bradley Beal;Kobe Sanders;Bogdan Bogdanović;Nicolas Batum;Isaiah Jackson;Chris Paul;Yanic Konan Niederhäuser;Cam Christie;Kobe Brown;Patrick Baldwin Jr.;TyTy Washington Jr.;Dalano Banton;Sean Pedulla;Norchad Omier;RayJ Dennis;Jahmyl Telfort
